product_id,return_count
422879e10f46682990de24d770e7f83d,95
99a4788cb24856965c36a24e339b6058,80
53759a2ecddad2bb87a079a1f1519f73,77
368c6c730842d78016ad823897a372db,75
aca2eb7d00ea1a7b8ebd4e68314663af,74
389d119b48cf3043d311335e499d9c6b,61
e53e557d5a159f5aa2c5e995dfdf244b,58
b532349fe46b38fbc7bb3914c1bdae07,52
36f60d45225e60c7da4558b070ce4b60,48
7c1bd920dbdf22470b68bde975dd3ccf,45
e0d64dcfaa3b6db5c54ca298ae101d05,43
53b36df67ebb7c41585e8d54d6772e08,42
a62e25e09e05e6faf31d90c6ec1aa3d1,42
b5e13c9a353102f79c6206ff5cb61a50,41
d1c427060a0f73f6b889a5c7c61f2ac4,41
89b121bee266dcd25688a1ba72eefb61,40
2b4609f8948be18874494203496bc318,40
b1d207586fca400a2370d50a9ba1da98,36
362b773250263786dd58670d2df42c3b,34
84f456958365164420cfc80fbe4c7fab,31
0a57f7d2c983bcf8188589a5fea4a8da,31
3dd2a17168ec895c781a9191c1e95ad7,31
35afc973633aaeb6b877ff57b2793310,30
42a2c92a0979a949ca4ea89ec5c7b934,29
3fbc0ef745950c7932d5f2a446189725,29
154e7e31ebfa092203795c972e5804a6,28
5a848e4ab52fd5445cdc07aab1c40e48,28
d285360f29ac7fd97640bf0baef03de0,27
461f43be3bdf8844e65b62d9ac2c7a5a,26
656e0eca68dcecf6a31b8ececfabe3e8,26
4c2394abfbac7ff59ec7a420918562fa,25
3f14d740544f37ece8a9e7bc8349797e,25
a92930c327948861c015c919a0bcb4a8,24
4298b7e67dc399c200662b569563a2b2,23
e7cc48a9daff5436f63d3aad9426f28b,23
3eef0cb94ba82de806bb30ab743c7655,23
06edb72f1e0c64b14c5b79353f7abea3,23
cd46a885543f0e169a49f1eb25c04e43,23
ee3d532c8a438679776d222e997606b3,23
165f86fe8b799a708a20ee4ba125c289,22
dbb67791e405873b259e4656bf971246,22
4fe644d766c7566dbc46fb851363cb3b,22
7a10781637204d8d10485c71a6108a2e,21
d017a2151d543a9885604dc62a3d9dcc,21
43423cdffde7fda63d0414ed38c11a73,21
9ecadb84c81da840dbf3564378b586e9,21
19c91ef95d509ea33eda93495c4d3481,21
eb8c629f70275fd1c4f809116cce1efc,20
25c38557cf793876c5abdd5931f922db,20
bb50f2e236e5eea0100680137654686c,19
9ad75bd7267e5c724cb42c71ac56ca72,19
437c05a395e9e47f9762e677a7068ce7,19
386486367c1f9d4f587a8864ccb6902b,18
8ed094bfe076c568f6bb10feada3f75d,18
ad4b5def91ac7c575dbdf65b5be311f4,18
ee0c1cf2fbeae95205b4aa506f1469f0,18
0cf41187284d7f099adc8415a743ebbd,18
b114bf337c0626166abe574eee9e3f32,18
ec2d43cc59763ec91694573b31f1c29a,18
c6336fa91fbd87c359e44f5dca5a90ed,18
d5991653e037ccb7af6ed7d94246b249,17
c4baedd846ed09b85f78a781b522f126,17
6cdd53843498f92890544667809f1595,17
89321f94e35fc6d7903d36f74e351d40,17
b0961721fd839e9982420e807758a2a6,17
c230b471b7e21ff9060e68ee154afd70,17
08574b074924071f4e201e151b152b4e,17
928e52a9ad53a294fdcc91bcf59d1751,17
2a5806f10d0f00e5ad032dd2e3c8806e,17
0bcc3eeca39e1064258aa1e932269894,17
1dec4c88c685d5a07bf01dcb0f8bf9f8,17
8c591ab0ca519558779df02023177f44,17
6f3b5b605d91b7439c5e3f5a8dffeea7,17
7e0dc102074f8285580c9777f79c90cf,16
704ef63ad0ac345842ea734060a83db2,16
7ce94ab189134e2d3c05f496d635419c,16
2ffdf10e724b958c0f7ea69e97d32f64,16
51f876eb62be778c757503cf7f8a3b74,16
b623b7cb05ee3248fbe4a6ecbeed79a4,16
52c80cedd4e90108bf4fa6a206ef6b03,15
83b00325c13c44245b2c3a2befa62a0e,15
ee406bf28024d97771c4b1e8b7e8e219,15
93c902b021a9e594f658ab1b0351602a,15
a9516a079e37a9c9c36b9b78b10169e8,14
dab2413ead0edda9967edbc9bda2a64e,14
6c3effec7c8ddba466d4f03f982c7aa3,14
0a9bdadab17a9b0f258f64d11a0adf7b,14
474bb6b54fc608ca71059a6c4f7ecda3,14
e8316a4667e5870c85e906b1f062bde1,14
44a5d24dd383324a421569ca697b13c2,14
bbaef2eadf31fe3ea6702077398be06c,14
7c4a8bec217df1de0df2b5aaf8175b65,14
75d6b6963340c6063f7f4cfcccfe6a30,14
e59dd207c69d86e890febadc796d1078,14
19421075ae0b585f2dc13ff149e2119d,13
87a71ae93900ab55fcf685c8040769b3,13
e6b314a2236c162ede1a879f1075430f,13
6d2fde7d12bb6ff367dbda120ba8828e,13
601a360bd2a916ecef0e88de72a6531a,13
a50acd33ba7a8da8e9db65094fa990a4,13
ea44caac707f7f1325182a538007f838,13
c20a3f598c16d77249da67e81caa8317,13
a5f6ba3fe91a2e73f10b612131cb2404,13
db5efde3ad0cc579b130d71c4b2db522,12
777d2e438a1b645f3aec9bd57e92672c,12
bee2e070c39f3dd2f6883a17a5f0da45,12
7b35ccd93a2184646c03b70326626923,12
2028bf1b01cafb2d2b1901fca4083222,12
c6dd917a0be2a704582055949915ab32,12
8c292ca193d326152e335d77176746f0,12
2136c70bbe723d338fab53da3c03e6dc,12
bd6e6fce9ada76ea2db0f1912e8e478f,12
2fea0f2cec6b6324a277d4a61c2ed2c6,12
65266b2da20d04dbe00c5c2d3bb7859e,12
d3c044bd42d84a79e3b0c42662806a48,12
43ee88561093499d9e571d4db5f20b79,12
962a6951154f98f2c8e9a5b8b2bcf4a9,12
0aabfb375647d9738ad0f7b4ea3653b1,12
0d85c435fd60b277ffb9e9b0f88f927a,11
d2f5484cbffe4ca766301b21ab9246dd,11
fbce4c4cb307679d89a3bf3d3bb353b9,11
ef66e63137bdd1b2e44aa968646fc1e3,11
812f428f6757ab16c46cffc68f2e90c5,11
16679d68bdbed3fb97af806424d7f2b7,11
b36f3c918c91478c4559160022d3f14e,11
d6fe3b4ddecd4a8393c6a1385de3bfb6,11
54d7ad85b648d3cb2b7069ed446d7f35,11
63de2743d05ab59d85caa49e49459ac1,11
34d6306314a47fe15c1efdbc23302020,11
be0dbdc3d67d55727a65d4cd696ca73c,11
fb01a5fc09b9b9563c2ee41a22f07d54,11
a3daee3915d4fb98376e039ede6bdea6,11
7814c273ab16783d73a9863ebfa8b141,11
595fac2a385ac33a80bd5114aec74eb8,11
617186c3d97ea56c9c683a8a3974e8c1,11
a59fb60fddcc72a9878b7ed5cb69d8e4,11
880be32f4db1d9f6e2bec38fb6ac23ab,11
c857b96593773e940454e76efa8eabb3,11
d2085f7e0f9533605386960fc7e987ec,11
e44f675b60b3a3a2453ec36421e06f0f,11
c1f5307decb89342351bec53668cffd9,11
1bfb290d7273a442c874dbe74b4abae6,10
634256dbcd184b3757ffd7632c9fe52a,10
f35927953ed82e19d06ad3aac2f06353,10
270516a3f41dc035aa87d220228f844c,10
05b515fdc76e888aada3c6d66c201dff,10
c403e106353e1aa40efe783ecb39ed7a,10
97017430754804328eb9597b7f85da03,10
f646af315b0f3a597f69213537ca2199,10
fd0065af7f09af4b82a0ca8f3eed1852,10
473795a355d29305c3ea6b156833adf5,10
53ea9da485f6aed8a6f03a85831fe021,10
7b85e3deef35afd6ebed5461ee8f0641,10
57f2bc497c1a3ebe41ba7a06d78ed159,10
e0cf79767c5b016251fe139915c59a26,10
3713f19c71c4be21ced80738e2fa49bc,10
3e5201fe0d1ba474d9b90152c83c706c,10
9bb8ca338e5588c361e34eae02e8fad6,10
7fb04722aba7a2b632bac8f9819796f3,10
404a57563d487aecbc2b1a01d9b89aab,10
0e1fa2aadc04afbf8fb30200aeba06a2,10
7c68e7297c7df2535c9f0dcd61007f64,10
fb29f48bfea41db52e349454f433340e,10
4cc8bfa581f41841ce5e24aba773a44a,10
0152f69b6cf919bcdaf117aa8c43e5a2,10
64fb265487de2238627ce43fe8a67efc,10
e5989cd466f0714e1439b95bf6a279da,9
16bf176650a888512655cc94f61860e3,9
e251ebd2858be1aa7d9b2087a6992580,9
ecbe1ef7e2903ff8b1d704ba78fa264d,9
29427de7f8a9ee983d9dbc51cec569b4,9
50fd2b788dc166edd20512370dac54df,9
d493f5a208254fe85b3ab55d898461a1,9
d04857e7b4b708ee8b8b9921163edba3,9
cec09725da5ed01471d9a505e7389d37,9
3b0f7951038b105522c2d566b54421f7,9
1613b819ab5dae53aead2dbb4ebdb378,9
25f86162fee18735fffdb762dcb10d7c,9
5d66715cc928aadd0074f61332698593,9
027cdd14a677a5834bc67a9789db5021,9
ee57070aa3b24a06fdd0e02efd2d757d,9
00de7f393d962717eeeb2d7131a40dba,9
3cb39171fd36c50097f2dedbbe0dfe6e,9
827c4a77226a3e7ef259d61eaa775df9,9
a334304f952399f2161225628a9d2891,9
e9a69340883a438c3f91739d14d3a56d,9
f1c7f353075ce59d8a6f3cf58f419c9c,9
145028037adecb27b1a58cf9597676cc,9
5a6e53c3b4e8684b13388d6aa4afdf12,9
78efe838c04bbc568be034082200ac20,9
216bb0e0cd43ffd832e0973d35e0377e,9
76d1a1a9d21ab677a61c3ae34b1b352f,9
017692475c1c954ff597feda05131d73,9
ab1f9387c0627dd24000bfbc54fdeee0,9
ead3077a141a9c800d6a4bb9d0d415b6,9
82c3ea364e5480f335f6743ee725a921,9
2e511b5741ab14e7f5294df6f1310b03,9
cac9e5692471a0700418aa3400b9b2b1,9
2948658cb6abc82847412be7201bfc4c,9
2548af3e6e77a690cf3eb6368e9ab61e,9
98a8c2fa16d7239c606640f5555768e4,9
b4b817e5f2c4efc8253b4b679c653847,9
4413a608a42bd21bbf9d5abbd58c249a,9
a19b6951c75da43aad691622dd2f6abe,9
5b226d7c52f86ac72457617f78cff95d,8
e67307ff0f15ade43fcb6e670be7a74c,8
11875b30b49585209e608f40e8082e65,8
226be9996759442f90f73b7d24c6baff,8
f2a1b32f85cad59ff2a8444154ac25f0,8
45ba26803dbbdb26ec5757546929ac89,8
30ac6df06dc59ad72cf2f158fc2d904c,8
b24af8bca8813bcde4140ff8562f5e47,8
0a4093a4af429dc0a9334300e5c13ae5,8
583f158587cdecda3e8bdea694021e39,8
fb55982be901439613a95940feefd9ee,8
22c5ddc22ea8cae84fc9917def682dc6,8
8338cef8355d238f43711dcb9c0657b2,8
867dda95bbba37fe56fa288449fa122f,8
f4041d76285c2a34ad5013e8d287a400,8
7564c1759c04fc0a38f2aa84f7a370ee,8
c32b1155b886162db8e1ec114699a799,8
727a46f0b58a9ef165af9f7ebcfebfa9,8
cd48f265a63e13b762601f5f794c5fca,8
07c055536ebf10dfbb6c6db6dbfc36e5,8
49eeae59754cbcf1abeeffb8f51184ee,8
c3ba4e8d3cb30049213b682e751e9d00,8
9007d9a8a0d332c61d9dd611fa341f4b,8
acc444eb5ad26f79d5a11baa6a03c439,8
c9c6fde711572c1ad99ca12728c6af00,8
11dcc970f7a5581e1bf777b6da3f7096,8
ba4a91633739ceceb2b73b627e2cfbc3,8
e27e689c4ce425f2fe7e2a270fd4d2db,8
588ea3decc0d8e1d19ce6160c5b0da1b,8
781afe929e3016a667f5f439afd55fce,8
20531b0644a0719b8d506c4db3c56609,8
616042729c11849827291496b18e9ec5,8
e03102efbc2229024c89be731f0aedcb,8
036734b5a58d5d4f46b0616ddc047ced,8
3eee0fd6b877331481b1ca94b2c77319,8
f919da4f716dc149cef4551a322001fd,8
297b52b57d258e1a40202d4f9fb7e38a,8
b9311d581f5f341576a5a2892168355c,8
88dd63919fc9ab693803578a04a20209,8
569ffd16f8032478cbeb9800f2e94ba0,8
d678178aa4291cd25a755a90188375c8,8
5769ef0a239114ac3a854af00df129e4,8
12dc5e5d178b930cf87cf16e812fc2d5,8
93a12c289ca2b78e7069e469f5053ef2,8
f71973c922ccaab05514a36a8bc741b8,8
2b0ee2d07306f7c9ac55a43166e9bb4b,8
952670bc019a73f0933157ec82ff6e4f,8
086351823300e0339f6955b27998c186,8
54d9ac713e253fa1fae9c8003b011c2a,8
054515fd15bc1a2029f10de97ffa9120,8
4cd6ba4ea3112de8fc238307c4dc6307,8
566a4f2c4385f36d15c00dfcaae132d1,8
764292b2b0f73f77a0272be03fdd45f3,8
97f1396a5a1f7c07ba51784efdec44b8,8
914c9e9af640dd56f48764a225b00f89,7
13db47eae724e2848e12b71a617a3a41,7
86c43103446290e7efacad3701cd654d,7
986700c98805af229ab7ad51b95fa356,7
f40876e0ef3cd5f9132b1f16b04b1346,7
08c816d9a716567bf436173ef6f5f12e,7
680874c570dad71c0a2844cfbf417054,7
2ff995aead9c63a1f37a07b3664ead37,7
b40ec43bdfc6d6fdd65e882066a5c895,7
f819f0c84a64f02d3a5606ca95edd272,7
4c1bbc12438daec98a77243c2bf7a3ba,7
3db75f31b76375c502f64d550dcd1166,7
652698dafbccac29d78c7ba70dceef10,7
75c06ee06b201f9b6301d2b5e72993f8,7
2423252b2432f1803e4f29e0974c6cf7,7
cae79e3b5c787c231543fa415a20b5cc,7
4fcb3d9a5f4871e8362dfedbdb02b064,7
4ae634441e444ca4bc85903cafe98d73,7
70906e04da1eebf3d1b8791bd09ffe85,7
ec5b3c8bb77ad22278f6e9d719a83de3,7
8fa67e5cb309b9cd7b4438e15948bdb2,7
b3e40ff639c185b9d726b4b19c17e6cd,7
15859e3a8aaa3c192c10a91d8722abd5,7
9d8a0e115e802d845b4ce1eb794d1260,7
547b95702aec86f05ac37e61d164891c,7
5403528d987ad26e8d7cb25940411987,7
6adab229374835b551f6402e0dc53267,7
4a0c2a56e65c941a0bb9874c47dd66d8,7
a0b7d5a992ccda646f2d34e418fff5a0,7
86ecc269de40ba13205e7beeee12f26f,7
f09f6223e88af7f6de46dec6a437458b,7
6fb42788c5ef9affaa2fec30ca8b6053,7
2c0c951471371afa81e47d7bf8d20522,7
3225c54bb2785c33f49f50398fcdb88c,7
ad88641611c35ebd59ecda07a9f17099,7
5526b1ae9ab2688cf600783cece249df,7
0d9374142ba86a7c22357ea192bcfde6,7
acdf5c2a687407b37b00081300de0bdc,7
1bfe62f326ac7bec0f5a83c10cfff228,7
167b4b8c4bd0c401bea62f5e050d70a4,7
4cac1a12a6fe9ffba4a9556dbe582e28,7
7f72a8900b3d2fc8fa2635b7836d6e6e,7
e4ca5b20cfe1a020e15e36fe14e880ee,7
eebbed5ed3b134eceb717496c47652ba,7
0efc91aa52d1f0669126d3000a94279b,7
8e1446d14972eb9ba34dd6273315f419,7
173e9fe34bfe97f3a5e6dc57fe897b74,7
810cfa5dd36b001cfc186499381f72ab,7
41801d2ed5124923137ec39aeeea1e93,7
de17feec1983829fec4bc58cadaa43f3,7
a39cc58c1b5926b6f9f378daa89f1315,7
dd0dcee76f9c12fff4bc0eb641d57c7f,7
dc52f0f5d3ec37a93eaf956cde4e5d2c,7
61a53738adc5c0e8d243553320f9ba1c,7
18486698933fbb64af6c0a255f7dd64c,7
657247f6f60543b93e3cc708a8e6329c,7
18b0e642cbae7251e60a64aa07dd9eb9,7
363218ba55c610b750224f90bdd34be1,7
d39421ec4cc2bf52e35f8bf00f1ec314,7
044f05bc9de36e8a693a83e4bc79dd0d,7
7fab1a1472fdd934397068931f63f3ca,7
02ce467092b184e71d3967d29110adc1,7
c7fd13b5e515bffdab855d0812842edb,7
8232a265a535c1f886b38335667be2a5,6
1eba879220bd0981a0e2fbab499ed4e1,6
4deb009c36a910076a023947a7929201,6
feb4ade62e32b8d74c6f69f635057964,6
b47865eeb745bcbfca95513b46bd977d,6
bd6e8cf9fe4122c385da2bcb9f979d5d,6
42189544021ccb7369862e7ee218d828,6
24c66f106f642621e524291a895c9032,6
31c79131e883e5fd8c4c85fe9f7d2bb2,6
63085bb4366ded27bcb63cbb59b4103a,6
5f00c50de3d989194f0439e343480372,6
9ac1378f05cd222b3fb34a3cccc626c7,6
f699b297070aa38aaf3de9639302506a,6
5fb1e24560c31b0eaa1911d4247187ed,6
5c3eaf54e8ee5d5378765ff16df7640b,6
19936fa4f614ee0590d3b77ac83fd648,6
c183fd5d2abf05873fa6e1014ed9e06c,6
13a58c8c026b664e412003b4cbdc30a3,6
4d0ec1e9b95fb62f9a1fbe21808bf3b1,6
5fc3e6a4b52b0c414458104ed4037f1c,6
b1acb7e8152c90c9619897753a75c973,6
b192be433004cc1f10b467c0e9ea309b,6
a5a0e71a81ae65aa335e71c06261e260,6
4b96786612ebe7463132fce2c4dca136,6
7ac0d3f8ac5b60c13d74b02b8cbb4623,6
04c4a4b9c924494fcf82e0fba966f955,6
7612afaa8218e79b3011243ed9edea9c,6
8562e2c780a345b609e1b802d7e3e4ae,6
a8fd2715c837d04bac16cf90155919f8,6
703d742887bb9267f89b675608ba7aa0,6
4ce9ab528124f89e091b17d11aa2e97c,6
4e127b9ccb6eb1d65aee38a24803b2ab,6
247fa5b4e2f524a22b21ef256ffc23e4,6
6a23ae3187f1dac41b7210a8c7739d6b,6
810e2944bca9850b934e1570ba372e7d,6
8317b177579dd27ff068b83205e2169b,6
69455f41626a745aea9ee9164cb9eafd,6
163e6400e6dadd0fe04775c5e9331fda,6
7b83c11ac78f11bde67542beb12e8163,6
4520766ec412348b8d4caa5e8a18c464,6
7cd29da0653abeb444703cc5a957f479,6
62d41a80c366aa2d8644e3270adf8440,6
adc48fd26eea311ca6856b58dfc3ca21,6
e7db7c40ea6647c808d48581f1308d88,6
a5c9c1711f61d2b63cf996b4928092ed,6
ac1ad58efc1ebf66bfadc09f29bdedc0,6
2a2d22ae30e026f1893083c8405ca522,6
47920da896bbd89e851429c78a7a7a8b,6
58efb9b638561ce132216a9a612513e2,6
593236d0ff46b4299b4787fb8d43f7f0,6
ce6184189a523c1eb5fe5113061780b9,6
59391e840980a4bb6df5f44d3d734df7,6
642a40d4d73b4b2604968937de13634a,6
e9d4cb776e7adcac31397e6e1778e532,6
4c751914ccc83ec17b8913cffdee3c3c,6
aa8d88eb4b9cb38894e33fa624c4287f,6
5d7c23067ed3fc8c6e699b9373d5890b,6
2b939dc9b176d7fa21594d588815d4a4,6
ace5d86cf1ac63cdb76f49e5cd23d2f8,6
9545d45c37449ccbc376de3a04c66e71,6
aba86c093ccdbac75b09111d57e50004,6
4cb1a2850af275025f76f015e0cc79cf,6
79706e79825f7409ef032653a271fba2,6
909b87db6cb3a7ab26bd03cc59860136,6
e5ae72c62ebfa708624f5029d609b160,6
872db866d615db59612ac933f43d6b22,6
3625fbaf8284047185fb0351f2f84ae3,6
8b50a72d52d7a91fb19d19fbe069e2f2,6
c94d19d021d4a8fbae5a45f904aeea90,6
ab1ecbce7afd9f6e661baa24a5706c9c,6
2ac71e1960d313613f4f4cd468c602cb,6
391a014a66920fa0ce468319264e0232,6
c1ad8ac66c91ad301cefc322ba2adf31,6
70120d2f9b9193aa0030342072d8adec,6
3948f284081821f4e27ba8c23d4cbc9a,6
ecf23a6c1689e2bed38171ececac6138,6
a04087ab6a96ffa041f8a2701a72b616,6
ecf9484703bdfb9cfcc1ac9c2084b567,6
ed00a8453145186b3f071f1e3edef33d,6
c8c969c3a6423f48df9fde8a13e6770b,6
643d903164c4b6ba8bd0b68348e9d135,6
2b7aa376a6e728560bddb5558cc48e89,6
399f54c06661d06ca45c6e24ed238e0e,6
177d3d5bb9d4d29222a222e3b3554f41,6
1d691d8ace0e9d0e00de0569faf0ae04,6
17ad136b7421ea8690fded631b651158,6
dfb97c88e066dc22165f31648efe1312,6
b92a7304ebad1ca5b393b53b2de5c70a,6
42ec84ace63b58b8c5a7ba7be01d5fb8,6
fc5bf9e50dbfb45e7634bd8c045411c5,6
fb909933914c1f945839287e7c253687,6
73df0070248804951b5c6ba9537c6fc3,6
62995b7e571f5760017991632bbfd311,6
35ebf08a93899d44e756809e11b14754,6
380b4664ba5bb18cc9db78ee6bac3558,6
f8e75ec247fd97a5e1abcaa48e9e971d,6
b883409932bf862f43008f116a06cda5,6
5d6bea33648f018dbb563f3a2fab09f3,6
d011223de539cd224b5c5c8082313d46,6
b84520a57891e7a8ae2c68741dcc7146,6
8397dc503d1a0c2ac7422701884de5a6,6
a29c32ba19cb3a3a0a8184fd9f8cb6b7,6
d7b39598905ba8e791fe3f1f376d59f9,6
d7205c0ebebe2744d7c2e44b6d69cc95,6
6a23c2eb9acc78f8ec403be9c6210dd4,6
a0498bf8b8ff0c35a6b8c736a71526ab,6
d63c1011f49d98b976c352955b1c4bea,6
ee6c49af1a2de55aa0e076257ab4ab99,6
0705b33fb285827a578fce4899f1b921,6
6b00cb3fe05c73d0acef3fd949a34c0f,6
21fb5057dd6a737df6851a7ab7a130da,6
fe6a9515d655fa7936b8a7c841039f34,6
c5b72065154ec27c2d1ed8a654c3348f,6
b781cf30a200b5eff2787c2074d67045,6
31a89a7044c5b133cf646404a4e86022,6
279d5c3589fceee2a1c236fbe5287975,6
d34c07a2d817ac73f4caf8c574215fed,6
3c883b9d3fd2d0ce448d4136349dc0a4,6
1b43b0a6105ffaa6dae01356daec2657,6
71fc2a7d96a222b04e4131cfc006f265,6
59fc88d07b8100b80600e42f3e5ac79d,6
192a2c0fed2f8bed34ad458a073ed376,6
c708ba7c6269161f89ce0683cdd7c432,6
1c42962612d557f85753b24c2b97070f,6
aa95bee0592e05d2ef533b8e5b7236b3,6
57d79905de06d8897872c551bfd09358,6
06c6e01186af8b98ee1fc9e01f9471e9,6
7f064525eaaa1ce9d22c085f7ff5413a,6
8eae309a711208a0e5e41e110cddb1ee,6
211d04c14dd756f5e4dec38c19187fdb,5
0bb7cb61f1957f79dac582ab66ccdc1f,5
aa36c2127048efdcd47f4ad5b6b68810,5
87d780fa7d2cf3710aa02dc4ca8db985,5
21af4f32f6f1cab0bb13d7563dc06e70,5
0c40401eba358c9ef2ff2df80b6eab52,5
a91c1a94d83d36316c44e00e738607b1,5
a6883f92891e256b926bf8b9c40fbe9f,5
7d4f932dd4fa16256c20de073329eacc,5
5d790355cbeded0cd60e25cbc4c527a2,5
a5e74dc2d01e8b9df1590c7160358273,5
7172a7870fee91850dcbcb1f4de40cfc,5
76b7fa5da50b22fe17d1e7bbde661106,5
665aa1d687284a4d2d2b74c0c6724625,5
a5647c44af977b148e0a3a4751a09e2e,5
0dce093fc7ec4dec214256df878e3c08,5
3321ad579f19476d0d668f726f8dffec,5
332842d24e84234cd91299a225de76ab,5
40e8b425d1a26e2d9cb77363523e05ce,5
a42d9c825894f96fc6ed02610891454d,5
6a057a401eab3b3cb8083d9e42972233,5
6a0713a63e990052795623e76cc2995e,5
0ecaf0629e5e227413504f3892bd76ba,5
33fca9d59532dd4c191217a979346ab9,5
64fb13596caf118c438edc5c6ed2d50a,5
a02d0123079f4ae96001ba2010d1a2df,5
341d85d688ecc3353cf2a968e7ad0dbf,5
9fc98e39f04be8e382d8aa5e259f5489,5
9fc063fd34fed29ccc57b7f8e8d03388,5
9f65cd1fc2c7cf6ad8bc3d8c038abe44,5
0f4a3e29a1c122f94fe4c48c49d9cfa9,5
9f1c3e71d56894398a42b050b07f1baa,5
0fc6914383c2bea767a9562c9d8b43a1,5
9da950e8c8c482441f1b93955b21c827,5
5ed9eaf534f6936b51d0b6c5e4d5c2e9,5
1015f4f024ec3cd0f9516a779ece52dd,5
9d32095f76b97762307e86cfc18dd7a0,5
9b9d1c4bd979b93c138044e032f99780,5
99f5b2240b82bf9387e5cf2fc0335b08,5
99b4367cf2228c8a86922a0649bee6b8,5
10adb53d8faa890ca7c2f0cbcb68d777,5
fe8f341b1e20d2b1135245c3400a6e53,5
115e606ac8059e4cfa1c6c3310fb365c,5
fc37e09bb4dadd1eef5e92e954b1c72e,5
fc1d8637c0268af3db482c14b7ef8e75,5
fc1449f3ffc59fd2eb9640505aea0581,5
7d854ab97c64ef9df2bbfaf332765786,5
f9b1795281ce51b1cf39ef6d101ae8ab,5
f908d3bf313a1308bfb2a46ea2685347,5
56d45b2c27871322801134f57d1b9dfb,5
f8077831f3c3f393fb67b93c5acd8daf,5
4e8b71eebba5605faf020d7e2a5067c9,5
97b3b8e8ed22d0ceb3b3c520e806a334,5
f76a9967d2129cda56d7b3be6cb5c9cf,5
f5cb4f19ca215fb34aef190918d45f46,5
372645c7439f9661fbbacfd129aa92ec,5
f4f67ccaece962d013a4e1d7dc3a61f7,5
373c022e7383e108569b38098f3ed975,5
42697582a754e573f9e3e9e78752252c,5
f32af0a8b0bcb05b60f05e8907ad8866,5
f20a14d45e85b05ef554d10d7283f7da,5
6002665d65ee348dcd357c7bb2f080bd,5
1454b29e83ab2f8bf6b4102736498ff5,5
f1b8b583029e70fcff9db190d83b3460,5
efe89e1f6cc1e32f1971afcd4d56a4b7,5
ed08ea04c92f5f434c2362f7310fb328,5
83e68070fbf16ac859fc13285a5ba9ba,5
83d199d296c44101c8c3b5c9c0cce9ea,5
e95fb3a80ca294f39de925b6428f3a32,5
1600dcf1cea8c0c83702e07b577ab231,5
72a137b85d5a1d82cde242493f118f43,5
7e646f7e1e428a1ddde5a18dd9d42e95,5
19b7148be60fb48eb30c7eb0431c1a8b,5
e5eadf9be70a4a9fa514019542fc330a,5
3b60d513e90300a4e9833e5cda1f1d61,5
2a217b8a9a09c938d8db704d99d7f053,5
00ba6d766f0b1d7b78a5ce3e1e033263,5
1a080577618e7fe4d9ddd8fb2b47a964,5
cda185193c72c0eb8dde03f20f101230,5
525947dbe3304ac32bf51602f9557c12,5
f4f4debbcfcafe6858d1e37a1f6e436e,5
906b11f3bc3c98f883afa0eb67b0fac7,5
508d5e8ce8e79bb506f9f0c096b295c4,5
466d263ce8b7bd275003ee2104428127,5
4678fb24818cab9ec956d9b610435d9f,5
59f09deeea7c839a9212a19f3416b892,5
52e5fdcb5e51164483d584c75bd3a478,5
e3db46616e0d26551a86377bab9b0308,5
c6ea63369936552872ae890c82175b4b,5
e2bb00220a167d9e60b6776ac33717bc,5
1b474c650cb9407d32a1e066937b68fd,5
46e5995ddd4728e50343ef6bdb45b75f,5
e1da6ab77f4859eb17950e5df1c0f815,5
7583d9a579408cb84bbc7b0e4548ec18,5
3cce0d166c3fb2507956c630c1d0f87c,5
c448475cc4766baebabe30ee6d5f3fb7,5
c43ab4269cbf91b373263db4c2973cad,5
c3f6113d5b61bc95468432072b27e23d,5
c3a52053718435a35e070b991ff546ec,5
6bbe55cf8f85c87b6eebb775a53402f4,5
2bd9b51a9ab079e095aca987845d3266,5
62d8daeee0db3a60c234c2d1bfd10651,5
c23381297fa734ea441a15d723199fb5,5
2c4930c4b284c7b99db2a4c52071a45e,5
5aad359a63cbb4fc35ead44346a3eeb4,5
c1a940820f1f674fe52265f700f72302,5
17d8b8e9c21ec0fc5b33724e32fe422e,5
dd72d83b749ec911396ef3337e00b633,5
1c9b5793de6c3d9117b6218552c87a8f,5
8c5876b1c7768217964f353bc7e64393,5
5101f008a270fb10336de6703f32221e,5
bdeac558883a62ab1a048c8f3a0cdf3c,5
bdcf6a834e8faa30dac3886c7a58e92e,5
dc404a1496a08f9f5540c8b5d4b92925,5
dc3ecc737589882b0318d38cf8b3efaf,5
81288df52439985f610be64465e53f57,5
776ef0ee36e20757c513e64903f1fa8a,5
bc74f63361c15c1a5baa5b97ac432e62,5
8c38d21062ec6ee492c3500d01150b7a,5
1d3ecbda18167c766a3381fd16108e4a,5
060f0122cdc8f25db4a0d7359fdae7b0,5
bb90206fa281c20f0b4c42a2393b54dd,5
8b52d90d2e8716dad633486c6cc94ecf,5
5b3b5f9ae84ca9ead3138b199420cc94,5
03aad9707028422f38b0563410912177,5
b99e4f4fa3f421e0ffbd512d9f152dec,5
4914f8796af2ecd359fd8f44b9b92339,5
b8a0d73b2a06e7910d9864dccdb0cda2,5
b48d3e49914549b781c0b59f819b398e,5
b4436da747c3a53ab07ac0e71de17dcd,5
3eebb0207da828bf5376257ceca70959,5
1f2b62e693c588aef7be1f457137b15e,5
75f3ef6a5cb0f2d5aeef15925f0ccf69,5
73bcea88583002fe12b7399af4ae60da,5
93c480c7d11c68ba0a71e850da61b674,5
2fd89f236e3e8f4b81b7b74f09f40186,5
63a2b46cda9cae69cbbb77dc2b0165ac,5
3025eab6cff12d116410978c3e5fa860,5
18f6ea7e8cff29f8053baac6762449f9,5
af51d485dc5255ba2e18b21b550156e6,5
af0a99476d96dcc1a1baa7c0d9ff6b9d,5
ae52eeb8383b94455f0a08b1f88ad002,5
830102bc96abe72181372676df005601,5
66b1f09e746c05761bcaccf6339bde8d,5
3fc18e3aefe7b9346bd15de863fa0365,5
4a90b44b456e79e7a33435fdd36e551f,5
3fdb534dccf5bc9ab0406944b913787d,5
ac20a9614b6db9e7289b85c4f4b6216a,5
d1847c3f994dc0bb4d1248520ecb81f3,5
5cd07c84a1c25575ac2fc3fa73f1d952,5
d0825229639d1afa9bd533314e27d7c8,5
aa8e397582b49721494b929b3216b41f,5
20f160a9cf2e856ee5eba259e9ae33f9,5
6405e17a3e8718d5316c5d644320f253,5
82e4ad16521ca131d95e198d507db370,5
3b42242085259cb66b6e577ae5173c76,5
55979acc6e2155188d3a43d8afb0c7aa,4
99444c1e11fc38755dae86f5c67d3d1a,4
001b72dfd63e9833e8c02742adf472e3,4
10ee3576fcc55c71728a897eed8d2f95,4
98d61056e0568ba048e5d78038790e77,4
3570caaeaa3f5a1ae76392bb2b4155f9,4
11059273f4bc1a293777e98c89807c62,4
ff40459ce8252a72f01615a9aca8b877,4
1ec3e93251df2e23babb7daa30c52496,4
ff29d8cb1cd0cd5ea37b80dac9939e1c,4
5f46453d68bdb906e786b6e03e9236c6,4
5bd7e57735a44e529bf066fee83a9c60,4
1127c7ede26c4c4d41eb80848d0bdb32,4
fe9dfbe7f974621789683b7b78be2a16,4
32bb152336c896d906a6344cdbe1993c,4
98ae511715bfce7d97ef0ff1859ad05f,4
5bd6493a2d5a384987386f2696bae33d,4
b4f9530c931398e215242293c2c8ba4c,4
4debd977b5bc245487ec61b7961b16e3,4
22e1d28f941306826ef9642bc41822a5,4
70adb75b3b2e86cffbb697c90867c3f3,4
b4fc7e84dcaf2fcf3edb234e30362929,4
fe75529a267b76ac6e96f0c322a899a4,4
1eaf224c19e07b6e50bf0119eea1dd26,4
b60856ce32d90658dbf99b9485327c25,4
b83738ac1903f7c8f0ed378cb085909c,4
fe01b643060a6446e59f58e3021e66b3,4
5b8a5a9417210b1b84b67b9a7aefb935,4
44fc450365728c413fefc547592626be,4
fcb0e3bd6245e82cb0203dca6c126e43,4
4e064cdbe4079c84a33181a96cf5609b,4
7724d1e2711ecb5f0b7678257e1a1cc6,4
b90973ce80ba5d1fbc046fd8471acaef,4
32bcebd1122da0e45ac11739dd7a1cad,4
685a5d6795fa0aeafc83984918957827,4
8b5227e28272123eefd613a10ffd7704,4
1de1332e38dc2f575edfeae165edea4e,4
98615693c104cb69e8746bdbad198317,4
48f866f20b5b6015a324210988e73387,4
a8115d34a4b7b74388da609692162c37,4
aa5a88580b8e6e569915aa42f1526dfc,4
11fd9d7ba552e1d28872e008acf1e050,4
ba74c6b75d2ad7503175809688d5a03c,4
2e0ce433616916840a405d0853407af8,4
a3c485c1ba93a314a9606492aeb0072c,4
ba80c9f47a84d1e08465f72e22930c83,4
baeb8e1a680cf9e1f13557d74b6cec3d,4
bb42f37fc3d9130e4a4339d24a47dd7c,4
fb6782985a98aa8a59238f58239f6f1e,4
854f1672c41eaa84b3e3a79e06146f63,4
bb7181410b4e02f93f3697f765db53c7,4
063daeb82f41e36a160549515ef28e75,4
8bab563be2e3316280e3990af91da7b7,4
8bb27b1d96be90b36b8d0c7f30931d52,4
fad824f446c61e0e6e1e8644c17a9f59,4
1d6d7be70107889e3193819aca4dc1dc,4
fa304c5424fd292aed9c35eb36d9f495,4
fa1faf99691e04a296f0f8d11c58ac24,4
f9be8e0e5acd947d8f49dbc390b9ab20,4
44a34214a57dc373dcd80f54c919d006,4
6ab6d9589ae19abcee458918d4779fae,4
f9af3e675a59ac5c74736e8f6e501f6b,4
5411e9269501a870cabf632f05655131,4
7c700504b3029faf7052e5f8e2c83b04,4
540a93038cc8b4c42ef0821b2cf067d3,4
bc4a074ab7a7ff14e98fa64671a79dc0,4
f8a7665279f140d238371c8e7604c204,4
2d4d78eecba060a7127c5f6a21cdb0c7,4
2d27434c710806b971a721da337a112a,4
bce474cc95b6e77657e10939b0b4248c,4
aa5d6a9bd4be367ae1a3a29c323c7c11,4
3354a4e684f5e7199f9407db70ccd92b,4
a35a9f46dcee0a67c8c7ad8493eb4135,4
2d00c3b37b984686777190e2e6e0a7b6,4
f7e0b1caf4e8709c62147484d5b1aa6a,4
3db0b74faf0d26a6b252528659d6b849,4
88c20c5a22f2ca169af8cfc2df00a7a2,4
69ddf2dd08328f81e57bdaf72c4f3b03,4
5ac4f7986643a944501c66a2257bdd73,4
be127a8a979cd5d591ea345f10bba28c,4
9759a740aa84f55b71c0c8c306a80737,4
2cce627260aeb5a7d459a788e458bd5d,4
371fa349d92646bbeea5873df0bcdc5a,4
bf128711128b70eaa9e07df69e9a75e2,4
a2a1d57880bb40e60b59530ba0177ccf,4
7185389e32acf9c5c5f61e6a23c0ab3a,4
9749139e09929de55d37e68e64b89706,4
bfc275f6de912665e4dcd8da32f43c10,4
211293b50935ced8d4370f552c482d74,4
c1488892604e4ba5cff5b4eb4d595400,4
e1bf2f209fd2b08e1af3ed71732d9008,4
47cd48073d67f91f09cb5ef9496c920b,4
ac44def10e24998cdee20a208d691127,4
f4d705aa95ccca448e5b0deb6e5290ba,4
47c064333cf67e5cdc8243db3f095767,4
8d1cfc0463b545928bfb4e589e017bd4,4
c211ff3068fcd2f8898192976d8b3a32,4
c234a60a994181f45605566bef8fe3b4,4
f3c5707e7c539ab6533e3611da02b648,4
f361fccba568fabe00db466f80626d1e,4
140568dfbaaf1a45e378cb87a346c91e,4
c23bb9673ec1f70f31171d5a7dff1260,4
679d1a26cc192f14e7e30ae397f8b089,4
86b22a03cb72239dd53996a67df35c63,4
82758517d6c9cc65c509781f1e14e9f2,4
4ed86bcb86407328452ac1c5b3b89d67,4
f2ecbb02b6da187a9f14b8ac5781faec,4
f2e53dd1670f3c376518263b3f71424d,4
c2fb73db15e28aa021dcf7b2856fef27,4
f264c1d9b20b5e4a340254d0405e613b,4
2265e8aa066cc6c4528d4be900eb5b64,4
f201c94e7d8aa11b6ab049d69730309d,4
a291cc846d74d97f01611894f983073b,4
f1fe595ee7ef768b41bd9b246d13432d,4
679a3e5e1d2bb68982be5734c6e55e63,4
f1e297029531521190bb2312a90df567,4
001795ec6f1b187d37335e1c4704762e,4
7b32b1b87594b60dced8abb4531d2986,4
84d0e98e468edffdfe4f1f5b178d4ecc,4
0a783d7ce18a37749c3a059cf829564b,4
c3097e07a0a5de0d4b4c836d90c5a284,4
f07ef9dd6e2d9a366ff30a25e210be70,4
4f18ca9862f511ecba98258b2194d061,4
c389f712c4b4510bc997cee93e8b1a28,4
83fb98f2457985e6333f2e307adc5864,4
a2105c8c0d5d99dbc5a2a9ad94321e5c,4
97170c28efde1b426f1c52348fe1c086,4
efcef300fe9b2c558a8ea258127f6e6f,4
7c55ea4aea1acf1ce11440010f5aa298,4
759c85bda80286f647f1f71b847c6457,4
25e2023ed83352bde98dc1490d14c3d8,4
37fe4cdce8bd0f643d3f943a6a3b8e89,4
8de2f47b78997a49459d4564b093fecc,4
c55fe8cbb36a1353e443dc9e773b80da,4
03511a5e5d4c3d8ef00f1578e1419800,4
c56400aa5823575d5a92a8f98077490a,4
628f5ed6c14790dcb9233c8dbf596175,4
817e1c2d22418c36386406ccacfa53e8,4
c5d8b84a90f73bd09c30e71e76caaa11,4
3c5ba90e09547db90868e803d139de30,4
7dac8901a50cf3317d5372cbd3186ecd,4
c73628b1c3144b2e0c9c88072f21a213,4
020a80cb704bf65f38761fcedf2af192,4
ed464125465d8ab04c3615963d27395c,4
c82e581a3ec7e992cd06723b0caae96f,4
4a7056788ce9287c76ade358f2e2572a,4
c8abdbe349a97073e7aebc795be55bd8,4
59c6d60f81179f563785a48de25532b9,4
c8e7965a98acecf61c4cebbaf5c08c53,4
52b3af7304d611855714d9b3d1724ea7,4
c8f7df520102efbaf9927f5acf21b928,4
c92f0e7b9d49a9543558d6532772441b,4
ec96b7b4e1401281edb9465d0d689cae,4
386eebb43722ab502f04f7900bd2451b,4
158102fe543dbaeb84d87811bfe06d0d,4
4a69baa66a13d1adeb41cfe3bc0c27be,4
625dac8156b3157351e7257305148f3f,4
8382f9e2420867093a37399229d3dc10,4
811f973313e8219988a69cc140c447f0,4
eb9a3adbcce4a03f2ea0394ec01a58ad,4
c9dbe2eec19a8093cb5ac57486531c18,4
ca9c04665b3deab07935392e7432cdbe,4
67301eee7b845f54ee9df341fb8393de,4
014a8a503291921f7b004a5215bb3c36,4
cb6c1c21ebc9c153a7baf319c515657a,4
64d0feb1bcf9c7fe7b5dad3271c10910,4
6c706bd66d6df5b9eaa716699943efd0,4
2a6d3f9c3a96e62e0ca38559cbf6410b,4
ea3be87c5c6c69043c9eb7836199c200,4
500870614ddcf5bd84f7d26861026c8a,4
3bebad3cf2c8d1a8d3ce97174643e054,4
cdb2ede3e6744ad7011a7305b95442a1,4
90ebb732ad20456afe8516eb5fbf75f6,4
a0eef953cb25bc9ae40457e1c3c82946,4
33c4b54c2a3e60ac5beb217d833d9f52,4
ce8a29973a1fed3f8d22ea5514d9ea07,4
91442659f31ec0f0fc73215e77854fac,4
3b91132e7eebaa17b615edbcdb5baa8e,4
28beefcab28e6a3b659bae1bf1cbe453,4
ffedbd68fa6f44e788ff6c2db8094715,4
42a2bd596fda1baef5719cb74f73030c,4
cf857bce01d442bb8631a548a4432def,4
e7be84ea9462aac5e2b0b08eb35ba7f1,4
cfb763496d9fc48751a27db4fd02aa2d,4
e72e59338050d312832e22ea7aedc0fd,4
e729528d0513c6dfec158a515a47187b,4
866698de88814bef4b451bd37459723c,4
457cd0a99cfa977993e4eb6d98d95abb,4
ffaf0af7eebb57c7f262b51ebb05dfd6,4
cfb79bfbdaf59cfe2e9ae0a071451f32,4
d00f6c52d2730de05fb409f09ab6e732,4
199dfdf7a1862dbcd8ad039e48d58355,4
5637032095493f280eae8d9da00da6f1,4
0eb8e03d4ef83152c4642b606b5bbdec,4
610c673331ac3c4fa0f393ce5af9aa2e,4
38ef617a023fc4398829dd8c2b9e8be6,4
e5ea77a1575b40961598bca64f081976,4
0ec5f6f08cf32bc916d0ae089696a44a,4
610e045d4ebcfde8d0c8991e8b1f39bb,4
0d146484c69d613fe015c0229056b065,4
550dc4417c636abc04c71404342de695,4
a06766fec51c96d4d0bce282906735eb,4
3215010238fcd9cab6ba7d2b81a6973d,4
a04f52ded97b5530e8783e3c002b90f0,4
3904e66405ea8ec8d104534682a38c6d,4
2043cae78c8b731c405c7329a05154b2,4
7703b8cb5b77fbb36518ea91e2ca734f,4
af16005fca813272caf59c432153949e,4
e4c7ed7a832858c17d60ad5e38b00aba,4
a52dba3d501f168fc53246f8f8798249,4
612c7f49d1026f7beded75464b574f81,4
4180a49d4b879e727ad2c8e82a9f4d87,4
291c4f64b5862ed36fdec5f3df710613,4
8aa6223e400af9c97b07c75993142721,4
54e5939fcd9ae70ad0f59f612d6d29bd,4
42bf9ee410b1247f0223626107834b87,4
81de659bfde3389fc8614bfba92e585a,4
4b703444923b5e57bb73ba343f5ebab7,4
e3af4b7c220aca1535b34416de24dfb7,4
0d94e21c8156ffa3dcb77cb1d456ef80,4
9fe172fa8e662ca8572cf12abf8bce23,4
a8856d651600289b162f857e26838480,4
09c3a2ea33f044aebffecd6681e00133,4
407e01944d78001dbd21da4c2059b8dc,4
e1723cc3f4bc8a361b57f8c8b97959af,4
a519511d5c5c1153c9f636288e50f819,4
09b0d15a8cc9a84e7af7e0225f67dc45,4
6e1b14d3cbb5fb3a2c00351007127dfd,4
0c4e43e25f781898363a83f9a7390ebb,4
e0bb3159111d86828b5caef8725ff055,4
50e1b118f266b655f613f753914c42db,4
4cb6e86e1328e77e20b5f90771683cbe,4
af56e0203193f066ed64cbbbbf95ae6a,4
afad7a4420a4348d41da23ed8d0902dd,4
7b5d8be0e04080e4c8ee6a7ec2f1f597,4
b00a32a0b42fd65efb58a5822009f629,4
b072511d69a5b161d8e80815898ed960,4
81dba264e2c91829b19c58fa6eb33072,4
42e3e1a52d783ace62d11a17c88c1324,4
0c4a0f8ab44f9acd2d04e7024f9ba362,4
441cab1deea761934372ba090ad7cc24,4
9e8762176dba8eada7ed0259e69c3423,4
72d3bf1d3a790f8874096fcf860e3eff,4
9e0e152552a1323f7e5dcf63d50cdae3,4
dd4c3b4ab7e001aaf385ea2e68952030,4
09481a6dfe9eb590dc8b265b54dc4c97,4
86133a2151bd98a3ed2ad758709e6d1b,4
dca8cbb1c9d8a2db0fbc0c36b8d1a7bc,4
6e77b89d36e50217e6793780a8ce5c82,4
dca18a6e2fb6da75092ed874094ed7b6,4
dc9471db933efad7bf0ce685380578bd,4
dc68ee0fcb033a1ab6714fbb5db60c15,4
51250f90d798d377a1928e8a4e2e9ae1,4
b09790edda54333116f9cf1decc580a1,4
4cee3d875eb2f9d331aae01b8c4781e8,4
41c24b8ce92d1a2cac62db5edfd088b2,4
41cd333a4af5e36df81fc0b83ccf8e2d,4
349ce46a0e2e20054aa9d80c48af8816,4
db6677c6f890ba1730c0b75bd8132579,4
a996a4fecaea5e7e2638d2c5078ebf4b,4
b0c89945c034268074f5f80b362bda34,4
9ddc4249779322828f89d2a9c04f7ee1,4
9451e630d725c4bb7a5a206b48b99486,4
a4aa7c1427c31344e5f7cc3d839fe562,4
db25a58a5da5dfe2fd19f2604491bd27,4
b0f4447a9530af5f5bc2d17091704558,4
b10eba910a974df70b8a12d0665cdb9e,4
2fa5da96109ea94cc9fb50cc589ed65e,4
1871f846d88e6b0632e1058b61d35964,4
9da0bebb7f9168679e748abbfad05edd,4
da6f9d8ce4950ad572b7b4fe7d7e6c90,4
a99b67c7e525bb5ca667e1aa284c28e2,4
187e7d92b8168c3661824809d0c5dffb,4
5c692818d313aa12864b48ac0c2472c2,4
b2855c4e42b8a50f359904c6763eeddc,4
93e27ca75901cf1b9d641cd11dd9f6e5,4
5176d8670222d50ebbe4d4c5dfba2b49,4
7435b3acc47c0cccaf692a61002d8908,4
0db4869ac8a908414823d44d742f5ba3,4
18a43ee7cdcd2dc5be2f2f063ad7a2bb,4
d5b703c271f43f9c588a6f512a00f77e,4
a448325c57fbf792a2f6ac7d1b730917,4
b3dc35a7b0042136507e1c174bd7cd2d,4
1f5f0f003ce8595ad88fb215ec1409e6,4
9ce62e73b4ea1a6c74b68ba57aa1333b,4
2481a472d98c582b46bc2dfeae6f539f,4
568c923625669145cc9a644856fccd14,4
49cd59957f1c81427ca0b2edf5696969,4
8828464e34fc3da3892f568218e14d61,4
9b169f20f1b0ad0cd0d53d6d5f12e20f,4
54a3b009ede4097eff76990e0fa8553c,4
3a806ac1ab98107febb4ffcf38bc1fac,4
92c92e54ea03085ca64e3556bdc18689,4
638a9114d65182d28b1cf8a99e72d90e,4
5bfc7506459ae2a7b4b573fe557a58e1,4
d338536d3bfc9f482ee40f08bc22cce2,4
44fded21627553d1886d459384bbce06,4
4d94f51353a058d28468a03ebe1aae33,4
51ce083cd2b9078656a94655ab45b8a4,4
7721582bb750762d81850267d19881c1,4
d25bbb182b51d1594fe3b54a27ae143e,4
68a058d125ba1544e726898f0b8c0523,4
10717ff440b2320081989126e858b220,4
9a4b54310a69c82a6773791c9099e109,4
4d9e8a6d8d07e4f47e093b8c2999ae01,4
d1859a58e608b68f4066e0c77e526ef1,4
2239cf6b4421c4bd57f8a87127800929,4
99f265229d46f700208ad7cb1ff48aae,4
80ec2c3e9b6567d1b32714e79282d57f,4
3af4f5bb8b0616387fe23646fa94e256,4
d06466afa11453b6450b70992c90ece7,4
6c50c87e36d8641d67fbcceed5cfec5e,4
d04bbac48960ecb7ea311b00ca6e1cb7,4
31a2f42a87890f87d77daebdfabc182e,4
8b51c6ccc9c0548c951214e1cd1547ff,4
3b0fbb3ab5b1512278d2e1c695b07e85,4
65223c26538a2226610efc437e488b77,4
d016a1a4d0898c213be8443b0c99c784,4
994ab76f0da3349fffcfe5d598e9babb,4
35557c68a22ecebcf066e25ca2ddc144,4
9226bd32a68934187cdb36243076ba99,4
e4d325bd1eea550509bdbbc5c3301fc1,4
28bc7d95951d962dd5cdda791e07b56f,3
457953cd3ce26e8f7c9037bfb9e19b14,3
44aadbb26d5c81d9846b0c48bc00d7a3,3
44afebe5ba695261a126f43a4b29d814,3
ffae6024df16802ba75f761d9aa24367,3
58bef3ad35aed45b92cf03510e6cf5ce,3
754bbcab20b7ec2572eea091259f65a9,3
81d879a43537a2803762ce12282ccbc9,3
829874309190054ac199e75205ad6b33,3
45a6892a98568b366b52ffeec9a03691,3
85095e161b46d68305c1293b02c27d23,3
85b39215c2d7de985b5a34b759255d03,3
87283a98b24f9f1ac3a31b631073cf47,3
45bb83550ff78aa259858ff41921129a,3
87590844d536e6b92ecf707a50b1c2c5,3
875fb9ce8ae73f00dff3c9e0f710fe84,3
45df8892a1d74d2e8f960dc06625fdab,3
87c622f009c352a3c10cb90169b2a21b,3
87cb507e0daa37bbf34956fd59eba832,3
45fc964dc03d16147f82dbe844e2cdf1,3
887dba291adc295b57b5778ebc8b4060,3
88a3f73bd7326cded0153029c775d145,3
88e84a987b4681434dedc0bc9e00826b,3
896a64a7f34cdfef2c60ce59fa2a148f,3
89e4362d74afa10ac57f8d67210132a6,3
8a443635fdf9759915c9be5be2e3b862,3
8c955afdb3e69c856507b4a7c0085ee3,3
8d944f9367ba7f153e0ab5b6dc7d063b,3
8d98dedc3c19de17f1a090195e85d6b6,3
8de310188938fc8abfe1aa7ee927ccd2,3
8e910a5a78e3378d8c570c13e143d631,3
67352926da43ede7a129a72ed744bc74,3
8f3a83d431c7066aabd357f3ad3590a8,3
907539b8216ca1250e5e974b4047699d,3
9093d520c7871c0d57998f4b5386870b,3
016cae136d358dcdacbd7ac9f1864c09,3
90b58782fdd04cb829667fcc41fb65f5,3
90ef6790cfc145cf45f9c476d1f47af0,3
913580fde3e72c3b3e4ce0b79963bee6,3
91497eff4735d835057824111f9532b7,3
915ff35b0555b98fe64bc60674da4c43,3
6fd82d8f842424334fedf31190e54d24,3
921d31a1daa51460b7a95ea5f3ab64d5,3
92c1eb75a887a500d9689fbad65e27e3,3
757e8df3e7c5c52482db573f5f368e1d,3
933f4f76eae38d2a97ecfb7c6355f0bc,3
01da7f08d8327e0b4fab7edaa0c417a4,3
9394a725ee7e3f1da0d6b22b046cc8d4,3
01ef0716b68c8493434ad32430c24e18,3
59ebd2c07d59483d0855b5b3d5e18728,3
59eec1e2c2e1a415ad74e82178f251fb,3
01ff1ff8aa5dec93e9938b989393a4ca,3
94475071013412139f862c0bd7e3bb37,3
946344697156947d846d27fe0d503033,3
0233dd6f06e23c705ab76dc3ab165837,3
9483476ac5b7549f7df5ff12fb6fb5d9,3
953439fbf9090e2362532905d89b991f,3
9565229244e9341fb8c8069879cf73cd,3
964093075b6885bfcc6520dd216e4d8f,3
96ed3b4b62790bd962aac0b317109be4,3
96ff741d2c7879406ec3054d6b2a11c8,3
970694629024df557d9b71b3088a488d,3
9754ea6652dc3e06be088797f85f4ee5,3
97759b2e2035fcd87986a43119b56c7d,3
5a0c21ad6b82a1b61856e48ec959764d,3
978859c6048ded0fa8bf3b9ea8236387,3
979473e8af1d4eaf4b889a0ba32834ce,3
97fd40ea17a0e785880ce09373b2900a,3
980036ff323e235a27b7999d343a8990,3
98b22c1129886cbd7fcae69d1c93e442,3
98ec655119c24de03b804696821f3955,3
98fdc6ec1dba6a058adc43e511493898,3
99903e1e018dd80869032e7e79802059,3
46f739c1cd676603026c0af4d29ef7a5,3
0364c36f8e845e4d309c0a3accc04b1c,3
7b2c4d6fa7d8e50000ac4c7fca609790,3
9a0620ddaf3055b7e588e936e036a529,3
9a29b754b7fc0aa8eeb990103fcea4fc,3
9b447644d291396340ea3641fc70d132,3
9b462e55a70e01cfd3f9686d12e11f09,3
9beabf555d105ca84a74570e39e64852,3
03d10117bf5dbd1e4f194566be73de5a,3
9ce4603565c839785b24a7e95e28f4eb,3
2bb11ef7e7d20cb8a80932979464e7ce,3
03e931f387c2dd5b006aecdb12515b2e,3
9d395a6bc9dbad2dfe60c8c92d8df397,3
47376be1404bbe927766e8a9011714cb,3
9d6c66334a27b9dcf34b71cd371638de,3
9e10ae46a3021a02f1692448ef9fa1db,3
9e10eb05d9f369d5c38c475425cc2ee9,3
9ee8c8a931dd4d34148aa31f54ee93c1,3
5a47c5b5c3866f29177d497727f22f38,3
9f7fa43dfe21e43d37d65a6f2369c6ed,3
9fc0c73ce4d0eaaead44e81eeefebeb0,3
5a6b04657a4c5ee34285d1e4619a96b4,3
9fd9505539e1c67c13e4ee824fc1e1cc,3
9feeadd6b97835152e83e1b25b46f5c4,3
47a67549d9b00310453dec1c3902e391,3
5a7373ba4c9b3e13513ded06cd1986c4,3
a0265e3673ba47db572b54978126f6ae,3
a0b7b660f3ff79836867de402e158770,3
a0cb23ea9b98f51407ac7bd1fcd29c2e,3
a1a97164f38cfb98511eb68e6b40ad94,3
04d70d184a7c12c93cecd9c0d8b5ad69,3
a1e903cd2d23763ef8b85ec12eb79d9c,3
a1efe4a86746c22541813e22e1d23e33,3
a2a91fe6d8762e0371abd964cef88ec6,3
a3349ee806d1e1e98d582a2aba5cedcd,3
a3f487d2926f4af42e86454a8ec474c1,3
a45af86c4a7948f5fabbb5b0132475cd,3
0502d1a36be75bd36b452f31c6ed264a,3
a4d8f727f92014da5dd64116af14634c,3
a4e80cf9e254dc776a1d57e42a81dbe2,3
052413504e5295cd66ec4ced0b310062,3
a5341e3f8155dbb3e62323d3ea289729,3
a564f50791e1677ddf2801fe1e8365c8,3
a56af7192032f295ac582a2d70e4caba,3
a5db7a80a8d9c9d49050360fceb6ffd4,3
056d012d264624accb7f73d31caee034,3
a5e66fadbb9b49dffdbf63675436a332,3
a62ff4d8c01bf520bd8ed7637dbb2042,3
a630323d497e2acc89574e8b792c6936,3
058b372f969b59e8c4a27e224243909c,3
a6621d4ee609f3f917d04c11ca8f0161,3
5ac9d9e379c606e36a8094a6046f75dc,3
a695ab8413ea83619cde9b18292d6aa1,3
a6ad77b15e566298a4e8ee2011ab1255,3
a703f5ade6e4fae527357132230ea778,3
05a9dadb8402b6b7ae3dd28f7da187b5,3
a7742a00e1d286b7f7d4d81e90d8acc9,3
a79c0d179a6de79b23a81b64b3980c04,3
05cd024f2c54923c3396db4156fdaa44,3
a7d2c99f1d0e7ddfbce06d48f12b61a2,3
a84d0660dbffebf352aefbf1a6b18d00,3
a855248349fb73a158bae22b79ae955f,3
a869ec6209c361ca46dad85a5530e119,3
a87567bdce60de6f901e3d7c6d8df820,3
a8b0dd2c57b49b649373ff5a495a697e,3
a8fe47ad6f852f93cc92c7b408687de3,3
a9ccb9dca11ae8ca804b47417d0411f2,3
060c17562f97e5bb60bc0dfa4dd5b3f2,3
060cb19345d90064d1015407193c233d,3
67ff96903c597ba4b1d7f668734bc3a4,3
6803077179d24889430188e03fafd31a,3
a9f480bfc49f0b85e8394e1cdf685b4e,3
488edbf15626ebb4b69d6c4600602ba3,3
aab15a1fbfab4f54efd93c8d3d47c0a1,3
ab330e1b64fde92d3b4d4d6980a38576,3
ab9730d0380f2a4bb056dbed9417478a,3
706982d4d1d9841dfd470b6fe10f8614,3
0654d3c1e3efc7e7cd9dbde9cb743df2,3
aea5937ba2b757b9fc5017f2d11f288f,3
aef95f9d9e323e61a5caecdc41907c79,3
af0a917aec9cea3b353ece61a8825326,3
af2d506fb01b724e03591349ad36b67e,3
afd664c19120c43a47e34fc71f982d86,3
afdb06ebeca917512783bcbaa8ed28c0,3
b01d34f6d2545269d348181768eca049,3
7088744b00831b410bd17716cb578f39,3
b0c2a004d315a5ba0b19584393ac478c,3
b0c8da302d49498d2ce6be8c631e4e20,3
b2fd74298e16eef2568d2f9dff6042c8,3
b4b50667a9874708d4e3ac962ebb21fa,3
2e513e110e3f95926fa3d1ac44444ff4,3
b53f20c2b12a4b9821ce57f46a7d1cae,3
06ef9525b604908b6ef27fa630b4f22f,3
06f0e85c7892d5df893f332706340af1,3
492bfd5c7a82cfd6dddccdec443b2ca4,3
b5661cf46c147805adc83695fb04f487,3
b596e2d70dd2f5fb5ff9ee2a1c803e5b,3
b6106bf3d09b8fdd33c3a9559da43145,3
b6bdebb92f595f00c73bd42e0e3a8517,3
b74d57e3377dd78aace6d070fc48cc88,3
494509de79a69ffbc694af3e4b1bd929,3
b82b4d3344aef4d70bc9acfc8a5fe2de,3
b8316b6fcbdee6f6e8760865065dc0f5,3
b8411dee248601bc460bac8e1fb8a102,3
7094fadc9773845c7d453e51b04289a8,3
076a6117fb6e62d15ef45ad6be8ddb1c,3
b84c4c7f1845f068f40e350865b803fa,3
b8b426747049f2d3d6e00b486d47dedb,3
b9ac7314894a193a11fd3150f8c69307,3
75d67b030a777f5f1081b8830606abb5,3
ba4f075aeb56726d1cf52b7ca557ca70,3
ba5fb4ab9cd70d201b74b5bad9d4ca00,3
bad9d1329b763d5a67f2d5d6b0a5f94d,3
07f381c65e8e66460c07781b9b1b8834,3
bc055ae94989497c0d66bfa4263ccf61,3
bc4cd4da98dd128c39bf0b8c2674032f,3
bdb4be6ce2f7f2b5be0a16088028c7fc,3
081476f0ad46b45e23bbd0f3d1d4dd98,3
bdca5879b3afce0e138e71a68ad26d04,3
be5353e2c543ba4f67831f95d3775420,3
be59d6c35e43e4bae41772d4b87136a4,3
be62f0c24387eae79f18265ad2a5d8cc,3
bee760e5d1648771c6923cc199b11ba8,3
bfc0d01be79d9038c7720f983bf954e0,3
c10a7001e8b49dfc03817444b5f2ed81,3
c1cf8f51eac90b1ff478250b3d35c37b,3
5c087f345e870429ec3ea20a49a79735,3
c2a1ff8408a1c857c8730e4d12da714e,3
7935ddc510afb7d08989660b382b7f26,3
5c3aca5c078a343b3b873362e7ac2fcc,3
c354569eefd558bf201d0aedf35608ed,3
c35498fbb4358837ae16850f50c3fd22,3
c369969688c2dd9946c5dbf694e87904,3
c36bbb0e95d7546794ee5170baf0df93,3
08a58dc963320d6073623382b9ceb920,3
c413fa08b405af6edb9d49e85e241c08,3
68bf2e76db1d8e846042e54da87399ca,3
08c63555bbee955cad9c6a9feab9e9d4,3
49eaaa38ac3df51ca790372b47b99604,3
49f19939bc5c8639e06c36d3bf01ee98,3
c43b6a788906608b6116ed8198dae762,3
7b49e585ac8c80b14c9b2815d4db465f,3
c450c2e066134b9a836264ba72586ff6,3
090ab1523d3fe5832c09a55b7195e32b,3
c45d02cc82cd779835094de9b29272cb,3
2ff17002562478fb03cd44f09e7ca51a,3
092be1e8336fc404c57bd5970d056886,3
c5b6cb0ce3279d64025831b972bf5dee,3
c5cb254d666e4420d56b5dc67ff59d29,3
c63857f1b80521fbf01eb987423d0ccd,3
c6e513054b982283c1cbbb2a45d02d83,3
68c923fddf7f83316b53252eaf830724,3
c8cfa622661e047ea2499f8bce4731a5,3
cad2db5e318d7283a234c517b2f28a42,3
cadb69af336c16aba5c5223599821245,3
cb91f8e9187bada635ee28c7c71b3ca7,3
7f55769896fc6596e7251490b8b5e536,3
cc1cb33bcc814aeaa4631761a34bd23e,3
cc2232dbef2c9fca23f4c7f6a19a42e3,3
ccadfeab525a9eb1569983b66e5075c4,3
cce679660c66e6fbd5c8091dfd29e9cd,3
ce04dcb7aa96ad49d4933f3d4a9f8eb7,3
ce066f4a83649651549d717c9b566816,3
4a300735bc293723103db0d0c1bc1585,3
ce169d5f9421a6f21e41a7bf54d0b98e,3
cf45cea95e6b4d46e80fe098eda10c8f,3
cf5407ad3a5c603fa46d5c2613661a09,3
7650dd3b2dc10798a8cbccc78d9e6e3b,3
cf8316c961640d38321241895b7811c2,3
d062241f27854330b57851b64d08d472,3
0a4dea9eaeaaea5b7894a9a4ec6ed660,3
30caacf4dfc199dc577a9627395a881d,3
d0fe4295267f15ccaceac4fb233d8c9a,3
d1040cea3114b6e9f7e2170dc39af1db,3
d199462b8361a3e047e64595bce5b6ea,3
d22bbc02259111e107ee7916637d4791,3
d26580768894ea0cdc9f19dc672956c2,3
d33f1be367bc59207ebc488a28635827,3
0a9a9c25c5a06532d1766e00db833a7f,3
d41a23bd2bc3ec10cfffc66c0611a290,3
0ac4b9dc5e23908abf09e13da3ea1bbb,3
d4b5a373a1760ab3e5b3abfbf78d654c,3
d59349a33fcba18707a61aa852c02c5b,3
d6160fb7873f184099d9bc95e30376af,3
d696750e550fd0f733979dd7e5dff921,3
d6ab9feb6ae6e54819050a46462fcc5a,3
4aa6014eceb682077f9dc4bffebc05b0,3
d7252737cad49d030f9ce83b50249120,3
5ccdfc35d9cff8db4fa46b83d5712899,3
d7d5562fce331ad958ca6f57057b3526,3
d8f254be723da6488610b42935533b05,3
d915345cf6ab72f6efb99f28633c3487,3
0b2d8323940867a9979b90f7692dcbc0,3
d950ce1f38b6772552be4523baf94c7a,3
4ac50dbde931c0a5ed8c33d3dc047351,3
0b3f6a2323c814e1b19fd44838c160ef,3
d9a5a0aa013c348c28ff4626ed6dba71,3
d9e7d13814ea50f9ae1f612ef6b3a1f1,3
da051bd767b7457572d55aba23fd846a,3
db1e6fed56643b852af3132d255d9ddc,3
db24fc1b55a862f2a1f9ae1e4ef85e7b,3
db42edb381d7ffe41a162d344fb1de53,3
db61ac5970110fba38fe6caf8844dbf5,3
db7f3f42ccab32fa6328b3063b278bcc,3
31699327e8b1095210f7c48d91fc09f0,3
dc2410804cf782c5d87dbcd201b74e9b,3
dc881ef926ca402063ea142afc83874c,3
ddb9028236525b8ab493fc24f99e8d1a,3
318fda70a35e94c586339fe51eafbe7d,3
ddceb6eef6af67e9fbbd4c148dbe5fd9,3
df6d00c24fc224b84e9ad17708d0f4d7,3
0bdd9a52d192d64770e33ae559512478,3
dfe123265435bbc08b40fc418f66d9a3,3
31b8c37adb9572ed34757d9368d987ac,3
31b8e7c2a22f3dba5183cc110bdd72f7,3
31c1d1dfbb4b2730140b8bd9248bcd58,3
e06f99e79036d681effa3de75989bf22,3
e19ddcc85537b41f22116c8d5425ef46,3
e1e0040c906cc890d032092141a9b6de,3
e2372fa4eec7531e44bb43844876e25b,3
e24f73b7631ee3fbb2ab700a9acaa258,3
e256d05115f9eb3766f3ab752132a4e2,3
e2c3ed9aaddfd2312a6a5fe9b3ddadd3,3
e3e6af2b9a779d64b3589a5b56102d16,3
e40dacc1c350d93c25ee648abbdd9236,3
0c8b6b6e4f9ee5fe2c48d6cee4c69bc8,3
e4ad97ce352e46bebac92018f6ed976d,3
e4bc98f06b9893b763bb17a152219b87,3
0c9ff9d8ed9b9bdd825487b3a66e05f5,3
e4c814546f8a6ca2ff74d7a7bf8896de,3
e4d34d3dbd367b0021e5d65105870180,3
e4e81849dd9ccdefe1e7398792a6a4b4,3
0cc13a424dc207f8c4d3b26ea1cd384c,3
0ce1adfdded63914231951b7b34624fe,3
e4e9fa024c5f014419b395452a41987c,3
e50ee1b5ca5566f7f341e115533015f5,3
e57eb018e37376580079825eb29a3419,3
e5897f494af72d083f3899808f341659,3
e611a297d7a9df83f906aab5c746fd06,3
e61c78a7343d82c0539d27df0f7dfc31,3
e67f32f0a3e66440cba31dc13d5cfb0b,3
e6af694343b45b56304ad91974a110b9,3
0d5837a2580f92e18e2d1b5f7fa70c2d,3
e6b6e72a0e6be244a69261788f086429,3
e6d3e381889aa6e9d222ad50cb30ac43,3
e7890707ac0e4e190a74aa46c92e2c94,3
e8ca14b6c60a3194f2353bbfe0287bbe,3
e906fa76a27488f805ba8584a4c10cba,3
0d9cceec564febe77a44f8123dc2279b,3
ea3da91e6ba865972f9344cb9265296b,3
7d50930301709838d8e90dcac5cfaa84,3
ea4f4b5a820fea007c6c8d7ef9a790bc,3
eb6c2ecde53034fc9ec47741b3232c9d,3
ebf1c13032246ea801765e8cb5417365,3
ecaaaccb5eb3102553f001d62db6389e,3
0dc157babdb4785891879bc375256724,3
ed13ae6f86e2108b97c3e86d7a9adc3b,3
ed38e11473775cde0d65f698aa0a4d27,3
edc388b2ba34de112c918ddcd465f5e9,3
ee15827f0aa0a837f8edc88de60b7850,3
33489f0140308d65c48a7659b05bdba1,3
ee4a5109a6b0bf0dd3a3347b73955c95,3
eecc2c78b528d8073b4f1c4bddf92aae,3
ef7f13c7694be202c48017b71801815c,3
efa91c03c750cf82e0e9fc5523aca73c,3
efd037bbacbb4bbf39f4ecb8ba8714cf,3
80df62ce491a20d390c9f69402310f0a,3
f04c24eaa43e9192315d3aa0b3f00c1c,3
f17919cd5c50df5ea6b11d9665a0eb2f,3
f196248e8b5d060cca414a664ea9a76f,3
f1cfcd7f3806fd98650ab8dda3b7dfea,3
f1d52f5898b4fa4f26ffd82aa0147044,3
f2610c932aaabc3eb24c3512b498a838,3
33b22110fa818ff5f0c387a79f19b612,3
5e21d5cab5d33e770d8150a4ee6117db,3
33ba4b29d820b397054cc97e892ab1bc,3
f3720bc68555b1bff49b9ffd41b017ac,3
5e26cbd45b83e411e82e3a8cafa8d951,3
f48eb5c2fde13ca63664f0bb05f55346,3
f4d450a6163f21cf9db8bcdf8c7e50f8,3
4c82c8d31845d751d797debc3d03697f,3
0ec7b6a863e219792bc4d50d3a62a839,3
0ec96e6d31a1493b0475805c9ae1a0a2,3
6a0f59f3946c8169999e2fb7e946ac96,3
f56e93f8bec270456dd5ec3272bd42f3,3
0eef510ccdaf8a53cefc1a8f035f681a,3
f58e45b16a42a325c144eb2c46a2bc57,3
f59871b3d9da4c64cbe41ad3dd04dc14,3
f5badee8a0e679f057ec0ca4f0f32dcb,3
f5d9f3f39171645ad59c424570874afb,3
f63e5eb82736ac58d9d286f64fe5c44f,3
f6bd73f359ad6b91076b19cc0b70b44a,3
3429d7e4892a2df967fae671f4c98deb,3
6a1a04054158fe995e1688d8f79605b2,3
f6dc856631040b5a7843b14a94b09b96,3
f77dd338d9f75229a09cbb9a18fd0c9a,3
f7fa667a6b61aa22c87162434b71587b,3
0f789be671fe3bd93cabfbb4a710f282,3
5e98b7fecc62c3ebeaa8252269b2d6fe,3
f811e4e8228504bcdd34f2fe9f502c92,3
f83c9874b5b5044ea58fef1be68c1ea8,3
0fa81e7123fd0ebe03adbbe99d912827,3
f83fd2b539bc73678c65be8d418be8c1,3
3487b8d662448326a09da14416640170,3
5eb564652db742ff8f28759cd8d2652a,3
f89cd865cac300a9bf1320dd8f0fa223,3
f8ca22f13e0b58c30e9a8822f20d9ba9,3
f9cce3e19235fa7d11942f69caaa22c7,3
0fdd1ea79f0f2ec81697ccd021d6d992,3
f9ce5e5592c6836c379b156a1b043684,3
6a29caa68d4bc5536b4447c25de4c937,3
fa126ff62aae83e37857ad495641c878,3
fa7be99321f2dbb1e518d2139ccb1d39,3
4d272fe20c57c64dc74b3db191fc31ef,3
79c0ace2ccf0da036e787875a49151a4,3
fb00f51d564e36645bf7eab56ce5fd43,3
fb495e971326b55afcb1f473adf0afb8,3
fbc1488c1a1e72ba175f53ab29a248e8,3
34dabb8af33b3756cf72df05fb327011,3
fc2d17e60bdd3349a25f3ca6a802a91e,3
5eedf4c1aa6ce63c49b7e0c547bf0ad9,3
fc8595227785863846b7daa2ae3f2c9b,3
fca62108387e25005784da2f551466a1,3
fcf4c9a897ae906e5a467ebf4589dffd,3
fd76f22bf3648e0dd4295e593def7664,3
3516632e8f52b679ff83d1665ecc990e,3
fe077ec80df6b4ee60bb4498d5ab1962,3
fe59a1e006df3ac42bf0ceb876d70969,3
fe61253e50ad6ee9f1d180da22ce5eef,3
fe6f03cedd96bcbc5c8726c5963fd35c,3
fea7f0c147905a41ca324c0e3234a4c7,3
fedbf77eb491dfc9ac276b9ea9ee10c6,3
ff2c1ec09b1bb340e84f0d6b21cc7dbb,3
ff62ab4c255754dd5cfbd1822cd97b40,3
ff81cd23251a357a120054397a01849f,3
5f42d57952b7815098979a5c4fa6f82a,3
5f439ff2783a474946e17badd77aea1c,3
113f80f12c8892f0c59206f70b862b40,3
1164c17af70425821f88bfbdc9e907a3,3
35bc6c77029697004675d3a2ce505916,3
71c89e9d8fa274b017279aa322cd0e19,3
5f504b3a1c75b73d6151be81eb05bdc9,3
4e11734666acc305a4649de43f0bd181,3
121b9686b9929855d823981fc655a6fe,3
366fc6db2f1be11fe79d739bc5c69799,3
6ab41d7f15e7af9d6c7cd912055acc1a,3
6ac3978babf6ca76087369391bb6ce5a,3
71fded7382fbf17d5b2f1c5814b6be2b,3
36efd30e7c14e8ed3a6557e9104112b3,3
37116a322ceabbe82c30430000af0db3,3
72172e982e8b92155069e4201c92c0bb,3
37318ccebb2ced72bd1b548b55ab4e31,3
13cbcae713c151157883c4c13a1ae639,3
5fda5f5969ed8a446022953a89e1c81a,3
4f0abfbee7569e43b80f9aaa256a9bf8,3
4f288e27579d68e616d2712ad669f99e,3
4f2c53c9a1a7a00a247b351c1fdbed13,3
79e98bde1cf4a5e68c97cfd1872de142,3
6af89b97a841482f79c52765bfe0d699,3
60495adb1f1a49c8aea75e5e56a47a48,3
151133751552ad5bdd6645dfdcb0e728,3
4fa33915031a8cde03dd0d3e8fb27f01,3
30de9bc2bc110c6a584cacba9c17d88a,3
726b4e18f00255e2e63491bcba3f60b8,3
3871b7939245ed35ab97c7d3924c6862,3
38956cecc0bc8d8837371d0aeeefeb59,3
15d8ac236009f0d5e74a5033a53ba460,3
1612209b0b37fbe80e1e8e1b7d19ca1d,3
1629b469d01aadb4f92644039ad17d5c,3
501c8cd285f4f2ed96efffbb3c697d0b,3
165b735d5e65bee3592afb5d43af3397,3
509869967faff93ff8a7a229abed8641,3
16ed6a6e3fce23b741650437fe58d65b,3
613221d716be89edd3bb436c8060cd05,3
394b16cd32e9f883365dd7ebac4edbe0,3
17c4bd4269902c84acc14c497f282ddb,3
50f1880f1989251727fbbfe8c0a346a6,3
1854c27ffaae5706ae1fe46a242d5f19,3
3a3232c5a8df0895d04012fb058f4bbe,3
186f6f0ad7928097faf963de4b3e67bf,3
186fe07c8b8005ec6a498587ffbc1352,3
516d614a5a8bd8983bf46eaa51fab8eb,3
7d9f42ecf65ca91f7e28483c5008dc4b,3
61d01171a3784bab50137290350e5332,3
3a7553224e54d216c4a65c85f2d04deb,3
18f30e92d58932a17e40b403951b2861,3
6c321ed0f47858a8650f4104771224b5,3
3ae28b124972bb81eddcb644cd284be9,3
778f8850980a158eafa6e7555c085ea1,3
19a6ffd4e245a92747a693805163a60f,3
3b66a296f7f9d4a5aa79ca89f460af73,3
621dce691c2ff3f99e21c21057ddc0ba,3
3b94e26edc496743bbce82c42f0a9903,3
1a06a6a66ab23d70e02b8f92650e268f,3
1a0971a6f39f04118207a7308d451e9d,3
1a2d00b771a438bee7055bbd0086e003,3
525f8fbde09c9bf777025c3141fbbc6e,3
1a300f482e35d7eac74b229be067aefd,3
3bf95cf337a8c87435a2949c48350fc7,3
624b5655a9d76b5a0e7d780dc4733887,3
7340a3839a1de1e99d149b8cf052a2ec,3
52e9413ed0d3e64b796aac2bc2291d50,3
530989bc6eff4420c49a84214ab1eb51,3
73790673cdf7d797f2011790e71c2c91,3
1bb0f142789375f5709d08b2f2355c2b,3
3ce21e38e6a3060c20f4e74bdab770c8,3
77cc62dc80ebe12a0452d1ce0565acdc,3
738da8ddda2e593acfdc53c2d1520dfa,3
1c63d0a4d75df524d4605a43285925d7,3
53a0380bace091a275d6f6a7e46c07b6,3
1cdbe059c1ca8e6b8e3c595c382afd56,3
1d1fc8a85e598b6b83a558fbd354443d,3
7a81b0d1231e9ed0c2ff4237f49e5dc0,3
1d4de03a6141ce2a2ae5a97f51cabb37,3
1d8ff272f4ff5248bde1358ef928713f,3
1d974de82e60d653a2d1cc79984dcec8,3
1dc7685f4fdb9622d84ae2ec658d5bbf,3
1de74e63d630007567726953a4eb2b36,3
542b3d80712d51eefe3a3cd1c5f4e8fe,3
544ffb995c65fbbe68f36f36e388dede,3
5457c026a643626249213e1e39c31d10,3
1e8c9a649b9c92a2acf771c3168e15b8,3
3eb2d78dda82bc83c9b047fbba954dbe,3
1ec5253cf0b6d3a31b822770cfa139b5,3
73bc42701d50d3c0673b38ea8fbe2e32,3
1f30aacc69904c0d0bf8d05cb2abef72,3
549e3335b3cff8e71853d1a14b5eca57,3
54d2c5fad57672a4137d94c034827a13,3
1fe8e6e01596885617fa1c90d29c2f81,3
2002fc3ec2d8a30a7588628fe7aff958,3
20090bcd0d43eb49feb63d53d387780b,3
3f994ee4a0b20760d1b173aa65037c95,3
54f45413afc0d5480c59f5dfeed2d19f,3
205204e979a44d5dca4251324f853a46,3
2052b3c5e08893e567c2fb7778476c75,3
205cf43d203186d5eb440a791a5b7404,3
20767ba46ff14007ce4ed2cb1c4d546a,3
5514443b5a22d650499eafbc59d48e87,3
64090c2cdb0259629a3584edeb23181e,3
4025ee582ef6b8c478af3b44cf89054b,3
6413f7a28e149a324c4a914000399fb2,3
6dde44b4172999f35f08654d06bad633,3
404c6e8590cbb06f8c5e911d8a90b1e5,3
6e0b3bc6a8bcfcca9005f9d220fe4af8,3
218f5d32f520df3b8517cdd86da09466,3
2196663031bcde078cede855ac0b5739,3
55945cf4a4e6def88dcc8996a581608a,3
222efa72a47277d611b8b38d71149afd,3
78119fbfa709d07b86f5ccf15043c6d6,3
223d34a3d9334039f5ff9511dc044bbb,3
40b2a43c74c26b963dd1bd05384663a0,3
22594ba8fd9a72ad95d352929c821560,3
22656f41604127818c5984157e52bda8,3
40c36dbe4fd510370d40e09ae7670a26,3
2291d090b69f60fc0ffd95ae394daa77,3
6490b9f63b0b595e1c1402b46b0f50ad,3
233284251960ee2c45f3bc9e68731630,3
2332f34b4b3eb82c326126ed5eef6478,3
23365beed316535b4105bd800c46670e,3
2343570575e2990224008969445d7402,3
64b4f32393cbf55be791078e7a2adca0,3
741e14d6cfe9c7dfcace49c4a0989bf3,3
6e6752783a53e4832b969f1417ca34cf,3
419cb1b441eda9b92ebd1a1b96090c26,3
41b4baff1ceec845ba126eaeb07efa4a,3
243bb58796ed2164b831fb75e1241888,3
2446edad7ab4cfedebb8728497ac4575,3
2535db191954746776aa1f51dc1a9651,3
56cdfe67fbda57c1dcc752f5f361f981,3
256711bf66dcd14111581476d6cca1aa,3
6eb6c5cb7df0f863538b61a47fcce962,3
6eb70dfb283dc3f645ed7b03c990dc72,3
2604055d4992311bc72b115b6d5adda9,3
4299211de0fa49785bb3115aa2b25c61,3
429e7401fafb76436f15e86498bd7364,3
2621700be84cca4a1797b54785f43b1b,3
574841fd9d176e7e81693636106765a8,3
65650c84064ff1a79e4a05988f4c3e9f,3
576787fafc333d1cc0ed0be68a39d001,3
74ae869eb82594d9cbe6e934cf143e0c,3
4328139cbe9adde0aac493ca9871eab3,3
7855801875dac05bda454284be8be7db,3
4396a21dbcffe535748c5df0f544b5de,3
65bb78cf0bbc3ca6406f30e6793736f9,3
57e089e3103f5cda6a4ce23b77399bdb,3
7af541d714ea3db608971a40b8f507cb,3
65ce839c7967ed73e05471cbd4cb2ec1,3
786733d317255508bd4d648585977611,3
281a67fd770c975ee1a7c842468fb3b5,3
74e901ea4caa0b0488e8350431c558e9,3
283dc451ad3918badb976d56ff887289,3
7cfb84c1323fb861a17478de42b1839f,3
7f457254a89d62960399e075711b3deb,3
588ec31c89dea5de5dc87e15790df3f4,3
28b4eced95a52d9c437a4caf9d311b95,3
29e322a868c120531516ca05238032f2,2
78ab491fca1a263dc3d1a16833c57016,2
ffa7e0cbe11656d11a117b534bb1db27,2
78adfff529228a4d45eef5446475d213,2
672a21bf17c63f71edbe01ecb9b14814,2
29fd9022374ff3fef2e8f82c39b4133e,2
672bdce161930b1c72890c619224376a,2
672e757f331900b9deea127a2a7b79fd,2
2a209ce7ce3ea3a21cc0b4c36495e9df,2
00aa70fd749f3b9ce8ca4bc914a9e7b1,2
00baba5b58e274d0332a0c8a0a66f877,2
2a27bdf5d36c733df107a86e44370254,2
2a3539131370b3ac020dd5f7a656a53d,2
45e9db074ca64dc81ee6f06185544d6e,2
4606f0b0bceceb75e7a887e6b57cae3e,2
0105b5323d24fc655f73052694dbbb3a,2
01084e8138d03dc691daa19aa6c12471,2
7567d226ff0be3edcfca0124da0ca3f5,2
01217a683550744160a91eaa46a92305,2
0124d1581f26143e988b8e1a4b7adab7,2
0135900191d4383219257d6fde585ccf,2
2a7841348f24a00ee83641784f88f9b4,2
013e6676e0e3529e5909ff54370daddf,2
013ee64977aaa6b2b25475095162e0e9,2
01422266d7a3131403364787ef9dab11,2
01604238fbc11ce379e537a76b26bc94,2
0164201c7c8b81dc5779e015e2d7be59,2
597d26435e8ef77bb0fcd26f6c07d486,2
5984d199ed3cbe4f2736a4c24559af8c,2
59a0529af96d3d459965f044c5cd1296,2
78b7b1ff2d3f06a589354ddf2f4f9db3,2
757e03cbdab9161ad95210a779dd2b2a,2
4673c83bbad0277b120ac3251d4b3633,2
6fd83eb3e0799b775e4f946bd66657c0,2
01c9a70868bec5b748c67fcc26ce5895,2
59c5e6e108b88212fb98525c9000ecfb,2
59c8342a739963404bfe66f292329b15,2
6fe2e0bce49965a508008e08ee9f575e,2
59fb1c8d9f3640a622cf774c3867e170,2
0254806b6c237bd1f21cae60ea8d1533,2
46d66b9ad911a2cea5e3c9127aa7fac5,2
027325f946f1b3d8f94c3496e9a59a10,2
2b3ded25b94fa59143322115fce48003,2
0292b46c30348496b1be04eeb440bdb5,2
02a97df83a8a100c7d2b14a02aea6a3d,2
2b4042dfabc3fe9d3f16951a8e1a3b70,2
59fe488ea6ac9439bc86663f4a564c23,2
02ed3b595447e948efc3eac897e4df0e,2
02f8dd9b448d3ec2c73e65a22da1121c,2
02fbee632a2044d48ab16d57eec4db58,2
5a17789f1d9b487c6f42da9212059dcf,2
6feee83828f0c900f61f578bbab17911,2
46e4940f28c9231a801873e62ca55c53,2
0320a1be5c5224f64bfbffa583cf03d6,2
7b1f2b12d9bcca133f8df7a53b55db6e,2
0354c6a8cb8961e29b70e564b93861fe,2
47142ed1919db60640a061ee6dabb534,2
677d8ace413e0060fa8686cde56eaf10,2
038e3a669bb495e56d9d609d874fb668,2
2b89194a2977f53d2d61aeeda4165417,2
03bca689857bd64cc5c022221113db7e,2
2ba4f78910f6fe61e7ae7bfa4efe2726,2
7d1a667dbc183583078324f912d42c6b,2
040088789b98987ea1df150fd7fabfd7,2
040f34fe061b6024771f641fe922e782,2
2be7c0f7dd57742c970f856ec64bc25e,2
5a4491fb73ef5c6689be17bfb30642eb,2
476f613bc92f3a20cf80a586fa45a232,2
2c0b8a973e616502de1d80482fb9c5be,2
2c2491f31fe7320124ccf2f3404354a6,2
047c9a28e0da299843d9f67d99959442,2
0496a7015a17628712e8720db133092b,2
47ac4dcdb04867daeaad647d224389e4,2
04b48e86a968cfe620da1cab5c7556ae,2
5a790acce109b9b76e3446f96430a1d0,2
2c930b64f2bd69c30cd3473b82653ae0,2
7fb7c9580222a2af9eb7a95a6ce85fc5,2
04ea63ab87df726ebf45c0982dd90a1f,2
75b433ca888fe027b18dfac89a284667,2
67bd616e1ba0d3d3e8545f3113b0140d,2
2cbc1ae9dc8c4d81b096db0ee01ae0e6,2
2cbd0f06c3123f0bd14c4bffc0498996,2
0521fe3eb04940304b489d0fb49a37dd,2
052b8660ee8a9ee18815d9b276694a10,2
47de5f36ace720b578ca1b30d0b45b8d,2
056063b2634974ef86ccb7da2d3d0dbf,2
47ea90e9a2976bc290c3cdf3b5e0573d,2
2cd4861a56a6f98288e0281e47f4b1d5,2
05805f52cdeb93d7684f871e599f0078,2
47ed478ee7b2696c2c49229fcad56e98,2
67cf741b2e7fa5801046eeb8b95b8aa8,2
481aad97c80d6786a7c6096991003274,2
482c25dc8512547962854dfff5ac057b,2
483691880798b6f0f657c203494cfe3a,2
2d15b61e2962412ec20c326895c4603a,2
48428054567e07738a70f9d2a9fa0475,2
67d2c4ee8fd08752a32aae5f878740aa,2
5ad067c2cc9aa18ee03b9ccb5dbd8f8b,2
05f581382fca988fec41f4a3de0e0fda,2
05f9d035b92494874148f32f940b0f4f,2
67ee002d7de2ab248bef398033830866,2
75bc0bb91f61a5baa249e4db903eb504,2
0603179793e4bf68b9dbdb4ba238a3b7,2
48698ba0cfe847b41430fa00081b5619,2
8043608c406d413f7f645257cdc33f73,2
48b099f6925c19d46ed5f013267681c2,2
2d9b49aa7510c59fca0cca0e1dc0e0ca,2
5b15ec157adf95b76075f045c18ba7c0,2
7b44e5ea770ef06810f5df89006cc8b2,2
2de20a6b025cc5339c07c88aacbbfffa,2
5b2b72f58d212a6e4733884ef0ece564,2
6822a8b4d3a03eb8cc23f296bda7525f,2
06a47d0ecd4561565deab3dfd7d3c0ff,2
06aad8525aef9517e71a080aa973de58,2
06ad93d66e91d09df5ce746906d9658b,2
6856ab01ef22301e08a45d5842ccb247,2
5b668636d65ddf4e4109c6d8fb13ea56,2
06bfe79d999bcce96f9ebfc74280d1d7,2
685919d3ededc26c0ec078b32241025a,2
06ef141d37f22c5742e445504b5805a7,2
492c2e63fd021a5da2c15d1740d5b348,2
2ea6c18e8b58c184e41ce11fd5dddb4c,2
493943f1f8fe6655c30dfea68ffda600,2
2eb384017334e47db9ccf364216799df,2
5b8f7ebec7ae66255b5091a6efc2689e,2
2ebf6091e855569170c684ada3a284e5,2
2ebf71f199b0f3f3331af7d426ad714c,2
5b99f79ba0d929b0f3270ab0f0f5911f,2
076e4ce53c8914382e7ff3732511b17e,2
7b453aa3584d61c1268d77ba6fd5956b,2
68753ceccf509d2890f329f8d55fce79,2
2ef3cc0d3f3adddc0ef8ecf48989bba2,2
079189201e6c6f0b0f70d118fff53fd5,2
0798196b28c04c8e543322896c882902,2
07fe9ffbb84b9d22610d79efb16e81a7,2
496f6bd86011e5a9ddea8dc96e802340,2
689c51a11e9c5daefc1f9b0782e28fcf,2
68a00c2c89cc59b345242ac379ee4b26,2
2f0ea37228e35c052271f5617038986b,2
0820af09ddc75b84841b1fab4da4be9b,2
2f13d1dc8b4e1d9d8027be50339546a9,2
7933eeb8cf79ae899bfac71c0edb076d,2
083178fd17a5d863811733e46fc529ef,2
5bf57bdef224b9486b45ebba37ec6191,2
2f199414628d54a778b360b5c758b78b,2
5c12fb778168a77e3ffc8d7dd7a689fd,2
2f4b132305af5173ac8923892200f597,2
08857690e7a14a21b4441f8ee2bcaa14,2
68b8e52885d1c878e362c8a4d323747b,2
2f9c2888168b8c2d8e625905f3737057,2
08a60a2b8d7362c5da1b6bc61f7d1191,2
08fb1fed44ecc852b3ab9363b00d1c03,2
2feb83b6c3b3380b8822146538c70f7c,2
091aa6199199f1ccbd272d06892322de,2
092efe1dbcc1a4752b17a19fb6de36dc,2
092eff69a9499b052a2258f502ea0775,2
4a028badeceba3a65a3316aa0c0e0c4b,2
094af0a75d07c0dbdccaa23e88149673,2
793ee3bd01e3ecec7ab94aed9aeee415,2
304104a478e3a605db6072a22e4ee228,2
30469bb5ea377eae7121981e2f0778e4,2
097ca319958c11c2425d2f111f860707,2
305edcc7b46afd87ca6979ed0409fb09,2
4a25d757ff72fad7534f478c90be77e6,2
306e3f4a01df9f621c3b841e21f4018b,2
09c3d39641970009c198caed304ccfc4,2
09d0b4ab2eaebcde59d4dd8bea2c6be6,2
691e72a37278e33ac031c3976358446b,2
4a3b0111d9c112251e4732b44d1d118b,2
09f6dccfebfa0688abfc1af640b69e61,2
7b717060aa783eb7f23a747a3a733dd7,2
30a6a74ad9391b95bfc088f875ce8cfc,2
4a5c3967bfd3629fe07ef4d0cc8c3818,2
30ccf4724f5227265f837e9ba0246278,2
0a6d157989ce18261dd86095fa6858ca,2
765a8070ece0f1383d0f5faf913dfb9b,2
0a795de8287e3f8f1f6c2ddcd8091f8e,2
0a80f03007af9e2c5ac5065d6742e1b2,2
0a8b35c2fbc824f7e1015cf330e6cc3c,2
30ed2f5bb848bade9d8906ef78dd880a,2
71191d3e8768745afc1c290c63f6241e,2
0ad9bbfebaadb488b2fe87504b871c88,2
0ae935aec15938b92f6667ec2fde2dc2,2
310794f4911fb5f5f2add5e9ad72b21f,2
0b0172eb0fd18479d29c3bc122c058c2,2
4aaa2ddc43f64a2db232b71fc4639064,2
4ab7490d3e55de79cae5fc88e1657276,2
0b118a49dedaae5a3d10b55467aad998,2
0b148966d6d89f4ab8fd3472df4a8648,2
7151659c0516da0bb3d9f27312efb652,2
71540d636652fc682032d3b3c0a180c1,2
5cf337446524f9125e42b40abd6ccb73,2
0b48dc720b9a40d75ce14eda10be0922,2
0b48eade13cfad433122f23739a66898,2
31639956e7fac87ecfd9d608040638bd,2
0b50295ca2c740dec15bb6fec6e8a3e2,2
3169599d82995a40fa97869fb853cdd2,2
0b814a3c8fa6dbb849df7c28c1bd6831,2
7e78ca7b03df674ba01752a0344b3ebe,2
4af81c9413dcb40e03e2a1bc15a6448b,2
5d10b3779b68d58be0fcc46a1ee79689,2
0bbdc963004d9b2fd3427ee3c5ae3608,2
7b951373f6045db69ff7a2e4d8c40071,2
5d20d66851c990b39754f6fe9b1376f4,2
0bff7ada15fd3840490f79b2612db33b,2
5d42919d908b17ec1848699d89e2bace,2
31c4cfda24c7c817aa9761fa55185dd2,2
7d490fb7ec6eac63302590beef157c10,2
5d5288d3096b9becaa3566f64fe88110,2
5d52927f3cf2e3266c5dd6e4d2dd566a,2
31d6f0a621ee145ae8c70304cf564483,2
31dbb0d1815bdc83c93f4b3472fa7c4d,2
0c877471e35049402bca235e06cb8063,2
4b77167175713bd04c8854aa80f09e99,2
321fd48981c751663bc43487274e7609,2
0ca16017057f20d572b8c01fcd7c5c28,2
0cb255418b89587f063171ca707b85e7,2
323aa447dc953b5592e25c37ce6f36e2,2
327018136fd4a966408df8243383a233,2
7686fe49c98ae1c537b5cc51992f5d20,2
76914818a87f9b6b320e136e17e6ae06,2
0d009643171aee696f4733340bc2fdd0,2
5d84f18aa629a66a4e7e0919e414c724,2
5d8ad55d3f8971622b53ef88f1229af9,2
7bba94ded780db46c857a6ce6db81c5a,2
5d983d66e379e5200d979878175c7af4,2
5da831182fe9ba6ab33ab17bbc5d16c7,2
0d86ff0b639e969a11a7b3dce67e181c,2
4c05be00027392c898ab59a94fad2151,2
5dbf50af9485478b933f1028e108640d,2
5dc2803129fe8ba196cef70c76d6ddf5,2
32f48d8080ba3d1d0cf00475f68cdb07,2
7e857e35018e4a05b7d124d1628dc1f0,2
4c1e109ecdf58453de365d217cefa64c,2
0db01fdc451cdba4ee06ff86de2885a7,2
0db04bfc9ca0d0dc2c530e7f2d023160,2
33202a8e7a645388c41ed714203d7131,2
7e99ab6d9d5d63b0190513103bdc1188,2
4c35791f944cf1550e8ae288b3f9e258,2
0e089f539eaa543b2d6e4b4b4e128a3b,2
334995514673fb6bae67885458b52984,2
0e1b67828c6d682c600b49872507d1ae,2
4c3ae5db49258df0784827bdacf3b396,2
0e2d365a247d105fefc31b17ab8706d9,2
0e323ee8f8dc60a0b875e9ac4daf1337,2
0e40b1ed4cfd3da1962ec91913e54ba8,2
0e4fe8b32f8101e9c6e915281498cf1b,2
33900d427fa4bd3f509cdacda72e84a3,2
719845ce971819fd01ef5e1e9441390b,2
0e669e3efedd9f3ab75fcbe334e1177e,2
33a85d94302e1c6fd9890d9501cf05cb,2
0e942ba3342dde6fd0f8d2e735ac4264,2
33c599c2bf23093baae8f760a49a58a1,2
33e503f68fb60fe165ed992965f2c737,2
0ee300fb7a6715fdac77e6fb6e7e37f3,2
5e5d267a41f3d8bb608c2f0bd4b4972f,2
3410cbd7df2130ec3cb9300ef0fe3df1,2
0f0c4960b05d6145bbb4b348423503ef,2
6a162a899a815ed15db1689e8efc976c,2
0f24b7516c5b67c9c686848db9759d88,2
0f370babdc8148e1dd9d4bfc3235982a,2
4cb922d064b9a86b25b900350108771e,2
6a1c65dbbecc1ece8c22856122a774ac,2
0f784f8f15179b9e101beb85796efc1a,2
0f91b6a95a57a43203a9b17de98960d9,2
0f9a07df17934769a978a9b2917ba8a3,2
6a2909ac21d16b721e4795e7e8ff3e68,2
0fca2bf7fe83539c429a0357389333e7,2
0fce35c0b7338bda3e52e2389f0c0762,2
770c257cdfc072fb50ebf2bbd6696fe1,2
34b3d6e3e824bdbecac9611588a63459,2
0fe922b7f7d43ef454bbc241416e7401,2
100260bf9206d859dc8db128c8c5afc9,2
101a896b1137f70a7bbb2b9fac61458d,2
4d3060c26750a6fcd7af9355fdbff8dd,2
79c716797a31592b8dbe45b2a93a835f,2
4d5bb93bfa70f67cda10b1428f2a252c,2
34eb6a7adb729aa877c2eeccf886f09f,2
805fb04b1eee16776d3ff45a40a30044,2
5efb4125102dcaa9a937dc2002c96aba,2
5f0bdec2fb222061ed8fe52586a5957d,2
353356a910b2a42aa75a888a5d348997,2
6a73bd4563b3f205e24c101f9a3c0d14,2
5f1d10ccc8198967ca0278fdfd474a51,2
7bf115809ab249f1bf0fa92d72e0baf8,2
4db7441d0d2cf3d22cb4d95f87d8bf63,2
10990aaa402c4692f9eb94cbc354e53c,2
109983f132d309f8a11e057d5ef46936,2
10a3a969b9e7d03b0dc2384ebbcad6ef,2
71bd8f5de551c71f6ff1386868d57526,2
9a469eaf45dfbc43d39ba1977a3c07af,2
24d746a5965b583493871d11f75b1068,2
9a78fb9862b10749a117f7fc3c31f051,2
9a7c0784b8058269d176b3089c946ed0,2
9a803c36a15de3fd981f42c0e4cabdea,2
9ab61676eb915c81c3c893adca21364c,2
782d995a1fa812332e893151d983f902,2
568e52d4c670b4d5130bae2dbf211c40,2
9adf1fe77e9fd5f8d3ade939b291029c,2
9af1e4e7176c0444995f217a1bfe7f1e,2
24a046fcc8b971ab9962537f2694bc77,2
9b2db9ec16a8a51549f32462bf973523,2
9b37a918bcf2c8e1064e867cf1df4637,2
862984682247d8dbbf312e7104accb64,2
86573a992f10e1ad49a669fd151b7abf,2
9b564ab4807c6c00dcc56a91c5e1c8a3,2
9b6537fef0e6b345c644e019dbe8ac1b,2
9b6b39ca91a2f27743f6e4ff7b1a65ad,2
9b7852df1a77c9a80cf5151803db4282,2
9b8bc17a236d09185c2101d0a02f8487,2
6506fe6d39dbfe5539082b749f6654c8,2
249360ba4e41990fed4dd4398fd1893a,2
866294ab885455ed4543a8be0ddb0b99,2
9c3eb520c98b5461454930ccc3c5be7b,2
9c60b810e32e14c3a278742567720634,2
9c6754103e603fdc289f1b1b69c63631,2
9c6c775832b5204b41694fcf8ca60aae,2
9c7bdf67b06b419aefb93cfdfc96c55d,2
9c84b4ffd1a85bf2feb6cba0e2b76f54,2
9c8d68903b5106018c797e0e862ae55d,2
9cb3c4a5a0a1c8536b2651af5f73e403,2
44a6e4ecf7b48f87481c243383b1c4cf,2
568b50dd27d5d76c97dc2f871cb93e9a,2
41f5f13f79496717b1d90ef30551333b,2
28b5fef7b6d63771e9784bc68c783793,2
8681797ff43c49b49ee1690deee3f95f,2
9d6dd55c4d66be7b7021bb471061ce16,2
41e153b95adc3c7f781b583292f312cd,2
9d9734db712d5ab6c3ff4c33700eb34c,2
41ddd4c8779d0943ee7706c384eeee8f,2
242e43e16717ea0a751d98a83b773d4e,2
41da75141264c3bde21ecea85a4cb8b7,2
9df852a6c839bc3202227666d70c7cae,2
9dfb2984ab775b6175202b9e9e678641,2
41b43381a92451746dc1374dbbd4c43e,2
869335bdf5f8389362b55e97c83ea1ef,2
869c418f22e0c0ed9207ff691f279e46,2
9e2d3a8d8ffad53e2e35282a2020221c,2
9e4a852f41aff52bafff133d9deb5eee,2
9e572ff4654f7064419d97a891a8b0fc,2
23f11493a631ec3806f6a0b529e82820,2
9e9a222ec8c28d9ab56658263c17f16c,2
9ead93350fbb3a5f0cc0b48c8c983748,2
23ed7a10a36c6f88a757a9c83df9ea20,2
9ecb510f43c3b1502981c262624e98c8,2
9ed0c78e13f71131885275746cc69687,2
9ede6b0570a75a4b9de4f383329f99ee,2
6685d4ea9111ef423f76ea2ecf350180,2
566d15b940c0d5e7a0a37c82b8ce353f,2
9f2597e311355defa12f1491420d40d5,2
418d480693f2f01e9cf4568db0346d28,2
9f683084a0b0211109fef6e538cb4767,2
86b29e90cab127b7231caf9eb85d4353,2
9f9d0d6ad3c84f4f0f6748167d2a6dfc,2
9fa0c72476690fbc66bcacc498fe7fd6,2
9fab8bd1f9c69cf2301b8ad3bec47480,2
566837caf82af3f65421f9d9d8820a27,2
6f93544fde1ccc299aa371217cb2afa4,2
23b3e6e0aafa806f323de78534212b67,2
289d248f6a9046a0f0be47cda2b45537,2
418b40c9e83b7e5ac79e4a7ef975ebbe,2
86ef699f48c083648732cf491b9ec515,2
9ffab56dff7071396d82c4b372e7f033,2
a0045b8457877b5981ed6c79b9b0765a,2
a009a84a95de59e574851aef710ee0f3,2
a00d11a2119bd70d658fc7cdcf1f59d3,2
86fb7ef6ee1ffa3832f09b1a1552e7e6,2
23ab7bb9eac81e85ec43ed71064cf7ce,2
a03e401d58a45187271718c5d7610422,2
6e70e2f56d6f07cde6377a05d1679f79,2
417c36fe8603e10f20aba1359eb8e2f4,2
64eb8b21706b8e2c733ba16bf02a1537,2
a0644c97f9915e9f442b94b4a5a2fa1b,2
a064fbd13bfd3d9654eeb35bb47d9caf,2
236c8998f9a6e6150cdfb75fed83c15d,2
a076986c6dbcb66fb479167aa5a1b68e,2
a09fb9f597a4b8a13ab0c72d70c77081,2
8726429de3797e35c022a32137909d2b,2
64ea282a67530101b655f890b4ac8e90,2
a0b940038a7c1b3af0958334fdbf3212,2
81ec0756335856bf7e5bd40073652c44,2
a0dfc64334e89bf3c3762f5ad8b7249c,2
a0eccc912d428eaddf1ef4fe47593ece,2
64d33e6bd1b905a31c2f96f584e6a0c8,2
a0ef8572cd061badd81ffc48dc04d1fa,2
a0f3c43b288de04ccb40d26cf26c639d,2
a1250bbcaa645885c9165eab1573b5c6,2
a155b4eeffbbec8a728eb1ad73705153,2
a15665e2f4e7dbf282a846552c8be1ee,2
a16c7e7425c24fdb94f76f2ed4291de7,2
a1804276d9941ac0733cfd409f5206eb,2
7ab21257ee876b3897bd55046d3d81d3,2
4473f3e5c65952b074ef987fa5c24662,2
a1bf559ac1eab015ba992bd76d9d76c7,2
820e8f306dc9ffcf6d0957516084cca1,2
821a07e1e2a0382df1f3761ae3cd435c,2
a1f7dace2a9af48dd48428c12001dc09,2
234495ab7809d4517bc1330c439da1bb,2
a226729b96bbb6962f9f8fc6a14db590,2
a22f707cfd269773138c3bf3a43f6180,2
a237de12bdf0bfe4fe220bae65a89731,2
a2446206efccf04cc7fd1511be0ee157,2
23384f296aa1bf6461d22912093a9847,2
a298a105818dce6878b787e4af6cff7d,2
7dd3fec3502f7ef333da2a73e00db394,2
64976272fa76578e7bb56f6d6d942ef6,2
6f86fa71a6aa21f45e317590aacd0c3f,2
a2bf540a9bef22e03c87697bac6ea793,2
a2cc1ca6628697fcdaa51066d6aa3014,2
a30ea5a9dbd95db5a674c4beadb4fb0d,2
232ae93f6ac6e6a57c1b34b312eb3826,2
87b7eba7245c8ab0ebeacd9b853fee69,2
a35a59bff183b90417bbc511e1d82115,2
23227b07fc69250d2fa4be6602011aea,2
a35ea299fbf8fc63d9faa23b77bf3eaf,2
a367f823feb49954fedb4f4a43ad9db2,2
a3816405c56f1df398541ee9c498b056,2
a386ec77b61471988e1b10cbd6cbfdd6,2
231a4c5f70ff00bbb2d76f80604af2ff,2
a3a10562c9d134b92f04b8cce298d037,2
40f9995eecfc68f54991ca49582e9885,2
a3cdb889819a08cb9f6a68de568329e5,2
40f35a63d2a946e8d83ec217253dea23,2
6709ad51bf96cce02fa49c31f3d12724,2
22f799df8d5495f40f6ed3cc8b18b712,2
22d371a03788bba3e56df85011a9e392,2
87c9f9f88ecd5b9de26a0a61e06e1d67,2
a46875fb5b8d19ac3cff18deb9bae57e,2
a47295965bd091207681b541b26e40a5,2
40cc62bf0cf7aacfd12d865c196baa55,2
8246b1e9198f46fc3c05900f43568ba6,2
87cc2aef12eddf0b170234138b0946e0,2
a4f6f1f22e3d5cae41187879ded62616,2
64874a0d6c1ec460c2f59886c51b9711,2
22a0c6b3f34506fc9a6d78ff201f3dbf,2
a5215a7a9f46c4185b12f38e9ddf2abc,2
55b71bf300a2765a382eaec566df531f,2
a52ed2fb26d435066d6613134afcb439,2
7893c68e0a8b6e58a70390551e8a84d9,2
7c898e0b8ea203dd94ba846627fc34d1,2
87f87c717c93f801e1a62367ce5ff63f,2
586328f570ac0b651d452f1227db4d1c,2
6463e442310f2f4f321c83a32d8c662b,2
224f4ce3262279a31db214df54befe1b,2
a5bbc554f75cf4afa2cd56791015ec27,2
40b09f33e646d488df2ca6fec4082d50,2
a5d86c5969b4279aad7973985215a4e9,2
8817f0cda3d5b42e5f949ee3be9dc80c,2
8820ae0ed6d06aa20f6ff430acb8651d,2
55aec8e90307dc2a7233549837c12299,2
22234a1dd91ce8e88c7b108d198c40ad,2
a5ffaf53a3938ac2c92f493e524adfca,2
77ff4f618d7c0d6b442ecdf5f02f6a74,2
2852bc2e54973155081dc04bff585ac4,2
8844bd4b8ca8f93603694ca2bceb77e9,2
a659cb33082b851fb87a33af8f0fff29,2
88774687a8883c2c512e37de090bc725,2
409ec48108c4dad2130633a912fe877e,2
454157d7294823cc44ad21d4fe31474a,2
66d59b954a33c0c14fc6b88548833370,2
a6f2ba5bb6d6d36ac92ed1faf4d123f2,2
88c09dd121ebe0b119a759773d405cc4,2
a70d74f54feefedd8108c45553766340,2
a70f58bd49225ad1d9f199d3766385a8,2
a71e9a8a54f4ec1e46202a099345f838,2
a72209f6ea270769cecf0ed4168d3893,2
7501e40e8bc7a7db7c2f4b005e1dddcb,2
a787d9cee40e9de33b13d740c32359e8,2
a78fa6c80b9cc50d0100e12a097b8417,2
88cb48d5db69a7413a20a707e25ec2d6,2
a7a9c0eede9320acf479daf444835d90,2
88d07a97123a341509effc395bf418c8,2
a8075470f960215ffb67624782f80fec,2
21fd3b391a97c2fedab9d0efdd183a93,2
88d524b8b5576da63abf7b16bef48a39,2
44406b87e5ac6494cdb0c9dccd3b88d3,2
a861d5c0df81a446e7e60ddb33ec0659,2
81c01a12e5d25299ba2283cfb09de22a,2
7868a64aa111bbb4f41f8e1146c0becb,2
4091b0553ca1ac3b1aea20e0f387c54a,2
a8a24b2139731e4be5246104224f0633,2
893b9464c6ab7f700148fe9db838b6b4,2
a8bf9a06bef0fe4106c1fc0df21a5eb6,2
a8d2c5e8f29550a539f377d977f10a52,2
a8d952e8e5436a6fe36d24c402d100de,2
6e24ce18a756dce11359936057941ad6,2
82b73150f90f4fef92913e35b9984bb7,2
558180406ec5ec2f77e01f2807180c20,2
40876e499870e34fccde7cfb266a987d,2
a9490f0e069790ddb7d8e7935ea3584a,2
21d2fdced5c69bfc6539b67908a4ad28,2
a963ea4d494221de09b70f1b4a70edbd,2
a96d7b91547c9d381eef6793af2c639e,2
21addb589dd9cf0c658177579dd2e99d,2
407a9382e8c7e321e8ecee388edf0f7b,2
8973d773c115b9e347c34a248f17bc92,2
8983a3b149303c013fceabef902e835a,2
405beab43803e68c26263d0ee804fe7e,2
aa4c5e610242fdfd79969a9577dfe112,2
aa50ff149386fb0469e22f41b39652a6,2
216bfe821826c195bf9da55b12a6c296,2
aa5c7ccc97c30087e5183ed27708905a,2
555b27dfb2ed94d001c28e5624dd6961,2
aa70ae9ee9a798d44ae6e00ce6d82cb1,2
aa8d767a6316127a012fc3d16b84dc7f,2
4027c03e4b0afe1963877d2d164f880b,2
55403fdc84a027ae6565b360af50e1ee,2
400e2ea46d0af06d91c744b624ed8a59,2
2820a0ee65a765e5dbb7ef1da30d2f4f,2
aab4ed0a026e2f1d486ff1556e12b7e7,2
aafec8ef0f0e7bf2f2b811450df61818,2
553e0e7590d3116a072507a3635d2877,2
6ddc47ca7a57816752ed7bfc1f9757e3,2
89de415e2cf869a6b1274f51913f1a49,2
ab43fe3b7b61e3d4ebd20a816b641df7,2
ab4d0d8e7348b45ce6c791374f098eed,2
ab8ba49579d5b0173f85517ce22968c6,2
89e30d3452ed2e7f8d86803da7954f05,2
ab9cf155f8280c3739b09fe341a185e8,2
77fdeb8d4f7502f75b6779205f30a875,2
abe135ae574a8969994de86975004972,2
abe171a94bee936786955f928bd764ab,2
abe322c6be89693af3c42ba847966166,2
abe6b1e401ce596ad0c493aeedb488a4,2
abf445725a52caebfb3c1cdb75dd2de4,2
3ff53c0418c367eb333906f83eff8fbd,2
77fa3381855b6763c52ca3b72824f508,2
20d5583ac76a88720b002f353afec2d0,2
ac480ada5f06d9024eae2c6dd9de4c74,2
ac5bae85a895724330c4acddd581b02b,2
ac6c3623068f30de03045865e4e10089,2
ac850a749748b386d598124ae34ba1b0,2
20d458d013a3988f71009298fecd8607,2
acaeeff80ea0d1f8206f4b25c32fe18e,2
acb9adf09c2067284e67a72f46cc17cf,2
3fddda7e92c16fa45033a4373a116e00,2
20a5aefe5c61d9047acc46a0970e4908,2
20a3c5e7a7b340a10612559c2a03f68c,2
acebea1efbaa063642166633d247aec7,2
ad21c6ffe97ed6db7a3d73b51bca2ee0,2
ad2b6bedd7908a039ae14d7758805299,2
ad3cad415b6ec472fcdeff903a4a2567,2
209c968305b3c2ab858608fc0b21e7e0,2
ad5396bf96af6ede77130e54ad266c61,2
ad5f871bf1f82cf7aed349162ab802e6,2
5525bcf86683c9d9777c2f28326d7db4,2
ada6a9116c85d8e56232e0a4265d7db9,2
adbcdfcfd5b8479f90579e4dd02df2aa,2
6dae4e6bc334685708571a48aa41d437,2
ae154f7a67e5289488f78670d3e5b971,2
ae17f8265a23421715164ab420b62b36,2
ae27a5524edb2c8dc4656c670f458fb7,2
20518c6950587eb5e8f02dad2fa0d685,2
ae5cad88462eb7b7b61401e31c45618e,2
ae6f0a235fafaf39219b83770a3391bf,2
ae728f68e1fe806253238e93f2bfc324,2
29b85c2f1ec5f4d02b03737a8fd3698b,2
aeaba104830f91586dae1bff90f54a8a,2
aece157b74fa793277ecc4e94bedf9a0,2
aed5efaf7a7554165f61fd016846916f,2
aed75ad669fbebd5a385ac7cc2ae7573,2
89feadc2b7a8f393fa1eb9311e88e13a,2
8a26f391ab8b209f67d87dd358f6f004,2
63d117fa87d2dff89156e2c9d885dba7,2
63cec29ad7647672c20955844b3a212e,2
af1b8b408617b07914d3fb6652859e3e,2
8a33c55582d40e0d441c76c2990c467f,2
af39520e0fe7c2703117ddcf3026bfd4,2
af407c297ba8ec15891e2d95193203c2,2
202bd859659a841de892b00c341300ff,2
73de36575bce72868bbbc2ec727aaf43,2
af91083bde899b201798b52ae89babea,2
af9c4277d06aa18aabbfebbe94ee9c79,2
63bff8e34e5c639696856394be9a9ac1,2
afbe1e973aefbf72a330e3bc72d4b476,2
afce90df29b9a0c1bfe5e1033f1197b1,2
82c51c3938503a4ddc096fbed86428d6,2
8a5835aeef83efa6aa947f84f92deb0e,2
afeeea6271148ee1bb15173b8187c431,2
b000447e24e31a4d7e628ca4d0622131,2
3f83491f5ef0e8c381d483fe37352856,2
8a69fc3b5330f7b77ca1a290dfafb133,2
b05e00841a6dad404ef34ae67807879a,2
b05ec8d9cabec69e637318ebba813a09,2
63bfa27a0cee21fd896dc27f58b6d656,2
3f4269f81421aadbfc643a23d5dbf3ff,2
1fe1f9dca96414bdc282cddb276db70e,2
8a7bf523741f8c2bb93d0d6ed38c18d0,2
63ae63c279f3ccd864bc7756f81bec2a,2
6f58431a7150fa91bac9f28f5454a8e8,2
1fce7b244f4a45431713165a869f5f32,2
b0ff378136f25567d2913b3bf7fd7ea1,2
54c31c4585d30843421c7ea07d80f84e,2
73c61364b22d14eac780a200b81d34c5,2
b12ba6fb4716c6732dc00c5f84466dc8,2
b17808303e15dd50538c011b44295427,2
b17a6664cea6ac6c23ff388f5a67c973,2
3f1a741cf5591384428c1cbb0ef07ec0,2
1fb2c1a0d7f863e0644077cb5d8f80df,2
54b5d1594234247b378817e2f67a49aa,2
b216627ec2c376d682722970832aa2c1,2
b248cbdf748a977cdf76991dd59fc429,2
3f0376e782caf27ef19342d8e5c7e6f5,2
b273b6db0baa191909f11d3bc4d44144,2
63a02e48edbe315a16efcd9c9a389785,2
b2b3fbcc207fc52d44daff257e7c491c,2
8aa87bc5f3053b4df2b05a2d3059790b,2
1f8aad0f80f6d061b4d09e538ad496d7,2
b37b72d5a56f887725c2862184b8cab8,2
b38b25d838ae0b8385e8cc68b9017644,2
b3af6df8f36460eadc69ee2310a440d0,2
b3c13ca98fb6f9dd5c6aec8b1d353506,2
b3cd6ea8ef75cbcb2856861b31eb9bc0,2
3efe696e322f9139e3d2b894cb1f7a09,2
81825b8f118d301ef4933de64545b307,2
1f4a5027e72750aea66afd594f9dc10b,2
3ece0f08943c87ee3e0f6bfb045250f3,2
b44cc626aea8d2a65572672cb050c083,2
6d68112743e7ed2de3932554b033f544,2
1ec486885049bbb9b79351d150ed18c4,2
b490f634b94203ba433c7f74c897bdaa,2
8ab5b652aa203b172a243df4c604ef97,2
1ebde342c905182ffc07333fc569c590,2
5483dc3f61a1d385ccc49cec3a560617,2
73b6ae51b2f37b5926d95f4c12e6c7ac,2
b51119656391080bf4b0c2bb98b0f704,2
b520bae2a8c9790cac40196cb2025283,2
1e96e085361f3bf21a06c876982b64f2,2
8acfff88a4a05f0ce1b0336e47d16825,2
8adc1d29aa4fd4d758a91ef997c8a0a2,2
b584de1994f604fa7dfd0b6b9c6c1b99,2
8adfef9b7c8f92b52ef0d9fb88ee9997,2
b59b5899ecf4bcc294a72fdd48adaa94,2
b59fb744c6f3cd1dc23b10f760848d98,2
7c6ae4d12d2754ca0826ad17792c554e,2
3ea344b27741300cc4724d2a5af94460,2
8b21724e123534e3d718d53ae35684e7,2
1e6742b4c9ab3675bfe578670f264ce2,2
b62a3631a65d7a467406d6ff547c37ac,2
b66270a5d5b3a8585f8314b2f14420fb,2
b667e64d366991432e4c9c45ec4d6d1a,2
b6b220a6c539cb65be34eed6fea8fe63,2
b6b76b074ed0d77d0f3443b12d8adb5e,2
8b45810da2ef9860496d56f62435fc40,2
b6e352d888ba31d8999af279cd63aa24,2
b73091f98b819cf7a339f74ece86aa4b,2
b73f6899a58fe7a37e55149e9a11c717,2
8b4d1b3f6edcc74d027e598a572ddcae,2
b756577e274d3a4793fc27209d7072db,2
b7605b5b483063d12bd90a772bff9d21,2
b76364870c38ddd7dcc9dd9ab5abeeb4,2
1e662f768907b55013557beb5ccfbeaa,2
b795524e6ddbae40e910d169242dbcd7,2
b80921007ed3f68cf6e536e6daf08610,2
6f4f2bb136fd2d8e8229355d8fec6b67,2
43f88c8353708451babf9bcdd1fda92a,2
1e618d311a1b7f88a9d96ec50aa85582,2
27777fe4174b166a89d2359ba1eeec7b,2
3e9b58f1436820c248d3f98d7229bb14,2
6f2d7833b8f0a094571ebddebdc6623a,2
b85e7700530804e8e2043604b9b1a6bf,2
b86a41241c8b868c080b433563dc9223,2
3e8f6864be117d2690e410b934840f87,2
b88d27345de2feed45475bb48cca74b1,2
5440e1ed49a1153d573b1543dd10d95e,2
65b96f012e6206481aeb67d31dd9b146,2
b8faf829f47ba1f35f169da4acbdb88d,2
1e1d5e507a02d77ca05f0fbd4783af9c,2
b914a18d4547eff292fedeccc82faec6,2
1e1a186a03f0d98268516827690d4fd2,2
77e18e3ca8faefc4f9a5af55e6243892,2
b944aabf1fc45c01599ee96c7f4d533e,2
b948a6dd0adccdcf3ea81888bf678924,2
b980f3256c981fc178514325143b1fc8,2
b98992ea80b467987a7fbb88e7f2076a,2
b9976e9c22fb1540bd71d1bcd2989475,2
b99e2a514ed0d9a2594decfe71da28e7,2
542a646898298499b45840efc15775e4,2
276e9ed23a30582d125743aaed57ed22,2
ba091f760e02c4b603a0a6a52c2d31d8,2
ba131cee7989ef04b93a79030969c92f,2
ba461381a6bf526c5e970d435541eb2a,2
1dddcf66e6d46f1b94005221d92c6eca,2
8bc30c38b76dfd760a9e57ef36b6e0f2,2
8bfcd04b543971c83e16de0ab446407d,2
ba71302e3a8b2129024487a3e54bc2fa,2
635b74f3dd5462e3c133b42cd9299fa2,2
3e49ed0eb3b0fd7c15032a2e250d43d5,2
baa1af9bc7467e619e2bb2876386ae55,2
8bff0b13faf092077c3bba691c07ff16,2
3e442d09f9dfef002aadf31960869f65,2
6358f5d1f8bea46b44615a9eaad26f81,2
bb48c8fda6bcf73c9a0178fd1a1a366d,2
635812e3e457981e2dbc9739594fdb83,2
6d3d8ade6b793a08b041b6bc653c08ca,2
bb741dd30a6663863873c51be6c1061c,2
1d9263e74c3e8e57d3a7bd505b7b871e,2
632fe3d92c45b5c83f4102fadd94ee92,2
bc0246e1fa0a21cfceaed952d3e9cd38,2
43979b70f75394b51866db74a0b9ce7d,2
bc23e7ab33428b722eb04acc660423ad,2
3e0bc37e01b5c85e125dbaef7cc3f0ad,2
2756f88aa420dd0c5aa25b2db78d4664,2
1d2d3b19f5c3d093d4dbccd3cd963a8f,2
bcb4f6803e8889a70dc5ed14c2f5f785,2
53f27bf4775f33cd452825b7bb4f7af7,2
bd07b66896d6f1494f5b86251848ced7,2
1d0b9497ac4f258fbd822c52ff61b5f4,2
1cf4209f5358de32c5cae2c2dbb84aed,2
bd79fe0e3fca6af51533479baccbf09b,2
bd7cab8de4d7943286634023cc06f8ff,2
bd7cd34fc6d02e730221b11edc354aae,2
8c4dc358af6e14174f2114be62c18f37,2
bdc3291ab242ec1effc8eb0987850268,2
272c04ff0de2f13b78cefa1d769593df,2
1ce47626d790bdfe279ad4cedc159009,2
1cdfaf0cc5abd6063d3a10ae3318f345,2
bdef7736f61a507f68b31bd86ddaf69d,2
6d2928252aa5ba6a5fc439571dd0d748,2
3da76d120922f2c5c94b3ec02db563c9,2
be1d0cae4c4acf0350ad1295fe5a3299,2
be4a664850e0060b7559c67de45e8371,2
6f1ccca9f878a413a495487eb649ab32,2
8c71c9f045a49434865c087cff7bfe02,2
66babee723bbc5f12d8f113b7abe6d21,2
be837f2e0152a208d4386f4126d5bd7c,2
be8aef10cd8c8a52fa98f5f7f71bb373,2
bea978771d1c453faf756fa71f3bdd70,2
beb1cc5b34dcd5fb5c3214a3564b7fdd,2
53d8ee87caa1a2320c66074ff9c99e61,2
8cdcb4646ea91e2ad69608553a04285b,2
beefe69ad05b3ad47376e388d3b5ea22,2
bef4997c604c1f7f307936cc0fb143c1,2
80ac250f5bffe3fff8097929c3c4a938,2
bf2f8d918c34551d0bc8861f3779953e,2
bf35317e81a1e1477a2256328bce9e9f,2
bf53d80c6cb1cbf63ba17e2175d521a5,2
bf66f5d110af02b50af37038afe90bd9,2
bfa8fb32cecbf90899f6f517b77a766f,2
8ce0b48cdcc4b753ae4de64497998338,2
1ca737c9f8f06b3672be9f9f3f603d36,2
bff2390f68a7b76b01ef61b684888261,2
c0350d6ac413eda4641bf92ab687f1b5,2
c041a3fe1e9cf85721c1d1d054210279,2
c055bf6d7dda1345d1226b0b3bb42485,2
c0704b7b41d23540e8576c5e84484dcb,2
c0ac4a89376955451270b960e02209cd,2
c0aed8767e46cce56e77db0ceef83035,2
8ce450d8a20c20e17ba1536a19f60d39,2
c11bf15a30096a9bd622cd856a433136,2
3d98ab25b3b0c893c78f2ce1dc31e1c4,2
77d1b9fb8d3858f503316105e9ac6c51,2
c19d5ba108c34b8255cf9a524da92bc4,2
3d8ecfb459a62c886e330583bdbb3acd,2
3d77287739b6bf1ac163ce2d77570ada,2
c1af2dbb7ddaa89a57094a6fde7578bf,2
3d74d787086b0e22ac320ae43b240aea,2
8cef0a48dd6a31a4da7683d1f35d8925,2
c1dfd7dc17df380ed269d0fc905f6e22,2
c1ec41f62db54e0bfbca55a7068f0b5e,2
c1eee16d856657ad280936810ef3d080,2
53a72a0b6feec4a5cb40c5c79374b471,2
7c5eedf954659c8014c0671ba5e1b99b,2
1c55a8be0613dd888ed9c039cea3d660,2
537795846d3155fd59b4eb12545b1b2f,2
1c4dbd58e9b07007a271122f96bb0add,2
1c47e837f2780378d8485d04ab83a45d,2
3d37da85f5e66558333fb5daee494736,2
8d117b157de0b1a41b75de2833fd4f6e,2
c2a9f8aeb7a51580fccc2d1c4f8bceaf,2
c2b89f69031e68bf1a02822eea9c155b,2
c2d1e60e4deda24940c8039c99f08bbf,2
c2ece64199af7a53793ed9612a89a8cd,2
c2f2d10f8b047f5cffef731479a34432,2
1c27515baa5bece76d41e2353efcdd8e,2
1c21c1ed398eae61184065889ca3d4b0,2
c31539851232e3accbf0ef4c571f97f2,2
738121d1a5b54545080cef01275446d8,2
c344623528c017d4fa7c51cb56d17a98,2
8d12ee985749e3ea570ed7f5c875479a,2
6f1ba20b6411eca7f07ac5cf26381d80,2
8d6f2c3454002d3f5aa7479a7fad7794,2
8d7d29e5fb9ff5333009326c87fc04e9,2
6cc859e89d080218ff4416539ffa030c,2
c39071c6647a7c3e20d61989ec98c305,2
1c155a30fb1a2c828c9064cdcb7d2993,2
6cc44821f36f3156c782da72dd634e47,2
c3debb9f3fb28192343a8f757fd3dc0c,2
532d7f19b8005e415f5b98a1cf4a8690,2
c3f8ee7e05c01c61ab863e336b0f2e5e,2
c3fc73c51e52d3432a4e57ff9ecca467,2
5328338cfaa16ba10561cd970c73ca11,2
82fd0e5d33b58ad696f75449679c1470,2
3cf8d7db7dbaeb28f077151adfc59340,2
c43b672f48eaccbecc94cdf6b4f53485,2
8d9468efb665050bd137607b0c8ce680,2
c43e3279d830e4515718d56b91cfa7d8,2
1bef08f119466a85a83919d5b80facd3,2
450c25d98ed6923154a934554475bf13,2
8d99a7ed81f061ceed740d8900be880a,2
c4787eeb6ad12f7e301f8a9349404443,2
c47d256557f7fa30144ecea5722eebc2,2
3ce943997ff85cad84ec6770b35d6bcd,2
c4cde99afaa1f45277912a3cf485021f,2
c53136cc2d9c25f291925712487f22eb,2
3cdb91cbeb22b6e87c8b595b68dfd5eb,2
737553d6708d9a88beea1a8f4e678b79,2
c5841303f830680eb1cdda8be0ff35bf,2
c5897f6f2d995196dbb40542439da9b9,2
8daf2f80c6d552efdb1012683beb10cf,2
1b7b45fba5ad23e8117914f8b36e6772,2
c5c66926b3f964b8cf9e7dfb1150d13e,2
8db26005b17d1f7e2e8b3ab829051790,2
628bbcb76ac6c7d4abf432b345635f47,2
c5e19a898511a0e8b60bd98fbc1d72eb,2
c62bc42d383a40b285eee3f95240c817,2
52faaea7e7d55dfe5aa81f0b5f79d7b9,2
8db4ee0e7e76083bd7d2d8ba3085b3a2,2
c66def7098f4d87751f40c3a4855ced1,2
c6745a1ce132f8dc5f38829c6fb67eba,2
c67b70ad21dd3cd5254c5da1a24d1e0c,2
c68252426f70e1434cf6e465d7cae869,2
c689470c5a069795896edc7b896d9251,2
c68fdf078b3ec0596bbc5c7ac409e458,2
c695342500b74ff952db47b541726de1,2
c6b3e5dad7e071459c1ab64d517d848c,2
c6bf8cc852eee5c4ab264e792a9c23a1,2
c6d339a1fa8873b1ffe76fb1b7cc10f1,2
1b2066a33aee5851ee3e44b10b36b3c8,2
8db7c6497625f4f17d770bd01912cbe8,2
77b22dbf8c7b5ba7b64f212c1344f7a9,2
c6f91a747904e6f2a5164c862c3b6633,2
77a42b3538a80ebe0556a6d9f3a40483,2
c72edc98e7d77f0c4c04ec80730c05f5,2
1b0e39ec889889ea1d492603d8512bfb,2
c73ce46ad401dcf7c05da1cc8a65dea2,2
c73d6ef7bae692425ef183569ae8f96e,2
c756c946d61f5ffc068418badfb6302c,2
c77780d5086829345e6632976fb648a0,2
c784a651cf319526cc7cf854f83cb941,2
c7d27a4e976afb541a3af538a7594f72,2
3c59055b72a9160589590ca99611487e,2
6c9d52dc769177180599b837030b2ff2,2
c8316575e7ce05609496b6d0b9bce6bd,2
c8327011b01e4666db6770ebb8a86fa9,2
779dd392d4fbe5ca656bf3ceabecbf0b,2
1ae28ef6d0421f92f2e4e6d407e90347,2
c8c6606a94a40c89625b72cf7079aa1d,2
1ad3f793ff482f29c15596c3bc596812,2
8dc41bbd4f596aff149d8aa3e29521e7,2
1acb18fc869c5489d5f76abcd681165e,2
c8f57335e06d8d4e73e34057dc92cfbe,2
3c2f792f1041177a81913a977431a99e,2
62644f19deb898e43ebdcd29ff3d9361,2
52801616f7cc110c31c559fa94cb8563,2
c9c455f9fd8ca66d3ff7f90a249753b4,2
1a909e04ddbc64bda3fc905834678201,2
6c712952b8ef62f8d06a0314917400c8,2
ca2dbc1e0b58b5ff03ed13e728ceddec,2
ca36223e14b83df526098afff99de992,2
ca5c923962558430573f83661dbe36d6,2
52690beab08122aee391378fbf246a58,2
caa41bf17e27022341da028e79152c4c,2
cac52d956eff0cacf32f4b0f0f3aac5c,2
1a428b685ede76217c9efb550c4aaa59,2
659966e9c909841fb346bc47ebf45ea9,2
8301e489165ea0f91dd987fafebbe58c,2
cae7248e9bdfda82584faea19dbf793f,2
1a405418406359cc2b8815f93bf359c2,2
cae8c962ad47ff05a508e6fec4146e1a,2
cb07b3df7c64648bbeceb85cacd464c9,2
cb1cbe2b417948bd4a3e3419ca360d47,2
cb428376d66b5e216d2ef9f3b27fc172,2
cb43c6e1c451902b51f4f4ff512302df,2
cb460986a447ed00da792526bf6189e4,2
cb57bf79c8852724011a0b046b7a07c9,2
3bf87d2001b8176e6a3ad804b80774b4,2
cb81df0e3ccece253557f2a07df4727e,2
6f1b3488c5314b527201978357a8d85f,2
cba54528d3adcef3c12d8e8b9a48bc17,2
cbc5b9bf8ef22d5d2fdc8aab94b47212,2
cbcf718a3400ee5b15ac8d78559e6bb6,2
cbdb9bf611328898bd4b32a384506b3a,2
cbefecd2f12e002078d38c62d665278f,2
cc1b0e67ffb98a08c886e8c3c27a915f,2
8e49e2b4aaa2a78f82c80d2e488084f6,2
7d19da97298dfc1d2e254146559095f3,2
cc971e0365873137b8bef2ebad633e6f,2
cca3a8714ce46539155f98fe944189f9,2
27080bc09a8965fb3ba30063cefb12de,2
cce55549bb816a12eba7ddfd637a961d,2
57a1b8771e227c7730164db309106c98,2
ccec880520770d791d004c9a1ae8b0aa,2
cd2ee35bb109c0ee5b598cae174880bc,2
cd4536501f4e8486f233ea0c0e7e1ee8,2
525d023cea7235fd59133983cc5269bf,2
524d0ebe9a59d96dfaa2983b54a50c15,2
cd58b9f614170d691ae0b6049f842894,2
3bdc103ff400f1e4c1136dfe4ebadbd1,2
cda8b19a05af621d957a97a979b6fa9a,2
cdad30e46a6fc84785a525ad6b5cf748,2
cdafffbe81c76e4cb8b1270523215c82,2
62298e8302e154172f8904c0c2fc620d,2
cdba44bccdafa757b44f7f41b70f4e23,2
cdd63834cc3da0f9225cc20f494dc137,2
cde75c133e1a001c3ffff4f164ce5ef2,2
8f1e43e0e3374ed8c84df748034d6179,2
44f90f085c7a825863cbf867990e1513,2
8f7a3322e1abfed89ac080b0f7364779,2
3bcf64d8d26d6e06bd568d27fe31d8e8,2
ce6f74096c84567f22728c84f3d6e7fc,2
ce846b23f06e1c42afbc68efc1d35b82,2
7c2d0df8e5fbfa71d54a400b33a8502e,2
cebff45f1d1558430be0e07ac0df6a68,2
3b7929cc079c14493fb6fb3373dbc1e1,2
cee96128d25ffe3429e69452233838dd,2
cef6b1cb351ebdaec947e31ad360f5db,2
cf1817039c1c86d9f7a5991817794083,2
cf31f1d61bc63d8a11875302f38263bc,2
8f7ae8d7845cdabafb4b6f20d8bc5a43,2
8f9eb414b31a9433e8c89178813a2072,2
cf6514025ef5d3a93d69d2a7bfa4036b,2
cf78006a2a6b0429b9663edd99bb38f9,2
6f0f907c9cf458139bac7f01777b9bbf,2
7c21d2794fad14d186b2bcd9b07a8298,2
cfa7ee31b3e91eacffe78176dc964965,2
7329db39e452f3fa1b4f8285055a8e36,2
5215505db2113a032810c3644c346a38,2
cfc665b462ccc3a43b1a1283e678b1a0,2
cfd414b4463647f58c7775eaae06893d,2
cfe6e9c01d0bbb5df9a75f0e3286baa9,2
cfe9e8e1f0400c8cc665d41722f34086,2
cff277cb1dc167f45eb05eccefbe4b04,2
19ac68e14d04f4207dda95e2fd44a960,2
1998a489d7fafcff255f51e7ebb38068,2
62177bb58dda374cc02e6cd2616996a1,2
3b10cf7d1e08c598428ad6eb7c59d09c,2
d03a2a3433372ac8f9f6649d1dacadae,2
51e8feeedd83467b86a79aa2769367c5,2
51e88d0b6beb3101d842fa6610c37edb,2
d04e48982547095af81c231c3d581cb6,2
8fc803c7d0a99a53798c7896a7c1e93c,2
61fd556e5319f0e1dfed3ecb8d3bb778,2
d07c0177e489e871713b83a518446ac7,2
194e74feac1f84a8ee5a517d4b3e107a,2
d0a672bae47ae7c26b8e1e2ec152edcf,2
d0fac709247e97e9b44a5351891ef9f3,2
26facbccf840188b92bcc8cb89fe1f64,2
902a8b8bb0768e8562edc2d903337812,2
d12a5178024ccefb3582170a9ab45a0d,2
61f892cad282d3059bd33ae0eef5b02d,2
193cea27ec2ebc61c91cf7dd70420fad,2
d189fbf8b5d79a670cebcaaad68d77b2,2
9041a4cde4a900bc259d3b1b6847f6b1,2
1937b3e587fc766c8d1cef0c11c6aa53,2
6c4d1dce076249f2314ac8f3fc3cc7d1,2
26f7a99db23ac54731f6db28f99c5fc2,2
d239f8cc06397dba9cfb42f9bd6e0377,2
d245838e3d0b2b51d751ccdc98885a8e,2
d24c7932a5182750c209db9a91d209a0,2
1923fbec9d29cfb2cb50a8e69db95cab,2
833b7baca432a26ccfc3e3eaa8271519,2
d272d0921188b0bd91542d704b21404e,2
191f3eac7d624242f8eec11e472b877a,2
d2a78df414eaed74b1aba1bdb777673a,2
d2c277a6bd8e9119fa1a84c70f3eab5d,2
d2e131d6f19ae0d665fc1a6c420b4f4c,2
51cb73e9af0e2e23da237bafae0946d2,2
d30115c5c4af6437de4bbf9faa668de1,2
d315b738a6e96f4d9710af966cb7cd5b,2
d31604dc8480ff739e226bdf88d5000e,2
3a98bcea866c31f53b35a41d3822f908,2
908c23dd2b637d8ff1a4e593a5b249ee,2
d33f55fbec1f19c63fc6854c2fd65925,2
72f78c618c8f81c2b8f0ffd2a51293b4,2
d373a9b9079c251371e94cacf40c1fe7,2
d38a6b2305a426ee95a1b270cafc39f1,2
3a7d90845985f39048815a6939c56be4,2
d3b023772520cd1c6ea58f6701679d4b,2
777ce6cfb2608acfd20cd07f80094e72,2
d418ddef3e7017381084956220b00b9d,2
753de82a096285dc21658d87c4933771,2
d41d8cd98f00b204e9800998ecf8427e,2
d4566d732d7cd4770e835f275a5aaa64,2
d45f43af9b205b51568f78314d3057a6,2
77794668e2278bf0045019b0d8a308b2,2
d498e8a880bdf3d26e2b9b3e92c4f424,2
d4a3b5aa064bf44e74f1e71862bea22a,2
d4a8ab90e626911fa92af68c07228390,2
26f4f1d683f32cfce93292cc626d5eea,2
d4e19eb1e5c5d6194af618d3a67de4e6,2
d4fe034cde911805af12724d73fde7e0,2
d537e54e990d95194a5733e79f1af1aa,2
d55d2479e56093f23ebcf313ceb3bcfe,2
d58020f0dc3b18e41728f846f5072a6c,2
d585c50d622ff40b4d69959caa42a5a3,2
90aa2ab699cd0e459be93124aa91c82f,2
18aee3ce70a5fc870a85f59f409c91f9,2
7775d718fa8dfebe8015e6e5ee3dc5be,2
d5c6f370cae2b55a234255c110feb95b,2
d5e448e00fb7c59b31e0f3e43c2de0d7,2
d600d7ad2039ff6169fef341624fd281,2
90aaf7f993470e411207adabf5b998b6,2
3a5d57db958f4fec143599e2c7113f17,2
d63c71088e06ea00d66dc357cda91a30,2
d64a5abc068bfa0e7e1b7ad7f64fe96c,2
d66243feb576d7d617693bec8d80d124,2
d663d4b73201ef3c8cda9b476e38c9f3,2
61bb78313bc87f6637f26b39d8008ea7,2
d692d19cee022f7acab76373f297ad6a,2
44e086c4a977f37a888627b43880586c,2
d69b7880f262ed14de5f8149d2f0931d,2
d6aa421b9567e3e2a3a0caf8fb846cbc,2
6efb8e8a3fb0785e2b86c6c5e9c7bb9d,2
d6bbda35f0b8505c2f824f1d90295855,2
d6bd998d3d01aaf250bd790a3dab71ac,2
d6d73c1fe2e8c0e3e90e2421ffa4b963,2
3a3f0628722b2f548673a2f7f5fa5605,2
d70f38e7f79c630f8ea00c993897042c,2
d712f3d74faee06c405c93b0b64b8778,2
18870238fd023ef96e834a59dbd4405f,2
839ae04dfa2580c962dbbf9613c3e6f9,2
d73378cc66536ea4da8b4026e23ec2cf,2
d76c049f36a5b4975aa3cf095a6fa499,2
18796df281656da4036dd926561a6030,2
d7cdcdb31629bb225ebedc727c780d9f,2
d7ceaa970defc5f52f1affda0dc32f30,2
44d097d59e8430f88a67517cd0c4f865,2
d7d794641d5ada503ecda1a6f19199d5,2
d88d2f4938825da4771d7972d76c5da7,2
d8de812ed5d981fc6a3984f4caa2aa05,2
913803e9e4b81c3fed4841cbbfdc59fd,2
d902e8400cd0c58b64ea157af940e670,2
43267ceb81c34b7d49decd624671ccfa,2
d9339c5714743c460a9470730f79f6c5,2
d938227f7f7591d77e900cf3df3a645d,2
91472a5abca63bed91ade04c71c203ce,2
d952c09021388fd5b1e5f914f559fb10,2
d9545b3e8df3155bca5b302d0f7c3c1c,2
d97cfa719a6198d4a66453e0c6ed596c,2
83b92639fffd1d55c9e04c77c86d8d2c,2
d9bba71d1d1ad35925593d365a2ab43e,2
d9bdf643d95cb89844c0da1a0df1d16e,2
d9d4c1378e3c6564f55c02bec84e8f2f,2
26abb7e42cded69ba9b3736643ebeb39,2
83bfae859f4a37b048a3abcecb17c506,2
3a362c0e7f9a69276e2d95869a3e143b,2
da7da0c2d3f2dbb32bee4ad3cf467fc6,2
daa5000b84b8bd4a9e8e622f154ac0c5,2
516ccdc0667fe7e260156d1998ef9546,2
dabe0ebb4c28b903d35030ba1b6c8797,2
dafc867209fb20b8331f1edaebc95b58,2
9163c7e81fd68452472912c4cde810aa,2
9165e7a5f9ef266f66ca19a816cdc657,2
515b41ca147ad5a57a9b952fb2d3b775,2
91846781ef75057e134949400768e272,2
db580783a754f97648c304e049cf4d76,2
7770bdde7d6bfd349bfdeabc4ce54c07,2
91a5ae441d12befb1c62c19c4ffc940e,2
3a081630438070b86de554fac9edcc7a,2
db6796aa712a2626572bb3d0b9a039cf,2
91c82ace62e0ca1b69b1a45bcc214b45,2
dbb4ce89c8ed5fb6fd901e2e51093179,2
619d72a5e53d41d7646274a3fa20c2c4,2
dbb9d74e911f8db0dd4d85878064ceb3,2
dbd024d4182504993ad1e3cd2ee9d9e9,2
dbd55362ec13c706503b1c71a5068a1a,2
dbd91d7511ed7f4e61be3a191082644e,2
dbfa741e0e5dfae13c9f023d8b8cbd96,2
83cf2637b3c035693ee58369b791d966,2
dc2cab354de46ca82b8cf4cb24e16614,2
1837cb3869c5eca2fd665cffd1ec1854,2
5135301d684848b74276f22afcc6781c,2
dc4adbe80b638fa8ed7ce4d2822e05af,2
6bd90496e4292446cceb64b93d7dbf81,2
5115d8cd6438c0c4d8abdf38d5d41ebd,2
431d674f9a4fbd0957ecf6ba3fcb6899,2
180fbb426ea5ab0708d43ad3f3839bb9,2
6bd248f93425ceeb625a8a97e2404112,2
39d4f8671e6c7b08d7d0036f4f46390f,2
dca9904850a1b13faa65450fbd000a3d,2
dcd4a3a2a42be1d09bc29d39ff24772b,2
dcecb611ba878d5d8c7853585b285c12,2
dcef0da33db62e8ec01b99cc3d813676,2
17e7128a33dae59e32be411b7b4921b5,2
dd2ca29c9d0f93d3b1d28d7d7ee3025c,2
39c1ee864a1e202ce16e57becca2f68a,2
17da5d80ea0eeabd565083183027d588,2
dd768d259ee6054e0dadd66c8e2be0b6,2
dd841bf589f05e0948ddb0c8d2c749ab,2
dd8e3ce8409dea51c566f227a4fc34ba,2
ddb67d084003da7eb28d3e2992a5971c,2
923fd8ff0cec825036dbbfaa8ddda4b0,2
ddc01db3147c02cb8f547ac87da1718f,2
924526b79ddb063f802d7a11720d7b5e,2
dde35467201d3ff9e3f8e4297aa2768e,2
ddf1b126559b4800f031240ceda06a89,2
39aa98469aa7460a9764311b3f8efb12,2
de36d205f68196c28c2575937b9e737e,2
de37ff8068c8e7b1164a19f0f4d05619,2
de5596e009313841e57616878a6fbce0,2
de72fab731d211f997cb9fac9d8151a1,2
de7be0e706ff92660bc06681f07ca950,2
de81ca6ee18fb1d754027b7ae28f6003,2
de92134fd940e9302d27c31af4581fbd,2
dea837d4f3f30b541725d258c15e4ff1,2
dea9b88ceaceff342424e0a74ae36af7,2
def19e614797eefc0a11face884c50ba,2
def3587f2a221b89fc8f342e858b2176,2
def59eb2e17b32b980b5341984f6b500,2
df42f27d852d49828f9f9fcbf29820d3,2
924c635d837c240da3956f3c28c1e6f4,2
50e9e70a21b874311949e3db8ace597d,2
dfc9d9ea4c2fbabe7abb0066097d9905,2
dfdbfd7997881adc15da4916717e46aa,2
92503fc18ca14a8f32c182ce3f1b9f05,2
dff20ba2dd059040c0940992753c0a58,2
6bc8dadd7731eae110fe2d177361784c,2
e068d6beb383500788df589d811cbda0,2
927c2a01437aaec44d9b67f277b55eab,2
e07cf6c8c490ceac43740740459d87ff,2
e0884eed28311e4365d93a89ac57eafb,2
e0ad25bc5c1a836e8ce38526c92491a7,2
1750753e77dc38c4afe6fc90f02c39bc,2
1747048d975dfb4b55bc232200ccc53f,2
399656db7a0d49d36300b81120bffeb1,2
6bb54c0a1ddf991dc06cc7cb5a13bab7,2
e1901d5d99ca951543717ea5d1940a36,2
e1963d980dceccd99cce847556e111ae,2
430f4c8e02bd4e1fe6330c38689b54f3,2
e1a698b55be47318e6d178c57bf5370f,2
c1cf541d5b33a4b04ddc1c3be7aa1c86,2
173c08b531cec70292992396ced22e7d,2
752cc72634eb0d850747733e9bd4b0b6,2
e1e932dfb67414e80b87ad97688cf2a3,2
4308439e0d80d5fe03f17ba83b57c493,2
92e16cf2fab490ab9ae87a305d5f8f7f,2
173b3c971bbd7b0d48b9d87a96d10783,2
9328c3a5c42ae7b32d53e419f9b93d66,2
17362fcfc13b829500dcd59fc4c02a89,2
e2a73ef4fc3f78da8824aaec109a2676,2
e2b9488ff4e25e7fb5a2973a65eb79e2,2
173255396ec907ab516d3848dbcc98da,2
83d24e3a3b4a762ff0a4ce727b875d4b,2
e2e426d1332240070b0a836a854d057b,2
e2f1ccf86759df28dd1e9f2e0e3242d4,2
e32ec50062d77cbd89601812fe6acc35,2
e336c656869480e20d04ca9389b12167,2
e340207acac912600273ffd7ea058780,2
50b671fa06a05828948cd518088eba27,2
171bb407ca7cfdf4b960389e4404ce8c,2
936a034fe3b07b7ae7c87fc8ceb0749d,2
e3f7b3cbb0ccf1f1e361e6974b22e346,2
9391a573abe00141c56e38d84d7d5b3b,2
e4176515d2055eb7771645c597f8b40c,2
e41a6ac2f57a273eb0d214c7cbab5db9,2
72c0ede833dac61a24ac9a7c394066a5,2
e4782ca6e59722999a1b22f350c28ddb,2
e489b41419c7d7d00445dc5d3c9966a4,2
83e5adb51c0d54eff80057f064f808d2,2
9394f87dc3875b085ec46efca4822642,2
16d928f7b23b3d30bd5a9ff281eed9b8,2
7f1a77bec0639e473392e91a504272a5,2
16d47089f9bc7f16de16cc4bd3b9dd49,2
5083416598756311d4bb4ddabd661e25,2
42fd6f72ca3e6f53b25d7a19b0536630,2
268a2d46f49d8d1007f0381bc8c1edcc,2
93d8b11d613a563f5a26212282bb145e,2
e4fe462cce9f36e312b869418a86bc3a,2
26782e17e3df2c4b6142ac9ddc0af5d4,2
e5178e8bcef1146c07bf05c267ed1729,2
e5188da1834c44869e7f0b1b2c0b4c14,2
79fca321dbd3453bd8211690e39f1659,2
e5433d154f98bcb2c139b9679fce0814,2
93e6c730cc84ef7cfdd20cdfb2269144,2
28fd7231afb14b368127513ae6ffe144,2
7eb96ea641252f20b26fd6878d009a1d,2
38f6f11c49e90b02571dea02043c9e3a,2
169e1fedd1319ca92e90e057e7123005,2
e5d51a994a31fdaf8d7ec087d31a9576,2
e5da60b217874889dd4becf29412d793,2
1697727d6c82c23c7149c6c773683d2c,2
72b253635b316f49e42e618d6e585ebc,2
e60929757cfd605adb6061bc68412253,2
944a8fa6055b8213f9e715720d4e2d5c,2
813329d52f377306fa1614ca9a962cd5,2
167a7aad1e1e0717b9b5ab7d6c724ad5,2
9453bde60c4ee52155c963641736cfc5,2
28fb90993dc41cc9bd28407d44c581ca,2
165cf891cdb818da8293163bf0a9b2ba,2
e6b6e13cf71449a457269f425b89dc74,2
947c79ffdc05997e940df6e00bc8a82e,2
8466762a9393a2b2b1de73f3cf6081a3,2
e70cbdacbd8a00d59dfabfbd53d84091,2
38e19855caf485b504d6f33ed31a9eb4,2
38dcb9ae53c258cfba73583f9454d721,2
e74384c9363e768848854356a37c73f4,2
e78506414d2563b6414cfd84b7fa0802,2
94ab89bbeb920c479a0a9ed200c77274,2
e7a1555b071186b8184e2fe0e647181a,2
163da86e86f0089de089399c28c3fcbb,2
72aa1e49a803b462fd0a83071c894e7b,2
60d60857503b0e721781320f4fa28acf,2
e7e0728e9e488b0a67ef4d95e98ee4c8,2
e82d0f095d2e87c1d46d5f909ed00a30,2
6b770b5934dbdb29064efdf34bfa6cf5,2
e84fb20fe338824c220166d3cd562cbd,2
e85cdca8790ea0026ddf7316f469608a,2
e85d91619b497e98754390b6198a9818,2
e8750c9a319a8eddd30f0abc4646bd75,2
e8a2ee67401eb29a9eba28e2eab61a8b,2
e8b2fecb5049dcecf8c1ff4cfdb03c61,2
e8c6039a25765995ac7c1ec2cbef5765,2
9523bf75c55cbbd31a79ea86a9157a39,2
e8ca1ff2d0a28edb5be8bfbf2964dc3a,2
65610bb38e3ee3e20a94885411c3feec,2
38ad86e536a0e27c5a4d2dc30964259d,2
e97c75fa6d2e8a1b94aeb56327b25493,2
15fdd6032f35d4add5066fb90be28630,2
e9ba3ec00ccd563b43e5de69a74a43d7,2
e9ceb9123d3103b7ad293c168dd3a547,2
15f773b4fea5b2ab681b02620b0c3a95,2
e9def91e99c8ecb7c5cef5e31506a056,2
ea1d9847778160f2d0c74950812fd8d0,2
ea3681fd0335adf45b71f1145ac562c7,2
6b6b162b177d0f36987993aecbe1c65f,2
952e73f7e8bee61569a32b35c19bc981,2
60a8d8f0434c4531bf310eebf9f19cfe,2
953107f6a9859bfebd242f5f03fe1585,2
ea4f6504cf603bc9b3233999c4ba4ff8,2
ea546947e2412f88a20ac74103592b42,2
ea74c867ca62f47d2c6bb8f14bdd34df,2
eaaedcf6f1fee559b27b286e16afdf88,2
eac894f4cb6bb0f613f80bdbfb18fa57,2
eace264775d7cb8c0ec565d7746f661c,2
388ff2c827798649fc2a40fd7af129d5,2
eb13f07e760f0deb9bde498ef4c5d585,2
eb356ef61e2262adcadc023b9522609d,2
eb45e95b37dfceebc7b740688cff3686,2
eb47d7ea4e5611684330021baa317c17,2
eb6663ccd7aa2159c1f15e557cff4a3a,2
84777fa5b1c62e5e495240dfd0b2f24a,2
388a6943ef1d99b81f642a0137bfa5da,2
6b54c329383ae411a34c9791f7a51145,2
eb9ae6bfc0ac320eac1aec583692de6b,2
ebcf9e2edf1b5ef61117102401561d4a,2
6ebee4184f691707f35a8ef04e1f2f22,2
ebf7d9b8166c02eb72e573eebd630458,2
ec242882027ee23182f0e790e4117128,2
159dc4423e5092c3baa443379a458fa9,2
4fb75e72740ecb238efad0fbea708f3a,2
ec72556b5da399d24fe06338e816a9ac,2
ec8ae427905e10052ee4f1e9993b6763,2
156687e7a24c248ccf007521b1b49857,2
8477d691ae21afadfa805681bef3a620,2
4fb651ace30be388c0e95f48f3308e5a,2
ecbe401f10ecd3b822d940d63cc3311e,2
ecd5590150f090ae992fb88204802235,2
1556ff9027b40867291a46b185ececa5,2
4fb3e6ce442ce9c621ea9509e47ac951,2
6b3de4cb14325f3a0dafa939520f514e,2
3863a6df816f3b8ce0358a1243541fcb,2
95c2c14503645a9f87cf2401c523482c,2
ed2067a9c1f79553088a3c67b99a9f97,2
95c40b993a22463c83beb5c51a03d46c,2
ed43976cb61c922803515e4963d9e5cc,2
607ef4aa416b93fdeb2a811c2c73ad81,2
ed5122a6a757a4fea8f32a6fb95a5135,2
ed7090839f8e749840a20f1c1cc78717,2
ed71a85647afea9562cd2a14b1ac8622,2
ed7ba72ce7a0ce3d9b60d543329b1fa2,2
ed9b924bdbd0fd22c60aba6dddfbb6e5,2
573722511f4fc28539f3d8810a50ea1c,2
edfbb2566914ddd223d3bd6fa1e9693c,2
6b0c1aaa92ff6dc45373717f313e7ebc,2
84a87daa85c8b432d90bc1baa0cb4388,2
ee300c0281d54f57ed53d622f7e8dbff,2
1529199a7d88ac40cef5b4a508f18f2c,2
4f88323d03ffaf090b8fb0116b33c95e,2
96aca2f53bcaed6f466449f7fb18ae75,2
7c10008aef9fdc1807eb46f191a8ce16,2
150c699262a053229e89213dc9c358d2,2
ee72ae8f6d0b11d7f04230fc894d7e39,2
ee75970e2871fe4204cf7bcdda61d08a,2
ee8b16196604ed47b34b094351ce68e2,2
ee9ed2cfda2266908e54a907de098d23,2
eea3e07f864a0a1389726d8a5f31c3f6,2
14e95770921ccb6caef2e6134c182d78,2
eebf94b514dfad1c44c4f066a94fb732,2
96d2a150ac4532d4d55c554d309bbc59,2
ef0e165d773ec293c5aeb5470a08b183,2
ef2fb3a493929907466587fecb5611e2,2
ef305675b4b5113913f5998336fbd86a,2
37eb540beaaf7aebd7d20b2f384af63d,2
ef69da85d3bc28e624e5bc8fd34456c7,2
96d6c71675adc35bcf32f970cdffe2d6,2
96dbad46bf454d233b0d2adf108294a1,2
efafd20c0dfb7a4c591ec374a6befdcd,2
14a804caa27d1d738183cbbad4d84346,2
96ea060e41bdecc64e2de00b97068975,2
6aeed495dcb87dd06532f70dea6ebb5a,2
eff955ba97941dc6837a770367d66944,2
84c79830527ae823029ee6b904cf948c,2
f0737b524fe6b57f2ad4f174ce23a62c,2
1491a8ff192d4b5c369b0eaa2fe33ee5,2
4f130a13e2dd77a6f88f31e7addcec0c,2
f0bb82bede57b520480ce892667bb71d,2
f0bbc1bdaf90ddcab4aa862660dfc6d3,2
f0f464c1300173b9ed4aeacf16840936,2
f11d6bc6c73bf0326ae129cb88ca04c4,2
f152b09d0630df240acc7c63009e814d,2
f159439c5c382fae366d444e05c590c1,2
668c66401c7341a09fbde2bcf15c1d55,2
5730d73af7faffe9b95d69fd03ea51df,2
60184212dae4e6b0da32bf54271a8c4a,2
14555ba663de8689feacf1d0819cc3b3,2
84d2057bc1f88332d0892eea0e997d28,2
6eba58100f906fe0965290b28ca3c45f,2
37bc5c7b7dca15cfcbe282fb0dd0bab3,2
f1e2a5604f4589523f0c31f15e3fc6cf,2
f1f41c991881dc3d4cbcedade3ec1622,2
f1f762d742a61bd111909093655c621d,2
f1f90547cd55861d02c56010c10fa8a5,2
37bb05868e497e0d9356d850c3d3bab4,2
6ae3f85f46a37844372252496c77b4d8,2
5fe986940fc67df6769cf784fb063395,2
f20e2a3811156fe0a12b4cd5c3638195,2
9746ab6f7694c5e2fc9fe14befbb5c18,2
723f62c36c298037716bf60c0ad0df3a,2
5fde2352cd9bb03105487d89242a0549,2
f2af004352a06a99dca765596240cbc3,2
f2d649f157cebee085ed738f23d5d6b7,2
14137f0fd56e4d0b8102dcfcc9b0a4fe,2
378f61e89b6c50bd26a0a74c6ca046f0,2
f2f411f86bd5bd427e28e2a30771761f,2
f303e2cdf0967ef1a153d12f2685d280,2
140a8324a66db81d299b24b30d93098e,2
f337ef897cbb898bf66be49d94c0bba8,2
f343690217692891e7a092d5c1e5eef7,2
f35013cb05a9538a4428fa6161b2c96b,2
5fc9976b2e864ae065866725645c716e,2
13fd915e499b787f1f4c9dbb231d0d4c,2
652b2c3cfb3ca763c54795335a22f1ad,2
f39a8b27ce90ac582103bf36f09690dd,2
f3bd35fc9b0b0c276dabdedcb1969f70,2
4ebb87ba41ca446326804d0e7f8dcc93,2
f3ead0dbcae5b065731b183396c1da2f,2
f3fddc967610429e8ee3cf2d089817bf,2
13c6408395db73f81805ef46fa6ac926,2
f405ca375ecf0c43fd547ed766df66cc,2
13c1b4c5f9f4eb68afa4132342e73777,2
f41b27c06a91e6f554c113a7e702ee7a,2
f46098048d1a0c30ce1495246b8fd752,2
f4685661dba7a38783007afb3e5fe8ac,2
f48b3669c93b58bd6e23f226aacc62f0,2
9749d8875e250b3cb65d938c46efac5a,2
f4a38926843e01497a3f63a5d5740c72,2
44c015f31e165a805a0c68a2124e2e90,2
13befae9b3fb34c439cf4744fd18dfa7,2
4ebab6a2135a2477b657bda38646b64b,2
4eba76ab901d06e619d8d7ac69b3579a,2
f516645f81debe9cff9416a20662dc43,2
f517e42dd0e3a8d6797dbd1010416447,2
f51bda33ab6008cea43d2be021b866c4,2
f521813909e310116b6b2f0b11f3dd44,2
25a1c5b2e0ccbf703cb7b69ffebfaf38,2
f5889057b0c061390ce20f4b7b842ac0,2
84f5c4f480ad6c9998d6a6860f1a2e41,2
f59062775ff63deba00e8b425f127e35,2
81b6c7c058add831803fcbba6dcc1df2,2
85337022853da10b8f5fd7d1ef180421,2
f5c47e637a96fcf0de8c1c6baa75d856,2
5fb0955cb683eb6f65a1f613e502eef5,2
97ab901f90b75df669b546a1d68d0512,2
f62cbf4416c9ef8e1b4e8d5279891f24,2
97b1f3f9eeee9126dc8109846aa63ca0,2
722dc14e0848efdb771dca6de2929c41,2
f67ad6b3366ae186b8d29087e6d5ebd0,2
f6863b4410e703a4182444a4ede2e7c2,2
371c121dc86b3821f720e7dbe1928207,2
7efd7d1a1a985eae9fecdb134fd657d3,2
97c57b8428f6b7a7597248a02938681d,2
f6fa93875f4a7dac03e0a22143f4d815,2
134e9349b6b54e115f640c6df85fd3bf,2
f71c0f4ee48321ba6b82205b2fc9e08f,2
f72b26eeffe2345b486cfeb723305bac,2
f731f8587d4088c174397e010cf892a9,2
f76648d50e1f928a32d5d8559719092f,2
134957eeec87be2414ac629ee0b947a4,2
4256cf575577f02e6c98d452ad40fa63,2
f78c2e2b9562f4eb436a275b2a230531,2
f7a17d2c51d9df89a4f1711c4ac17f33,2
f7c7bd3105bd26ce0de4072af7159f84,2
f7d5edd55cc83003c9ff58de184833d5,2
130482add9fd75ccb6c57ba007694a2d,2
853ee0759242b6c1e8e1de5052df3fc4,2
12fd8665371236b5b586ea4e448902c8,2
7f4e034245e45549110139d1de248f83,2
6ac9af102b44f348819e072be3bb57c2,2
f8328e9125f089a968fc6b36116c4bb9,2
9834262f81613c7215955ac3b7081919,2
9847d08b81ab75c5bdaf6823c7fe00b2,2
f88585b513695493f26dbffb34c01e75,2
985bf2af90ac31349ca19417e2752410,2
79e95411be04d7f2382be6cca1779ae7,2
f8b624d4e475bb8d1bddf1b65c6a64f6,2
256086616d085d9fdedf74f8595f589a,2
f8e5d2574bedbb98efe044c829386487,2
36cacc00d6c8a439a65077fd08294322,2
f8ea5fcf9c628485e01b9c3cf52728c2,2
4e5e41fb7d296a6f776c63fee5cb9fac,2
4e5dc46fe4e31dd605f374ee43f0268e,2
f93abb853eee25cbbce73bbc1c10667d,2
f97a136cf6e5f5d9333b513afc8b153e,2
f98dbc219c0bcd7fb37420dff826912f,2
f9a7825fa51f487b8a48f67e9efced8c,2
369dfa384d5ad2a0cb97cb4cda846c47,2
5f6906793eb1d554d76c39398ce08693,2
f9bdcb274f479aa71dd34e8bccdd9a82,2
36940188c2ad1a212b94931a08cc3c29,2
423a6644f0aa529e8828ff1f91003690,2
254689a977285f8dd17c32b30870e933,2
f9d151cf2fc10d41cce64b782856320f,2
f9e110c72727fb5733e1a7e6a7a230c5,2
fa05881d3eb7ffec2322b507ed3ccc6b,2
56c221c4c1a4a98293895c4563cdc6bf,2
12a3f3a8ef6c5e3c29c88e670fd61ee9,2
fa23bf270fb9880690b07d09b9f9ff20,2
5f622da714951c5ae86acf68c0a03d30,2
fa4e8255202fd921350a6fc716710dae,2
589d0ec4c794dd688991c0f539f9e015,2
fa80471d26662bb653b2286e4b735a5a,2
4e42337065d8ce68661c6df8b2be58a6,2
faf1ee0011431f48e299fe92491a14c2,2
6eab02945f640e007c4b9a26fbbecc94,2
36856b22e842c96589a6b542aa92e179,2
fb14dbd8b5d4195d70df81f35b593889,2
fb1c85ab4adb8f0fd63d3e2156e51f4b,2
4e298ec3bbc50cd5ae9f4b8ab064fa5b,2
fb3d7615501eb8155531583652015360,2
81e171883f20e3585db28d4ee81bd75c,2
12667a519a4a3094eab02f5841b07409,2
4e18c6967304419be650ad67237966ce,2
fb783e3e545937820b57fe539b2c5a6c,2
fb7a100ec8c7b34f60cec22b1a9a10e0,2
5f5d009b0eed255c950e16ccad915ff7,2
fb973e8b27e30aa34b8bee900dd1cdf8,2
fbaefac04950112a7da468bc016cc257,2
fbb4594a7d9aff5d02ae898ee494b935,2
fbb72ae209733219a1a5019715b15472,2
85eed6b3f52d601d2a288e2668b888df,2
363a742635cc645c207ce8102de9b837,2
362aecb999551eb6adcd8c5594e255fc,2
11fb16e86df4d50cd2c289ede0b70f42,2
251876e7ba013b87b7262fb2524e2d60,2
11bbef4e2a44601d9dd471aa1fb433e6,2
4e0d588f8e002f2bad9cbe0b8f66f6f6,2
fc5dd987f12a7b823a76a44aa1ba88f6,2
fc64f94fa41c3384cce3defbe89db72f,2
fc7138a8f96aee8302e42916bbbbb818,2
7830940a7e1e18bb7e59e112bca98d1e,2
85fa36e792c259f4f0022c6966c50c1c,2
fcad6e5643f855de4b616a24e6dd25e4,2
11a8af1af041fa2d890e7922566feadb,2
fcb72602e3e6f59e5fdb5c3a4a3de410,2
fcdb929c70287379ce31deed3f733d72,2
fcf28afb1353f2f12ea041dd74954226,2
56b83ac081e4e6ea5f87323b4e46e85c,2
fcf6ad274391aea29f5d6e5ef9da5050,2
1191e61a83c807323c6c1cb5eac9ff3c,2
99a7f15d914ad5f7432f6ccb18f95292,2
fdad06d08341796c0a7975fcaaba7a2e,2
fdbf9f9491572857107621c9e0c5d59c,2
fde7de6bf5508a0001da45dbe6c80b22,2
35e30f098f0bdf1af247ff22a9b14fd8,2
56b81eaffe3c2e7e54f3bdf2a935164f,2
fe117e311878a71023889b7bb6a8f2c2,2
fe55c83c8471a2fca643b9291c1f105e,2
99b5d7eec773ceced9d287d753ca00e9,2
99b89f140f651db441848081814dd1a1,2
4dfbe01419f983d397ed0439f090541d,2
99d48e31cb95ab20a319faea37066bf0,2
1175dc374bce5c9d93c4d4281d8d85d7,2
1131505c80690c39fe3696048a24fc2d,2
fe95eb948375116da759c8ef60295001,2
35a3e0dd6e0b5b84dfd2997546da5df8,2
99d78b96be1452047a05d7e66bad134d,2
111d0b1e69f349615615113cf6b275fa,2
fec565c4e3ad965c73fb1a21bb809257,2
fecf6223a3494f35362f670e571d2a04,2
56a46955ecaf11d037f22e3f11b903d7,2
3591b4602bb8316dd178c98a97c29454,2
42130cd7a981706499a4d337f2f7f621,2
ff3377c7e76bb050877c8a7c28d7525f,2
357a9e8a4b691ffbb0f855b23d490c4e,2
7eaf66aca1ed54df09b3c864b7416110,2
002159fe700ed3521f46cfcf6e941c76,2
28ce57ecf4afba85e6020ec0209cada9,2
ff6caf9340512b8bf6d2a2a6df032cfa,2
ff724c4888bdcfb01e7028066db3bb98,2
ff7a70b3356d433014b7d6957ed196cb,2
ff7c7524d5f9a8386ab27088ec03c1fb,2
ff7fccf8513f360157f0660fe51d1d88,2
861857117917aaa99611defcc0d514cd,2
ff9032482857269e8683f0c2f8ba4709,2
ff922797a6771cab4e0c51d482285ec3,2
ff95ac47246ef13e48712ea1ff8df0d9,2
3ec2984cb2de1675a0306bfc60dbe5a5,1
3ecdc0c6f18cf5c74f2b2e11c23ef462,1
3ecf69ee1fe21cfd40b30cbea549e563,1
3ef787b4af18c9a34154a46928b09b24,1
3efc7a945462447c7f6219f14ce3235a,1
3efd399c5d016b9e6a5ad3196eade44f,1
3efebb35470259ef6ca0f8fa282631f7,1
3f030b63da680202be73077d29199e31,1
3f1361100ad34281edf04ce745f62b89,1
3f212fef0e1f11b343226b633f0426df,1
3f26ccc2d547ea9b11e5ef9673fb40dc,1
3f289108c4090cd68adf56e2ae40dced,1
3f29ff76d9ee5fd080b96ce49afc6c94,1
3f37f32e535d54ae9b3c1cf62aa76c43,1
3f40e0e434d939f380a29f5e863cfb9f,1
3f6f946481fd39f4eda986012f6e0447,1
3f7965eac71911314776d32209c84483,1
3f865b4848677595ed67740b3330d99e,1
3f9609072abcb4b849b1f901663cc08b,1
3f9d819e1669be4865fdcd717968bb4e,1
3fa16862566852fd5dcdb4c0e24c9db6,1
3fa864b2eb9bb60d23bfe315213bb5d9,1
3faadd91c89ff779e6cd1fd09a46ee39,1
3fab9767a48fd2bbbf649feaab5b434a,1
3fae92f8d0ebb3317991934a6d717c47,1
3fb22448e11f38ac4437c25693fcac1e,1
3fc00af0f0a8d4ac2933d3900416c977,1
3fc5135bc733379e511defc64c61738d,1
3fce2ec89543bd1ecbc0a87d599bf4f7,1
3fd19f24609ba67a95e7a88f1b0e8e7d,1
3fe92971b9d5a0280651851e06ea0ef1,1
3ff90de8afa748b1f8441607fb2b1e49,1
40002041835941ae0e10b9716ab7b03d,1
4005df5f887f3c2529f363671fc8f4a5,1
401717fdb76bea40aad511f64ab03c92,1
401b5632c06c51319df083f1245a96ca,1
40256a4f675b7f41f2ba899b022c02b5,1
40263263ca0cba325e7d97ada30b8dc6,1
4039e5b67d430bc9a4078e814d7fafc9,1
403e95f4460939e06a89a253a15dd99f,1
403f76f6cb6bac59fe7dcb462ec42ac3,1
4048d207d5f97fb47be6486952d641aa,1
405b665fb38de919ddef2046a207fddf,1
40749a37d68c1827c0ccd1844e9e3c8f,1
407bc2771e1ae0911576de1560d3adcc,1
408a59367613a62d59b6e3ca5ed58631,1
408dc0e1523c3915352e552a1a23c663,1
4094a0149a0f4da09703696fe235617c,1
40a13d0a09a3d1334e8537ce3194f0ec,1
40a1e3c65a0bcf6f4ebba840a8156ba2,1
40a4dfa74a737d541b3c2413edf9cdf6,1
40a5f1699745ef73e63e53a7d51ea0e0,1
40b6762970c412b5b5392cd0d4c006b1,1
40bc6155bfab13c191f9d5a72ebe12c7,1
40c19ad8081c5efe90d93d945287adb8,1
40cb225d40f0acc7c8a2dc7b27176874,1
40cb7bb3d30559b9b6c4fb62bc837962,1
40e0e757ad6d3fd9059ffa64b249a12f,1
4100a608bd0aa524b06ffefba973707b,1
410dd36335e15d089a9668e9bb5b2cd7,1
4128a326a8aa3eb532eb2c120520663a,1
41311fd6316a50a9ff4ac5bfca1b910b,1
413f42e07324c88bf0dc54e21a69a3c0,1
414c53fa9c5cc4a0390682aeb2e25ec1,1
415a910fc2d4976a0c0f7c86a1c1d129,1
415c42d82ead424bfd3f256565bc5dae,1
415dfa57292b8b7360d3f4cf2f9bff06,1
416c4340800aa9bce887e000e96390a9,1
41751736c87d2da5af7c27168bf45a9d,1
4178e16324fd0c9a8e18463caf390cc6,1
4183c824f5d60e348c536af8155f4e8e,1
41888ddc79f5e2204681abacf72d608d,1
418c8127e2810370323241e326874320,1
41905505467674f4496fd2f6e9ebae6f,1
419ad775cb3c503c2ef135826f81065d,1
41b24e4f49504cc023666ed7cde3cf16,1
41c1f03b4d5bac6d41d5f9d2a85389c6,1
41db6d8062fcd38410c699743ccc0265,1
41f0468311f84a21f55c7f09f6c8fa67,1
41f9d5d764dc0fa4928c9177275e5763,1
41fa7e83aa499518d6e793a30a1ce242,1
41fbde40144efcd09db07250981d7b93,1
420575f8e2c456d57fd9ea8fe99090f9,1
420921e97463577fd5cc62c687d90bca,1
4211583ce8f0b2bfb7471b49d9bacbdf,1
42155695adbe665066ad812855fe523a,1
4219bea6cb9e38ad99b7e380bc11fb16,1
421d4110757e678b219c4ecb3832a7f3,1
421fbb32d56489554d727fbd4b2fa65d,1
42212fc3d57c0e2242bd661e94e1e067,1
4222fa433d71c969509acc408f343e89,1
4228bf901c8db392cbffcbc1f14a13e2,1
423b46d7ff817b1cd19ab195c7b76546,1
4244733e06e7ecb4970a6e2683c13e61,1
425966339f6d9c933d8f5f23310d86a6,1
425db55cb3b0f5b18a2d9964da31c3c0,1
42629edd68bffc7993ce24e1a86ebc96,1
4265377049dee1738626d7a34a5a71e2,1
426c58d69aa402e5397c4b6471420fbe,1
4275f85d0173354d8ca336b70a87aa6a,1
4283bfae8ccecf22edb4cc17084aeab0,1
428826d374cf2a3f61d6072163ca6502,1
428f11967f2d855633c7857078c16fd6,1
428f4b96ba9f630e761b333673039ae6,1
4293865e4ead3d446609086b4cfedb4f,1
4299cf45bc9aa8ef5bd9337035c286e5,1
42a5c4d918ca01a2dcb5baf385d64200,1
42ba5eab75cf0db7905414fdc6a3fd7c,1
42c99de3dc62c3687c4c7da629da3c50,1
42ed7ff87eec051d7f9364afbf091dd3,1
42eeafd44530254139fba96265b34a17,1
42ef2bdec0493fd90852352fcfbf2c24,1
42f25a7251d847a86c1849731bf166ff,1
42f33073be6531e8f6d0a18fda862ea1,1
430315bedd89f81ceec11ba8cc51ebe1,1
431fd984f18cf930e301e4815be65ca4,1
432357855585cf634fc9923523ce5e4a,1
43354a2ac9eca9f50cb31647c6d5516a,1
43549c728834f6804c2a32ef08c086ff,1
435fc681f12d221baf2257621262018b,1
436f1aaf28631abf937c44f695d3c350,1
4372c58b785f6a6e66899e62099b6ef2,1
437773d07b1edcb634d4f4a2ad377be2,1
43838436d448f6775af2718e0de8dc50,1
43944a8f8f0b7ae86b6c3d3c2f257375,1
4395690ceee4379785f481610bf962ac,1
439d0c278b77ddc4b1488de210c8df35,1
439dee65f97bb5e70b021e1e7cf54a5e,1
43adec23c5b0d25ac0f521430a176623,1
43c78ce98fcf40ac29ce5912c85eee20,1
43c81702c9aca96af077286a5b2525b9,1
43df79876ad10b1a273644d9e177da75,1
44053ed0088d0655ed338810cd2d4d51,1
4407440c06d8c11ce1b2e61c4382a8f3,1
441293f432282ea2ab9c82fe5f0fb875,1
441b44bcdcc4969bd3a9d67bbeed44f2,1
441f80632def2e872e95a3e474226119,1
442484911e00b4bff85ece3e10c1dc1f,1
44291e25afe160dfe5f844da1b0f8b15,1
442cec8fcec2cb2c32671cd0dfb02971,1
442fbdff3d856511168100ed3bafaadc,1
4432acdc80e1b1f73f9f355f12ecd60f,1
44408f8595b18c8b5a854f5945de6082,1
44483ca1c9223756ee0ee71c0676d3a3,1
446295cf6f689d4db477145815362608,1
4464ecc5c8cd38eff5beae1484f80166,1
446cf7e594fa3103f5d26069356b55e2,1
446e83f3f31931e9eda31363bde07293,1
4483c98ea94953839ff0e935627b831d,1
4487261e208ce5d3a8d1a997ccd99dcf,1
44907e5763ed2255fff21e4fb12a635a,1
44980f2abfac3c9364a666403350799b,1
44a064a339782c3cdd7e457b169ef0b0,1
44a6af14e39124bee07dc2eb2df39a54,1
44ab978ea1af4ed2f20e7efd5e21ef71,1
44ae8d3edf5612ff7a39d629d5bbb8ae,1
44b6fc0101a9341e43ad3342a51ef75b,1
44c2454898f2a54b488fbbd767589cbe,1
44ce1d7bd584edde67a1d743349829f2,1
44d958961868395bfe852e70d48081f4,1
44dcb08478450d530b70de0c5c7c5f4a,1
44e5dd2a8bc1c55eeeffac2f3df1e8cc,1
44f33e4105880d97c9db2506954dbfa3,1
44feb28a74abb0f2f303412d60160750,1
451482edc91f59c001a5a3a0e4d594bf,1
451f6a5c5b15c9c5819256be358df9f0,1
452f66a0f164cac57802e2cea93188ac,1
45441cbbcc1a9ff79903bb3b7c2e6670,1
4563095e06df1fa67de2eade86f4f01b,1
4567fd79f37f89a3f13db0bda7441a0e,1
457ca2b0e3bf044a65c8bee434d5c5f8,1
45817bdb08cc2ba11a384d7428d95da9,1
4583e308182e4e78d5b71b5af1804def,1
45a19bf9dddef525a5881b62c01f164c,1
45b280868bcc8124d9309f459a42eeaf,1
45e1e8edc20a5fabee57761f03feafc4,1
45f0310974e6082deeda855f91984347,1
460a66fcc404a3d7306d5f50fcb2d18a,1
461ad76d92ef0858a087d05f96b7d6e5,1
462c87a3fc71bedec932e8fbadf1a9d5,1
4630317645c09161b7409edb2448a828,1
4632bc49b300378ed4f1d48f424d414e,1
4633dfeb3a2588bdb52af32d504b44eb,1
463eeb3db6fefe01fc8f4d3bb00bc018,1
4652e11aee23d86203400f6094fbe8bf,1
4660b448a9e1499945013a9fb3f11ec4,1
466d5f5de92846a9674f3b34b3b922ad,1
467ee8619a328138b578ace663efbced,1
4680d0c534e54990d8579f41dd239901,1
4689718bc1b839a9baeaa91d2c278598,1
468f9e86ce85d599b7f48ddab25f1b42,1
46957faa8ca08af2cb0e35f42fac6141,1
4697e1b622324d38a8989bff2bdc1c84,1
46aee891d7e9244b1f05b6ffcd6e8065,1
46b609a28b05ef9d5179026a055c5121,1
46bbd7e6d1f636953ddaf38d4abdf115,1
46bc77b0444a94513691377cfcd3152f,1
46c57742071cc875558cc230df1aa9a4,1
46ca9515def9ceb56e338c86ca765ba1,1
46d6fa3170df63d5372aa59928ba33dd,1
46d8fdabc7206779c58d45a23ad08d18,1
46e24ce614899e36617e37ea1e4aa6ff,1
46e477d89da734ac9f6b12073503711a,1
46eb7181719a3860b32f85e784675390,1
46efd90c6dfaa18831f2571398dbd848,1
46fd22a153db867285b826a2c62b446b,1
471e714759273827991f1746906737d1,1
4724ffa427f315c485e39b02e21859b2,1
4726c649b4256341f0355d3e12edd53b,1
472e6464088101bf2ec351d222c415ab,1
473ecd4c15ecda05e4044ef14f1f4c2e,1
47488bf996fd46283813059897e71e1e,1
474f9f34cfa52ad18fde4836b84a3e80,1
477aa9a85d7002688bae2cbbd93198f8,1
479c131b7a9955b2e137e8d8d2187c63,1
479d5974c7824b584a62c88885c957b4,1
47a3fbd41bb53db64dacc4562ba3aa52,1
47ab4924a51b711db100f100e9246dea,1
47ac3d02c68a76bc97b3b305f6e1192f,1
47b0f8596ee6dafbb4438cac16fa6275,1
47b49b876c60eafde72f0e1c602f386d,1
47b950932520619f72b6ebc1c4adcaa7,1
47bc2406d0edb0a2ac3cee99de9eec1b,1
47cad419b0ad5dc9d2305bf795c3c16f,1
47ce15bd790ba2e089ce44e95c9f1c1d,1
47d52bb24ef8a3aa09724f00604be3ba,1
47d6209a0b169cc800b0a45a9127d2f2,1
47d85e3e35a3e29f93fdc12b295d520c,1
47f4c1c7335bd22493bf6f376ee9fa6b,1
47f699d9462e071f977f612be2b5b67a,1
47fafa6908e75ae62b8a36a9eb3b9234,1
484619f908431240f47e8c9e96ca00d1,1
484970ea2647dc058e9c81ca31e65ce9,1
4857ff66e2ef62d17140f60421cebaba,1
485aa17cb179a6624fb0c9e12cc639d1,1
48640118918b5bd6454e3fee20ad637b,1
486cebbfac430b06cf0aa980b89a3543,1
48711538a9ed71dcb2cdf01a38974abd,1
4876ed03e78909ab8001cf42557022e7,1
48b6c38e1a7960b4123b60de736ec500,1
48ca75f9775562a7c9b696daa1677fce,1
48cf041a87beac458328d395d035515a,1
48cff86e739b8e4dec45e95a05bb0d9b,1
48e5af4df590c37a05a29b5c86e020e1,1
48ee9be392f28ae3a64518a070f4d06a,1
48ef156012e010507e2e96a9ef9e79f0,1
48f45fb4d7e27353b8abef59be38b65e,1
48fb8c1ee3265ce23502eaba1bd413df,1
48fcadc21e52503298f6f6519475c3e1,1
4910917f05092f331bf3a477f791cc01,1
49234079fb9aa607c3cddd19e1032c31,1
492bcf01a7a40c8fe5c720574dc786b3,1
49366a8fab2e191239a143647474e7fc,1
4943769229463d7bd0fd5af9baac46b5,1
49454c6dad93119e2815c43df82b2f57,1
4945f34d8df378693f6b84c437b414dc,1
4949bc7693f27596ca18cfe03c5a83b2,1
4949f8037e2f24cc40f3065a13aa0660,1
494e28e86f2b12df2d95e9d55266ef4a,1
494e5f4c3ccfa2520421fc87b9d368b5,1
4952dd34839fd7134ceada5de831810d,1
49650e49c3af7ccc896f634d039cd921,1
496b2ebd2cc9b8b262c9705b1f3589ea,1
496e7805727644d3146f931ff28552f3,1
496fb4187952616c8f21a127c1dd1c4e,1
498171cf871cdd1f5e7f8508884601b0,1
49949e69181c88f76527f613550ca6f6,1
49a13d16446b6cb9a11461835ec34708,1
49a2fa4ccedbad4f2e7ed4287fce1a6d,1
49af4c64c7a13a102a10c4c2d6cd4d91,1
49b6d7e8192cd04ef8f69b1bf00b7eb1,1
49b92145c5462c320ff0b22ea9e240f3,1
49bc8792049d0d7acedf5e300d68c5b3,1
49cdb82f423618027a6526f52199e812,1
49d23d4887468040921b413a6d4f3ec7,1
49d89239eb92d383e390b38b9bb792c6,1
49e20457404f1167ad0f5d70c1e40b7e,1
49e4da381c1d39e7df445cb2209e2359,1
49e9c574147c521a9bd39ab709a103f3,1
49f906609418f32ad932aa7a24396268,1
49feeab25d6531f4bbd4e9e7c926cf36,1
4a0356df7b44fc692a2dbd9c5a67a1da,1
4a0938478787f49dc07af734b86be96c,1
4a16a14bc51cda6c35221b3beb01c037,1
4a1fceb27ddd81536c58bb333459b07c,1
4a25fe90f6685b9fc991af9a796f74c3,1
4a266296cc64880551c3efad9739fb2e,1
4a2aa2807d3b21d35fe604f5629b40ad,1
4a411619ffbd1bb6180c44ca6e16639d,1
4a41bfa11528f2c8133c8fceb4494e84,1
4a4cfb3b649bf26a6ce05ce0069c8b6e,1
4a613da687465cbb56070936889199f8,1
4a68f101bf6034b9fe2c78dc988c5a74,1
4a69bf67fa5c94b8e301ef9c94950755,1
4a92216ec92c54fca6f132ae1988390d,1
4a9947ec1fcec2b3321193ed5590e8cb,1
4aab09f985ad828b2733c0c0defc7911,1
4aabcc5cb08a8a919cc46a2a7a7d1bd9,1
4ab6e1df1eab4f6e731ef93432151ae2,1
4abee1df902ca6e48fbe864fce3859bc,1
4acecc563402664291309d5f9d5cafc7,1
4ad4cf9cb1cce9af79caf2426fd9ab93,1
4ae1bd4115a0ea08489ff7e821ddc4e5,1
4afc77312aa956b54d72a22c7170157e,1
4b04a764c875af7101955fbcd3989b7e,1
4b1bf508b7e2b27e8472c16d7f189909,1
4b24b35ca762a17e416dfcd4f647c28b,1
4b2653088591de362e6ba85b4a474c75,1
4b5df063d69ffafb87c279672ecb4191,1
4b63219873a41d0f93899f71f7a80a60,1
4b7758a4177f67648ad233ef07da2b44,1
4b7e33b62e843418e0e924285c374739,1
4b88b15eb9d5ad74ffa095bcd4ddb64f,1
4b9a4b0697670351564e07258fa677ee,1
4ba237d0c64f22e4d22ec19af9cfd1f4,1
4ba2ecadbc22416fc5eab3097203922c,1
4ba9263261711e19aa09a61e3ab72316,1
4bae12e58c9b828e1302a2cad437b80a,1
4bb4fb9c85785b75ab4f6559900c7ca1,1
4bca3c346db930193289def4c4c14016,1
4bdcd91fcab0b7401865fa7d7f916253,1
4beaa629c1622b0fc9471351db5ea62c,1
4bef81d2cb50510aad6c671195a82151,1
4bf205e4dc4e2c6b258e1ec0e2be9367,1
4c0f00c6b8f193c1cb9459e6b97e0320,1
4c165ddec9f86318b210a89f1e3b6761,1
4c183b9527d3fc69a4d5587b11f5fced,1
4c19782230ac2c3708497b730b02abe7,1
4c283386efa95fcc42ce7a7000afb0df,1
4c3165e9df5c5d143e67b5cb41ddfd13,1
4c41f7f8ca78f88fa539d43d08c504d3,1
4c4ac406dc3f4a2e7805e4b578d0fa0a,1
4c5f70248102ed45620167bb6f80d2ef,1
4c66239e4d8cc4dc99335ecae8218294,1
4c743ef85742be2bfbf2036906e524f4,1
4c7d4a2efde21e3bf1660926fabc6a9d,1
4c82a40c8390fbe525e50bd06fcebe80,1
4c89737c10cbdd71a70bb34964577657,1
4c9d4ba4d612c9cb5c7180d711077d33,1
4ca054c4db947395a9f82c897d14b9cc,1
4ca1bfda77dc7aef2433d6818bd53f08,1
4ca7b91a31637bd24fb8e559d5e015e4,1
4cb35e544a1de008f37e069f172f964e,1
4cce3fa9fee9eb2361e0b9bd32516958,1
4cd623b0731519cf74354784255b2b37,1
4cd8cb56dc105468771e4fc4a815dfd3,1
4cda9d93b0a846dfdca597f1b1d19c08,1
4ce8f190d8026353d3d91d907ad68f23,1
4cee4c57bf2e00c0c0e10918245491c1,1
4cef9b930282f9210124c6b2ee2b945d,1
4cf2a0463e06213f6770103e29b637de,1
4cfda9c405b4bc926663d2c0d1ddc832,1
4d2da992b16e85606d87d2de7f47fb0d,1
4d496091a266c21966fc846720b8435c,1
4d69476a7bd01b8eec1c87e60778364c,1
4d7585daba2f8b3ed7f87447908b4237,1
4d7ccacbf7d2dd3e566cf5f149fb92e8,1
4d817c0fe79db81f4f99f840cadbde0e,1
4d88bf79cfba786c4f220da5869dbd0b,1
4d99eefee32b7d89a78915c19936c8a4,1
4da4a4fac1a443d1faea4555fae954eb,1
4da69617724180dc2e4aedddd7ef938b,1
4db2db9bfca9f726d1ad7e1713bbe432,1
4dc3dcf258288cfda345034a4d96fbf9,1
4dc6f66680ed2f883632bcf4e039256c,1
4dda033e39cdc37ce2932b7ba6e8a0f7,1
4dddd45aa241530edb5412e8846361fa,1
4de0f4caa802cd42528a25232c915283,1
4df83a41105e00e0845b9d12b5fe601c,1
4e0afd86a9a0dc22b20d920808613b19,1
4e0f5e97804431100c5bded078a48df9,1
4e12e2e91e984c0410e9bfe6ce28ba30,1
4e1617edd232ad8e0108ecc9bff047df,1
4e3550b4ebca5e32ccc3d32b3470e31f,1
4e44cdda9e34fe16c6403ae9c67ac7ef,1
4e45c321347cc3336c76fd6350da3445,1
4e5649d10a8a7453bb3957caf1cdebf4,1
4e64c0d39af6b919e605b2ce1e793d20,1
4e6b5c6e9884fdb15eccc9f5e83be842,1
4e713bc697d239a8d8e01cb5209cd89b,1
4e72c18c19fee00460f9504012cb244d,1
4e83195accfb3316528acc16d754fdb1,1
4e8e75a504c8a16c96f6f7e2d618c42e,1
4e8e9ef9e7003217fb1fe04df616fa69,1
4e9e7d1bed5934971a6ac480a0f5069f,1
4ea626d476d64c8230844ea3ae17c3b9,1
4ebb5f04dcd97206fb7b41b340c86e23,1
4ece875799f8eacb00dc13e93d0a2fd0,1
4ed545d4c0dcea0798b3bafcd081ebff,1
4ed8030b452688a37d26044e966eff12,1
4ee8542bbedeb1c6d01e48c66986af49,1
4eea8502d7c2de8da6eea6bc6243b50c,1
4eebe44f76b0976eab5c92eebeac8b55,1
4ef0124968bdc099c9a992a37bcb4155,1
4efd35570dbaaa27e216bd8bf3ed4cf3,1
4f0e806431f76599423676fd485109ae,1
4f27f0b527bb700ed8541270356a38f3,1
4f28b40a0f7af9ad723f8787a46a4643,1
4f2fc8cdef58f68813e6c93a314b6ec3,1
4f4009c6b6d83dfe5fc98059fa4975f1,1
4f4dce53833f830c4cc6e1a307167d0c,1
4f549dfd88d59f83aa8f32959b50230f,1
4f8303640418a925cc83a18d2caf0dbe,1
4f969a12cc8cb60a5cce67cc3fc305cd,1
4faca3ec2b35828a327cecd7fd0bc9b6,1
4fb3a6cb6e0aa78466566ab0ec0666c6,1
4fb3f6a1290166c334db109b6af6a1ca,1
4fc5968ccd1881352d73d321e174df9a,1
4fec1ad678269e2167a25f1db2550c33,1
4ff38de0673d41a0da1499e300720ef6,1
5003ff32113b7b59ff731227f2681fbc,1
50142ec1faa11eb5a756baf3020128e8,1
50147c350ddbaff0646aeac455c7473e,1
5016388edcd982069aa2d39a8a878da7,1
501ba963d8353c19c7f79d8ffc268993,1
50360414e16500c6fa1c11e2be97dd0c,1
50571d0f0f8ffbeec1c64cefeec01135,1
50627d7c3dd43902d64134574befe12f,1
50692766f5927d896a4b516389e92b4a,1
507860a079d200267e4d13b76ce1d978,1
507f37649c32210c0f297c6755cc8305,1
5096e827f6152df3974343e735a52dc9,1
50a88b3bd7a9d8db2f1addc427b4446b,1
50b2ddbf47bd0b8eecabb404613e2a45,1
50b9ed3a22932b28d452c73046083f5d,1
50c903691960bdd77acb82418a4445ec,1
50cada320c34c3d63fa8598fdda8e06e,1
50e4fb90b9628bf559883ab24eed361a,1
50e8af969273d032e41047db40ed9be2,1
50f510492e0472326ef292451593bfb5,1
50f5f13adab483598dfb6a40afaf70b6,1
5112b1e13e8bd78e7644a05361e32223,1
512a2828acd7219f400d5afabe362e51,1
5131368354b35ed441caa8ca27244f16,1
51380ed201eef8cc5c744c5e0d49965b,1
5140431c54f26f3706d901fef4b1a528,1
514171f9d45a3d93574fc587ef775579,1
5146f2b949beebf6e49d0c9dd0985666,1
517dd1c1cda3892f83d386dcf9a4e9b7,1
5183344b5357029cfd88c7f511ed876d,1
518ab602253d96d56c7e45d473572f58,1
51930b8934b8991edff523246feb9ae7,1
5199c64bddaad759e3cc82d7fa449570,1
51b67230668746c1fe164ca744db9624,1
51bb55b87cf953219cadc7deb9d282c2,1
51bd37bb8517d5bfdb1f54c11fb01d27,1
51c3bce480bc653e51d768e09253d6dd,1
51c59cf09066762ba5740772b0a86215,1
51ce723ffd19d9d8d7893b8e835bf3cf,1
51d4c5626abb1963d3cba78871cce415,1
51d646c5c93e0f1de543528d0e24eadc,1
51dea5d1ada11e6deab755d7ab30fc6e,1
51f3e4065d72846204cb4f46d8d241cf,1
51f96ebc4399af670b9f43623b6c7ce5,1
521a361808bedd9fffb32181e501e09b,1
521e6ee10253492c99b97a77007036a0,1
522269a832b7c65930e8f0b0fd08e9e8,1
5237739bb5fee495dbd337755a138660,1
5237a911446da6c2a3cb764f7ea0e5c5,1
524cace8752843f12129d6ecfae9c7cb,1
5275ff6b5e1629977be145d9a55d2d83,1
527b0d563a8729f44d5ffb437100931f,1
52817a1b17d101c0656923254b92aed8,1
52a5346c9dae9cd560b103875b94d123,1
52a646aa308987e28c375b41081de428,1
52ae46963f0cd4c1497fe26a0f50fa6f,1
52cd5817c291740688bad8a1972bb019,1
52d6f0dc99f96ca1d2ddbb64146f11b0,1
52d7a7207b9646509bdc754fed3a0cef,1
52d9fae94c2e139cde2318ee1e3a9d1f,1
52e8598530d1015c00613dbb14c307f8,1
53090d94b00b6613c77382b7f4617d2b,1
530a9cb93b8b670336305e39f24a68d2,1
530d9436af6fa4960e9754ce4128b468,1
5315eb668c882a11354fcd9c4d27e254,1
5317ab3252cac4ab9097bcf38a826663,1
5321c283dcbf309eac57110f5e306cf0,1
5322d72e04acadda01cd9c274b4af288,1
533282178a0de6f31a7d6fa9f2eea7c8,1
53466539c80d0960583e3d74d250ae38,1
5357a190f1759dc5ff9bea83eb195b14,1
535a23504a92e3e42a5cd54256c75b17,1
5360ece40f89cf47f68ec7353fb12d49,1
537308c83230d0d9e9d2bd41978291e1,1
5373e18844eec682770d139ba29cd32c,1
5377c9bcdd1b59acf85881d95184f57e,1
53796f826946f6d820d4cf700e2047ef,1
539025c69ca8d9160f0ae5190741ed74,1
53b7965906cf23c063da1ff89f50a257,1
53b9d074ec70abc101321e360f438cf1,1
53db18171eeeead5f0a7ea398054c298,1
53df29766d5c60f1baf3fad368bdb751,1
53ecbdfce48c35f53f87609dee98b4b7,1
53f721e1c5d5cd3825979a5556593dad,1
540a6b4600d6620f58aaff20eba82574,1
540de93b2ffb859f65596855505ad7a1,1
54151de8a5ccf2dc3058b447e1f582f3,1
541de21b45fa18d292382c79394e055c,1
541e61e8b040cedf91222bb991955748,1
54209aa243cdc7067e4a8e75bcef44f8,1
5421431a9abfbdac3006e7aa925c0213,1
543afaf83c3e39a4c4a6df503b65ff58,1
54668f8d7fb456c8977d5ca817dab50c,1
5479f02af4cde2ebe8801cf2b05cd49b,1
547ef2af00ca493818dd33eb5216b22e,1
5486b0f9faa264ae6cbbd2bf230bbb00,1
5496a07083e7727282eb3d1c97d5c054,1
5496efb86aea6e3862b6cb394dc020f8,1
54a03278272d6b4da99f843fb8120754,1
54a5d5e71d79aff47beae9f4402c12ed,1
54b391a91c3b1a1e22af86434155834d,1
54bb3470c28291c7252832f0437ca469,1
54c9eeb3eec23150e817e2048c9c4c31,1
54d4f4a90b9907d07136e40d31d92ab0,1
54dc796ba7aa0086b6404d1207e627e0,1
54e423e4e4f906d5ec17e9449dda489d,1
54e5063e43f27f747d592eb24e913150,1
54f757fd2efc9fdaddaa3234ea537a2a,1
54f8f27ac6543c074ae5c4e7759b054a,1
54fe74dbe5e746273980739ad1d24c7d,1
55042f58e0ee432416bab8ecdb8a84b4,1
552a2a10932c4abaff715fe6a4d61280,1
553261019b28923d564e3fc159e4ff3c,1
55363f487ca324087a49ddfcfb91b971,1
553db989ee7f8afb98f8fb680d30050c,1
5546b861464398b784d10d8894ac97b0,1
5548040d5b1cc71c61c03d2f1d2e6ede,1
554fc36c06624912230e7355ab7be734,1
555062e73d3fbad985916bb59d62067c,1
55552e80f046fafe13e130e6a07745e2,1
55624051e913597daf59dee5c582b6b9,1
556702ebb73d3786a852ad3d5a8ad268,1
5568499d3c902609fbaa24d6639ef909,1
55782ee5db5083e1e3bb2dbb054fdf49,1
55917ad8d492641d4910c90cc593d896,1
5594eb45b3ced02488aaf71edfb32d92,1
55a1e3d39ace9c0b217f6c30b04d43c0,1
55af6f61ee17f7290ce7bb14b6e38a60,1
55b0c08f98075107c8b7d4ccded44f05,1
55b8fd61c5b3198e5801450b75a656e7,1
55bfa0307d7a46bed72c492259921231,1
55c241d4a5f20682cdeaec642cb06fa8,1
55cb480b28bdd6d8e71d83b3c8d67c75,1
55cfb8318af6fe90dfacf0892abb2cee,1
55dae7585569be721ef89eba4379e38b,1
55ff52707f328833ed80ea342bbaa115,1
5605e265607c01c1242a18219d7e396e,1
560aa6044750b7511a18e5ee9aaffa17,1
560ed840b584c6aef5c8959366dfd41e,1
561e48cdfacd14e7cfe67aa4ebd0caea,1
562502b79845deae9bcd86384921a2c5,1
563d3acc8617b83d2db122e43905a17d,1
564d0015be20622253aee5b6e875bea8,1
564f6ff7ae760d6eda6d32c551724036,1
565a133f9141f4a8a1b51562afdf4c1e,1
566a14211efb01bf3e8ac11007379e93,1
566d57dc88c7ca3fb90725bef1498b51,1
567c45f86af8863b92fd65d77298a599,1
567f4f60d4e44c92dd00ecd0920ce6b1,1
568d3a7903cd345508734bf75e72565f,1
5691a536d459e5cb326b7bedce928067,1
56b9f57262f84d21a4bd11c4c3536016,1
56c0a9eb43edf8247a0a2ef0f08af0f5,1
56c1cf251f11ba5c5f1dd029fa148363,1
56c7e8adc8769d3dbc4dd74145c0e83c,1
56eb39314ca59c39efa1e28beb073abe,1
56f096959d0abfbb601eaf570323d766,1
56f96b94cbba67352e072d40e4e02167,1
56fd30e18420cb9a5a50c718168fa660,1
570bc3b3d1e5e422e2f48dda6adf72d7,1
5716717fcac28d7783b530d6678cecca,1
5727b4e9463bfa0b43bf97397c4b7c44,1
573ecac44bc00133b12d7d80ed8f3fa1,1
57414a165829139b9b534f0b4a794fe0,1
5742ee1a5d941486111ab986f6611735,1
5758144640044883abcfc4569f97b5ee,1
575889c312f07612d39648ea61253cd5,1
575a896d07cd269eb0b2b8762e0be261,1
576260585d9d4d112b129048750cf18e,1
576a8893b15f9ed1b5aedc25052258a2,1
5775f1aefafa94f9a918963986b77613,1
577fd304233fe9412349ef6a4a3f6ae6,1
578075103bbe96f4ed89f77852b81b98,1
578e6e457425cbed603f5787ecf54b2a,1
57a0cb306bbd11620b9bbb927748b043,1
57a2e16f66595e9242fd508a9f336125,1
57a2ee969286488b5437acce27b74259,1
57a40ebc5f8a0fdaa5e195b39bbeb2d5,1
57aae7271c7c24614b0d663c6df83f35,1
57c580a8fbf3d8374b06bee7b6f4ce31,1
57c9362442482cd2451f2eabf468e532,1
57d2fa6882b789ad55e86074398826c4,1
57d9a5d185e8254383504f57c4b8ddcc,1
57e1815b050566a793e010162f765cdb,1
57e5c7033739b88d673eba67e9cf9376,1
57ea8ad500d0af10bc5fbf3bf2b7d400,1
580af1ebaa84e22ae14e08f073d091b5,1
580cb7f00ab0b9491a97512d65a42c29,1
5825c8e4e13409ac13639e711804cce6,1
5826c594c45085cd13caed28e97a0133,1
5842161e65d7898eb4aab799289a137e,1
5850cdcd591bf91b931a59143bed34ac,1
58552a4659d05eebb73c2b214f14d2a4,1
5861217c6b00a886e28a101167dbb1e1,1
5871595bfa953a147858baba9827a059,1
58727e154e8e85d84052cd22b0136c84,1
587d1beacdb18e5c1f36147edcec3053,1
588531f8ec37e7d5ff5b7b22ea0488f8,1
588e30c9b715a9158d6431ae94c25fea,1
5895eb44dfac8b6062cb7adac3f84fc9,1
58996344af284b05e0909b85f26dee46,1
58a56598bd27e4169dd5ab99d2eee335,1
58a60c7961bc8fb3a05841dc6d594658,1
58b0b0b3e6b7f8ecd3874db9c141250d,1
58b9219b342b712be58665cdeff68b30,1
58bde724a1c7fa581fc432dda14450dc,1
58f1f70c378b16f78eff44c7104aa772,1
58f579bb52bea63fe1c6c39c2d4272d8,1
58f82cc5bebd588e5cde0b3a89059da6,1
5900f15422406edaa3a73c8063cb69fd,1
59089e1668cc247d055ca3f9149093fc,1
5910243c1624994e66138f05c7f4a275,1
591d4f16311726b70ab348c9e3c49a33,1
591efcfda8812f90d99a864afde3917f,1
591f652fcfefc35a0e6f10b0371a63e1,1
5926c58c462b5d1f932ef3f0a9e37d41,1
592962829d5a715304344e656e39108a,1
592cc6634d2c783d297effc0b828bc37,1
592dcb7933e5bf8d04d6b80a6c6312a2,1
59467d9d76174a57dcd8e4b431cfd8bf,1
595199b11447ed4b73d031d3edaa6bdd,1
59614aca5e5ddb29fd461f83c8f32b1d,1
596faa581e9b1ca7d28a1c0777a8423b,1
59af5c511a76e7fe573446f94cdb83b9,1
59b215ecd21969237a8ebb0f8a2bffc2,1
59b47581b7ba51a62bf9c3dd4fef36fd,1
59bad18214d8473f32faead52fe7fd4b,1
59be0d716996dda6b7d60b3e839efad3,1
59f17be62604541797d4df87ae80cf73,1
5a1a5bb0e9e3dbd18e6d8d3c326d3fed,1
5a2182c5020049f6d25eb1bd9af58a1c,1
5a21ffb33906d29b4ad9edf60f6f1b2e,1
5a2c5357841ae997771d179eee3f2027,1
5a3320037d5922a7708647c81ecc1f15,1
5a3f2f6e363dcc2277ba8df88f3a078c,1
5a41b34fa72eb9c57130a1e6265b344a,1
5a42a6cbafa85310c1b2b0fa7dc6a8f6,1
5a4f16bfafb54a744311f01c11c05737,1
5a4ff3aa2e6d215d457a8d706fbf2272,1
5a6849f9db912b68be72145d959d61d2,1
5a6f7431b52d1c349ddfe94dc43ae35a,1
5a76b277c6c31033b89362512fb80274,1
5a883fb296ab66ac6a1e68e6ba2175c3,1
5a90c762ed3f5a71bbe44860342fd112,1
5a9390e32c656cca81df71054e77b93b,1
5aabb9c72866bc1b6aff2fb42852be3b,1
5ab3c4c7b2b499f85cf923cd0f331c9f,1
5abb262996451f878f52e83d721e74dc,1
5ad04927f75f1ec98ff4458470452b01,1
5ad97c18f1705aac59da3384ba9d8f43,1
5adc6c464f33f8560dd3c984291d4ba1,1
5add6c33b03c128b413ddfb2ac185a56,1
5ae29cafe81cdcf89058a7a6fa842b34,1
5ae533eac9c0e93b3f89bc9aea079ed9,1
5b0414dde0eed69a8968dd1df92c9024,1
5b1c98d30c986d084d3c312dddf35b74,1
5b1f3328a2c6f837ecce21bca1489939,1
5b276c5a1bbe9381dd336487c3b0dea1,1
5b3aa845bba5aa7ba1216e36ae882cfa,1
5b3c2a0b39f0a99d946e2055617d11f2,1
5b59b0c94f8e31d14fe89dbbfda3df6c,1
5b7266a9c1cfa2df264b8d703258fc38,1
5b75bff143600c85dd1fe69b7055982b,1
5b910c27c3eae423d146869b0392b4a7,1
5b9d4c71cc2d0a2417c2635818b654d7,1
5babb170cd172ec25690087d7018f26c,1
5baf51b71ace9afbb38f0b161f0c098b,1
5bc5205ae68bc0e9997e05fa59b06194,1
5bd46344df36a730cedb3c85d2d1b573,1
5bdfe8e8b816fda68f9f8eb7c0c08e62,1
5be202203d884803b74c45c7ff991706,1
5be51b87d3f543e942bb8299c5bd4423,1
5be900d0c3e1b43ac845f9ce6fd2b00e,1
5bec1db1c3f053e422f33b7d8f23adfe,1
5c2bb11cf2149bd4d9fffcc1246458c3,1
5c5585c687a0293f10bb748c13cacc71,1
5c59756861f289b773f83871924200eb,1
5c5a1f21eaee926ccacfbc212a0d860d,1
5c6dad13ed0e96184a1bad2adbbd6394,1
5c7236967f55c233f51e36e5126eaf7c,1
5c77339ada5044e33450d5c2660692e0,1
5c7dfdd3e6d851f08d3cfe8213747ff5,1
5c818ca21204caf8ce1599617751ff49,1
5c92f9ec6027c92a5293a46e9175e817,1
5c973b4202aac5c372a483e712306f4f,1
5c97588998ff51dd072c59f19bed6c78,1
5c9d92777b62444d9fbffe92338d9e21,1
5c9ef6c35fdbad9275157b1929c37fb0,1
5c9f86c0e642b62c2100fd8d26f38771,1
5caaa02918381c4ad59d38fdcd4a28b9,1
5cac6a83708526b99c11e11027ae1ca6,1
5cbd94dfca12072c25768e0885740408,1
5cc37c2c2b8ea0c98010d1ee6028e45b,1
5cca824e6a0eebe738c8a6381d0d9349,1
5ccdf90770b6368962f99d5bdccb7ef1,1
5cd974d57ad85f7d1dfa45acba5e2028,1
5cde85235c4ae7747e9b48de95178a14,1
5ce6a6914bbb228f4cb4ee93c1cd0d15,1
5d030df086e7b38e143350d4c99db48d,1
5d1d8ec5b31c5c359f10c4b23b819170,1
5d43da09d9bdd70109b2cccd41632a06,1
5d61fa9714218b033b42ca6cbf0f2570,1
5d6d8d46af864e4241365a5cd4980a53,1
5d7a4ee1450d108913cdd64fff383338,1
5d8db2781143404c208939ae373a5317,1
5d90b82ad1fdff812987fa28158b7984,1
5d923ead886c44b86845f69e50520c3e,1
5dcceb4689c06ac693117bc4296986ef,1
5dcd17b12ed2175d4fe6157e047d7be2,1
5dee2c14e1989141e15d341d4c62d72a,1
5df6b48d02fedad4728b254cfcff3cc7,1
5dfc84369c7457e1bd188be86a7563f0,1
5dffc90ad9125991a7ba68cb88c2233d,1
5e015730deea7dfbee442adfb1e29b27,1
5e0d3b97fa004233902791dba775bfb6,1
5e17b27aa688dc45b02f5bf9276a4bab,1
5e3555ed62835dd67704d40a72678cfd,1
5e53af05c040b01584b81b3549945faf,1
5e53d7f0369429a1b28ef093a15f7509,1
5e6839a9bdfcd4d454d5f48b4f681f30,1
5e7b701349598f3728a3eb624c6570dc,1
5e7cc48697a854bbc6724010b0ef229a,1
5e80fe2cee2f6de9a494047ed35a2fe3,1
5ea060e5498eaeee39d5dc4b4525b7ac,1
5eb0dafaaed0ede2f7957dbbef6a071c,1
5ec9cc4e1217d387b9fedfa362b7bc24,1
5ed1d686373e3b3a2ddd9a4ce44f3fb2,1
5ee245f4f514e8937aa7a5ef3ec2c8b7,1
5eeb7a5563e8de6571e6ef18a65477c8,1
5ef336462ba740ddd4727319e26207e6,1
5f0e89246f7a6648983bdac37e5a16e2,1
5f16ef3125578cddb22c481431d8d0b4,1
5f21301936c11698db6aee5444190da0,1
5f2641478d7b5ffbfcf1f2b5cdff4709,1
5f2d2e225329430182f0d167faa3779b,1
5f473f7d11fe0268ac5827dd45da3567,1
5f4f9900058f5deda33d748e733a5292,1
5f5bbc07d9368cd776c05cae2c71c624,1
5f615ecff3c5de20b69151a630f1ade4,1
5f6ebc88683dcfc794febc8d8a8aeb0c,1
5f76fa92c238431e69b3f294ec7db04a,1
5f84104353e7e051af78c2a9a1721bcd,1
5f896a5d3a7944fc986b28d1ecfe25e6,1
5f8d452952e14aea06671fcc55e9b3f2,1
5f993fcf6ce45202932c40c51466dcfe,1
5fabb51e7d99bb9d824b30a637c36595,1
5fb00b8c5c7ec5ea3a19223f6e8d6b40,1
5fd35bd0069ce2a404716901326b1336,1
5fe7fd1b8ea02958b45106dcd79874e8,1
6001f761aeace35d6f7a724813b4a098,1
6026308f343d15d492324e7e35ba5685,1
602bd303d85e0e535a0767b9f1d85f91,1
602c01834bee89627e66532343914a2b,1
60575d29211e79ad70c3f9e0626d255a,1
605d46a84a57229d7380e9e6a45fe180,1
606bfa78f6209099f25529bb1211522f,1
609b1b50202d276e56b2468006fa82aa,1
60a3aec19dc1a866e9cf6a6b4430916d,1
60a82b9f55ecd2035ad8d9c61e2afe18,1
60b84165fc418389757838f274b728e6,1
60c4a6df513180268f7ee401b30f3c1b,1
60c93709754c1b56d6fcc7187a4810f3,1
60cf4effb6947283fa638d570bd07318,1
60f3f578a77557a165e174623faa427c,1
60f560fe3dd8adc165becf182ec8f834,1
61107c91091400f4c4523ed7b461a20e,1
611a736015e65141abd844f0f37c84af,1
612be997cd3154e32e1e585d478571b1,1
612e4aedc946db0cf1a5b9e1f2f81272,1
613a1da144b1ad65ab2cba8d417ad350,1
61509eaebb2d4bd1a7511b1a75703f8c,1
616968e81dfe76aade96cd6f673b6d24,1
6169cdc0468023121be6baa425e3bc6f,1
6177675afbea0665b11380c36caf10bd,1
61787f92f08a18258c0267e53cb9c1cb,1
6189e02e0740fb983b93e8075e965290,1
61937887eb6ee0b405a5759756426486,1
61a4100ccd6d9c4c808a1fd954ddb8ad,1
61b6e5d2e3ee58d2b341b8ef1a652b26,1
61be4e522756a21071b8a02c2650bd3e,1
61c9ce380f22395eecde18d76d118c47,1
61d52f4882421048afd530db53d6f230,1
61d980017b9f55ac2451dbf0bdb849f2,1
61df31fa1090e36db0b04775b1df4b10,1
61e0273e790dee51cd095c1ea887bf23,1
61e8bddb5e00dffe8bfbf972cf3fdf18,1
61eee7a9f1884caed59c316047c5832f,1
61f1894bca50fa7898bae067ef40bfb7,1
61ff9632e46597dcf1064ae00e262234,1
6217dab6fce05a4924116e90d7f301c1,1
621825925438424fa89b11502fe477cc,1
6219295d42e02e53a4c770698fccf630,1
62224b433a431310bf27129938ad9f64,1
622bad99b4296aade0783ebecdd3fa15,1
623eee74e76dce26984376983737af86,1
624763d3909ffa36098f91ce1e458ed4,1
625522e2041f5759bc483af612e22718,1
6269367991dd832f09999605131f2c54,1
627c9ddcab5043db4f8816ce2da1d31c,1
628677036f276f6c0792cded8e9211ee,1
62892a47bea324c325a4556b66baef9d,1
628b17449083fb34688b2959b80bdecd,1
628cfb8a45c95a7b796ea06b006e9384,1
629397d35e30e4a0b7d3da8bf69be7ca,1
62984ea1bba7fcea1f5b57084d3bf885,1
629e019a6f298a83aeecc7877964f935,1
62a1ce72d0ae030be91a89a46480e1f6,1
62a4a26db134b53fdcc0cd817c2175f1,1
62a6991adbb1e60f5c03a77fae5568ff,1
62ad9a8972411e333e16347051a98e2a,1
62c60792ce6e5bc866f3de3906beace9,1
62e456c867c6e980b926b96362a76468,1
62ec3446da1cd57bfa1e822a521c31bc,1
62f5caa3d09aa499e778927db65547eb,1
62f9a2fb6e52ef49cef0254cecab4ba7,1
62faaec8b29ac17a4222e8e4e575b4e1,1
62fde58e97724f8b7519f3789eefa33f,1
63094ac128b54dd72d511043411df079,1
632ba0c3ace598871c24c49380796d57,1
632c37951cab36a4e928428cbc4fa4f4,1
635041fb8431d6de8a42741bab6caa9f,1
63649d34b09e8bbcc41a6e770d9be55d,1
636598095d69a5718e67d2c9a3c7dde6,1
63682d69d8d74bacf75360f6efb31fcb,1
6371d60c329c7474f4190b077378660e,1
637641add87a760737226d3771e1782c,1
638882546765f357dc667b5987ceb69d,1
63888810573fd78e60644cdf803cd2fa,1
63955fd9443dc0f492c2e146c343bf93,1
63a033b030ff3da0b4b4eb3043c503d1,1
63c21c167a87abcbed6efe83c8169866,1
63cf4d771cba1d380af927afe5895d4b,1
63d6e7ab30f482382c9dfbbccae7da54,1
63dfa8b12200610ed7b5e41d3c888a25,1
63e0fba310acec294c78c0ad6e3d0e4a,1
6401d2f82d6e6c52998ce626fe4eda24,1
642247ccf62585635cefa1bf09f59b94,1
64315bd8c0c47303179dd2e25b579d00,1
643a66b1dc5dad3de6cb5a41549e72f1,1
6447947a13b0cd3fa652bd0c4bd4d534,1
6456fdf43df7d711b98d91fe574e43d4,1
645ba02735d4bf831d9b72ac169c867e,1
645fd9f79f14fad6e8a79fbc94dae528,1
647c7af1da03e555f64c9c97d58d88bb,1
648058594991ac2fa9af20f5f9e6677c,1
648790421a896a7625e9f8e778ab57ad,1
64a23a999b90cc6722df6d12c2ee5bf9,1
64bf5586d3916fc7f5b671afd0cfeb7a,1
64dd98c857401579d7f88ddb97821b4c,1
64e77a6fb5b8e01019106773518b5a71,1
64ec83de8f0026319c8829351e3d6e23,1
64fc6010136aa59736e148c404e77a54,1
64ff7191a8c0fb8fa9b42e947104d406,1
6503fb999235a191e5256051244c627c,1
650e39eebfbf781051ea573d02d0342a,1
6522b16614da30655a6a5ce4c8f2fb8b,1
6525c63f855b031e963d95bb3a07e541,1
65284011bab065bc5b417bfa30625349,1
652cee66eaed09b444b43463eee56cc7,1
653db51f38df09a30a8f25e7933050fc,1
653e9d44d27743337fc1868e4346d661,1
6548e4e34dccfc63407b2bddc88b1b7b,1
6553ffe8703fdc36bad125ddf9f6d691,1
65607db9823444a6ba5b7a82431e4502,1
656bf6da1eeb7dd128b9b567eea3ca3e,1
657491063e8a63247a108a4d9cedf020,1
657ddf22d1f54eb6f9e094190749a85e,1
65841ad29fc48cd40902e03da7511e05,1
658675929f516ce89c6c508269123f98,1
658fc236815a88341f858edcdb0ec78a,1
65906875895d4c8ba11779d8bd5b1270,1
6592908f0a4f6e2de91310126cd1b08d,1
65a487289033740a0a896d72a6f2a1e1,1
65ab2b4e40425acec6125e3d48919b2e,1
65aca437a0c87d858fed1fd11dda2f4f,1
65baa03ed325a23536e96fd66b3244c8,1
65c5f70a0cc1d74c36cb5e8de51582e7,1
65c61dcb0156cdde1a197f99b91488e2,1
65d1e9d7432a5bdb5456b22f91747ab3,1
65d22d2cf890edf9cfa3bbd5e8cb2371,1
65d347978d3b5418fd6db2a855f73258,1
65fd9b358b7ee029fba34839e9c35fdf,1
66077cc774ac8ba7c7fcb45fd8e03474,1
6609d9a71a607da16750629d52615b9e,1
661e3bba6bdb874638367462b49ae590,1
662522c4792f029e5de23e6241378b38,1
662eb743b41155e398e7fdd5d4cf5a3a,1
663cce5b111af36144b6aad932e5a4ab,1
6640d299f2649e432fa5416fb9672c64,1
6642e66f26b6e23817ada36eeae229bc,1
665dcf48bfab7017f4ac917abaafac4f,1
668b1e2b9471f837ba1797832e3f2012,1
668c1d83312f239e50994fbb06aeb4dd,1
668e8ee8f69c3545109fc40f72336e8f,1
669ad61d37a550dceb5235cbf92b311a,1
66a0a6e02b7f543e5b021ce361f267d4,1
66a4ac0f9c73e92afc9cb7566977ef83,1
66f09a6de4f2ef63aaf5349b60a0e0c0,1
67024c9e5ec20f39379750aed90423fe,1
671ac7a60d975bd4ca2d7f7c77070210,1
67217c43d81dea5a93bea48c23f4e156,1
672f4e03ae047fc417a8921d6c1ed73e,1
672fd0a2af10376f9b997ec5cfa04ef7,1
67386fbc7551e00d4ec499bdfb317683,1
6743e2040ded41c39d0df37e1ab6667f,1
674be5e777bdff41cf05194fa4e8b64d,1
67523567791b73064e78d6a5731f379c,1
675f0378d4f337bc076b40d006202ab4,1
6761b88d4716b34a0d41bb8d13e20db0,1
67639b8cb7f4b8c431ed4c48a76866e0,1
6767719f80aabbbf16ab2491899c32d9,1
67682f5c5170c72b398941e2193735a4,1
677c80cd5ba8c0099fac5606e53648ae,1
67817dbbb200f7f623c75ac106b07808,1
6781eab14bf137c9a168c67a29c92c29,1
678f2ac714d00eef5ccc48a9b25b2fef,1
679804d4938f8bf53025298b725f2eb6,1
67a0da468c31cff23c32dbfb6dcb6b70,1
67a1e52f1184a4ffecff3b0a80d00889,1
67af4652c2b8667182c0071f68af84bb,1
67b0220f6933de5efaddb9c8e87389b3,1
67b10b3b7931ff8a983d42650dbc3bc5,1
67cee25aae565b8f1182ea8c37440103,1
67fa36df2c5e624059dda016bfd72e15,1
67fe44191fffe358dc237a228fe96430,1
68076570f98ff29f0b1a09085bd85037,1
6814dd9a0fcc3213534377d08d8a24fa,1
681953ccd5c33207d75571a4bfbe127d,1
6841fe26a65cdc7dad114a453ce638b3,1
6868e3f08c6acd37b48c785aedddfdb7,1
686b869ed0d827fa346e8ca87a54d0e8,1
68749ef9499d72290629ec3f71596d34,1
687ada1b5c787ece71130a5ec0123567,1
68841da6fdd03f059359823165da9444,1
689a9f33ae479ec0d9f68a9b6b0cfcbf,1
68a61f99e823ef8b90bebd0161b95a0c,1
68a806c992c807c249f0a433a4e9a1f4,1
68baff1f2dbcb2df8581897b10150905,1
68bf40b3abd5ffc25981c25df9ed9087,1
68c01f1f3e73b30776f7d737f6a012ac,1
68fcd6e074680a12b9fa38a42bbfec1c,1
6914791ca3bbae73b7111d6b3ecbc814,1
6917f21a7df770ef60ec45dd4714abaf,1
691c322c9ee65a95651ef57d6b0875ad,1
691f932fd9a1c168cbb5c579432de4fa,1
692b73430b9ae22f1dc67cc83722707f,1
693e8a3550dfe12cd2a3f2a3f01b6130,1
69428fb5c0da1fac708bdb33868b42d8,1
69474edea9d9def8b68de248373f1ad4,1
6947c3397dae24c49aa4b34b68bf3b09,1
69523f67543ff9ea6b1a15858fb59b3b,1
695c34c5771cca25ecdc04d24a9b49f6,1
6962734c72522e70e852a2a77d21a730,1
6965419e0d5116b685c3f825e4752231,1
6968d8e58726cfe8f9677155ffc6b251,1
696d4f2eb9788764b5872ee5a07a249d,1
6971a132d48181b7060704b73f3bfed5,1
6979e1139091865830dbbe45342271e0,1
697bc524f3fdfaef7c92b56e8cc16aef,1
6981cd5a9eded40aaf36e08db9ef4a7a,1
6987398dff454a3138231540e2a6ec61,1
69898c1a5e170da88769a92f466dac8f,1
6994675fdff4377e6e1b738094977cf4,1
69ab89fdb9df3f93455a0c52d6e4e3f0,1
69ae578cb2e84390bb7c44216380ad5e,1
69bfbc73c85e0c111060d84260d5fd64,1
69c2cca014581e7e3756142963a69313,1
69d980b4120a76616d7b237d731d6156,1
69f07c49379a0c4bd660dd794a72f02a,1
69f58c765fe75f61f1b098a6d0b0943e,1
6a041eb6fc1af9d2634e039453f67598,1
6a1234a3847f4ef3090a02a8b07fa42f,1
6a2961a3f5c85026ed1b3406a9ac27cd,1
6a2fb4dd53d2cdb88e0432f1284a004c,1
6a3de1215846cd955a86490be42953d6,1
6a44a19c645421001ab4d4c7eb1b687f,1
6a44ee1c36f8caabe9f6ab3179b11b2f,1
6a8631b72a2f8729b91514db87e771c0,1
6a8745913f4b7d91d9c9bffc4e592025,1
6a984aca8806747c09165b7767a3204e,1
6a9a583a5a3b8b97ab2839b4ad543bb6,1
6aa4055e16d1128cc90fc11fb43b7082,1
6aa640325da3a535ae4266a0252105bc,1
6ab9d49c399f239bc88ea28c7568213f,1
6ac418b899c9f735ae62cc768e2f650d,1
6acda50822cea0dbf080d2211a7f6ea5,1
6acf371d62b424190897033ef93947bb,1
6ad7c7ba5dd9225f5551c6157e54e8b6,1
6addacff5b9a648cf0760f3d943b99b0,1
6aeed4d936d742aa5bd53a63b821a0bf,1
6b0510f16f7767cece59352e08e5432b,1
6b3e612bee768d758d981f0d7992e07e,1
6b5d792112275a0262356e64e098025f,1
6b7739f782cb37f71cc80e8151ebd6ac,1
6b80b94c131c21e8a80f8139fa458329,1
6b8cf2f4f294dd4b50037f061f230fba,1
6b8de030922a59c3d23fa6864ad3f436,1
6ba4d9e6b21481dcc4646250fa189ac1,1
6baa004ae73ded1fcdf0e1f153bddf20,1
6bae58cc7b604c823271ecb0f82de699,1
6bb340ddddf26fad46161b199d171cdd,1
6bca83dbf6e081bccb2b23188577ad36,1
6bd755fb81238df1567677fb15b2daaf,1
6bda6606bb4db26fb219523d6fd40869,1
6beae1a9c914c4e2ca45868d6317a27e,1
6bf1cd252d73626ab181be470f56e07b,1
6bf5b542b699bd09889aeb3917464f49,1
6c09be1fc42a113b2f3e558d7df2f133,1
6c1df9c08e8cb7237269358cf39e9c3e,1
6c32e1f7898b6a905ee6ccf087461abd,1
6c3b767b9dd49eccec4ecc63d584f89a,1
6c55ba2343f9df32c7f88a468352ff22,1
6c578f7117cc4f3ebc5bfd8a674e7ff4,1
6c698925de870b02a87e337a0d3af1c3,1
6c69e1be6be2ab7ad5a9e4fe8a763b7f,1
6c81db10f914c4d032b14fa93aa0a818,1
6c82ebe860b459b481f4226e2a06534e,1
6c8408bde0e2dd939bade6cdbd789b65,1
6c9e39d79ed78d8a01bd1e8ffc551a40,1
6cb48625a007f38d7a62a62cccc90f76,1
6cb77fe886eb23d371dcce2d429612a7,1
6cb9998e3edb71cca1e7bcb4c59c3c79,1
6cbbcefd974f08f72023c05064d96f27,1
6cbd4637b69fff7d983bb1a757febf71,1
6cbfc716ebf92d25d1047a5fe47af5de,1
6cc2b92f841b20c5e39281a44a9c68bc,1
6cdedcaa72a7ac7fd354bc71adb02ddf,1
6ce07ff93c0dbafa9df5c10038e41287,1
6cf22bb1523c34ad8da500d1084155a5,1
6cfe89ec0814c1a570172b0916b102a8,1
6d14f72afff32795290f2df6507f063c,1
6d1d611877ca6fe8901e27ea00df988b,1
6d2cb25a03acb6dd4e83969a770e772d,1
6d3b335d1fba472b61c01ba542307f62,1
6d426dd1336e5a7d34470ae65bc68abf,1
6d44b2c01b6843eb2e68beddf853dd82,1
6d5172990dbf91301b99da2fc11c9609,1
6d5b63b6c4575265bb9236cf355baed0,1
6d7a4492be45dfb8e38e762efe6614a4,1
6d7d853286dac8449c42146f8ce5dedf,1
6d811b6e8cada9a8f7f38bb315620e1b,1
6d83ca45d94919027131b87caf3b2a6c,1
6d8e78c479334cba03552e61a97eca2e,1
6dab56beb5263f0d554cae5c55809208,1
6dc18860905adba3a2d55fc1298f1701,1
6ddb759e33850bceb1b22a91e79fa995,1
6debe62ce3828652a75c52d11bb012e7,1
6e2c62713ec17c681eacdf653dddb4e5,1
6e3186505d9f4c946921bd51a5b79742,1
6e3e56ba6f1c01a2dfd039f63cb03585,1
6e40985ec667ded54668d2b70a7aa0a2,1
6e415cdc78febbdbe465df65d52dbc19,1
6e4918d7c7d1499da5ef7bae5e0cdef6,1
6e4abd8bd0f6bb6b4eadd011199af836,1
6e4ad99aef917394f064496022476d0c,1
6e7df7f4622d4360261995dbd5e787d0,1
6e7f4ae007302e93c5610894712289bb,1
6e8c9fd72a0e5527d9e79282dca8415f,1
6e9c52b407fea24064f7ab2b144fbf8c,1
6eb6618376baf873225738ce4fe760ac,1
6ebc84d95d4340324cf0cb525e495eed,1
6ebdbcab1f0dc7e1d3ecb01c1b140ade,1
6ed93af03d1f53308d3a9c6555a94d08,1
6edaba24cba3dd6d13058f286c80915e,1
6eefea74d72822573892405c674918e6,1
6ef76b1a0c15eb96ed49c78d38f37b68,1
6f04cbb6917432bdae4cdc802436f090,1
6f26402132b4c218396901cc4cf2804a,1
6f3ec6fc14615aaed51a2e900868a3cf,1
6f431420cb4f91e9c20f89e83abd17d9,1
6f58f28210b611d0907de2b23c2e78a9,1
6f59fe49d85eb1353b826d6b5a55e753,1
6f5a84d79bc9f79ecd9095e91fc47a2d,1
6f62ee4d7f44554688de59527dce1687,1
6f657bbc44514ab511c65b891301208d,1
6f67fbf87e4b17a1aa8abfe2a0ffc7e4,1
6f73b16abce275c50c172a2690ad4b12,1
6f8ea11c0086a0d13355abc5ee14cc7d,1
6f9771652ad5ec58e58f50475d6bfe0e,1
6f97a895233612b425fbd7ba837a462b,1
6f9d3ff69fea5b27532628c987f4b49a,1
6fa1aab8448ff11026093b6169f05e54,1
6fab1c39de4cee5cf3a849f7f72cba57,1
6fb016838aaad4bf1ad6999980e1c2ef,1
6fb9118651534879ecb3654b56a48a4c,1
6fc29f9edcdf5b8a70c15131501620e7,1
6fc7ab933ccdd144b8fa4db0e99205d2,1
6fd08d44046ab994b96ff38ad6fcfba1,1
6fd29b4c024c598e9339e67a7469be43,1
6fd3f7378cd65325e10cb21733778416,1
6fd4eb7b84b9e893fb3fca9b1cce07a3,1
6fdbc2d597f906254d258d8d64d71925,1
6ffccc089c964ffc65eb623f5acf4a1a,1
700a315aa104dcf3ea345a850f746ec1,1
700ad1e824c548718de15b880c688ef1,1
701381eb0d8b3d7b33e0892adc8b0172,1
701ff123e9085dcc9c2f833efded6374,1
703655144396d09091d9280259c9e51b,1
703be08855ce485a358cc217d93a05d4,1
70501750103046be6103489889ccb96e,1
7052c556fc966a2321d570f3c5a8790f,1
7053801e678b47c7ff38186602188679,1
7053ea870121d9f77c255101139dd0e9,1
7059637593d1eda31cef9582eba6a170,1
70615110b87b5e185d019c1968084752,1
706f09bf92fd217b4c764327c0a17ace,1
70a9f1d2c0e23019d6b8db85a81e69c8,1
70aa499facb0946dc40ff974166fd522,1
70b1659e9e180610c8a5fd5753c85b80,1
70b8127a4ee86d4b37b3eaf5e337e91b,1
70bf4f61950297cf24e18a9b84c3208a,1
70c09a6d537cf2d213fe0169db7d209f,1
70c7b93c42de2f3b28534c09b69a9537,1
70cc46ccdfff951dd7829395bce256ca,1
70cd303f8e2dc6c00f5908aa72acdea6,1
70d01ae15a5d5ee38388b90c0470d9b0,1
70d105fdaaef81ef28419e11afe0372c,1
70d1bd3a042448105a71d0b41ecbc96b,1
70d581e7cfecc88d345ee9c197d1fbc8,1
70e4915197d6c96ebbed11364d8ce3bd,1
70eb8ec63fd4f2a0bf8607712407727c,1
70fb1a4e096e46196c07bcb13f615a44,1
71040c7f50609abf6865f4429f8b1035,1
7112e44ac350fab676c3f210c5c902b2,1
712c57780310856377c327e662653625,1
7130a7cfbe3bb2f11f6524e0cec6eafe,1
7166c23218346e0375296e25b13af9e2,1
7167da6310e9d767a909d5fc6490daa9,1
71685103d269d757074595a20bb82211,1
716854aa9d670cabfec04c7eeddd85b8,1
716a15647e7f7cfa2f875d657dae4c03,1
716fce31a0173fb20b8b729d68f1446a,1
7174375d5bea2b7612929eae33df48d1,1
7176cc4ccfa22cda4b0e01080c8d96ed,1
717c660fd7ed52fdaa650d509dda7912,1
717ce88f14ebb225f2c395c8c41cde09,1
717e96fd0fc2d06fe158982bce5e6a8f,1
71806ae7a741f21e27a83b42237b2405,1
71835d687609f578b92692f98ab16100,1
719b8a11c153b5a391bd4cd11f0dc273,1
719d571299707561c34ba04ab867b32a,1
71a5f1c2a5fd9889ef26b5ac22aec9c6,1
71a6eaa72a4e40ad63210b0f88fb65a9,1
71a8ee0a8b3fe29f6d89c75e6c1d2dba,1
71b7bb7d435217ef96c1ec8e48421599,1
71b9332f591fc9453e40c97586968ef4,1
71bdf1a4d18c3cd68f108547f0b4cd1c,1
71d2e375cd7ae542240f5f335894448a,1
71d9c2b8b10871fa61851922aabc292d,1
71f2ce4ae5dfdd3b55a51c7a2d3c4da8,1
724692d1ae89a580525678a07f6af0f3,1
725cbfcaff95a4d43742fdf13cf43c75,1
72b88dcc0910a3d1db986870c1515029,1
72ba1b1e37ca92467fe787728625c76a,1
72bb19eb8886399d5a46785146792ba7,1
72d0cc6588b5d4f4e26007c2e709315c,1
72d4a1fccf33a998eb237a97be04c032,1
72d7a511e00d9279c476a738f0d03bbb,1
72d9d9e20be430ad3b1ba561bb0cf71a,1
72f027cff2922e7c85a28976ca21a1bb,1
72f3781e31206029b40584266bb01799,1
72f399a2336a151acdb3a0a3b391f75a,1
72f47ace173a4fa96b05a1462e025aee,1
72f50924c42f32d9a236b7602686a49f,1
72f7a39ebe43db1530241755c8df490e,1
732bd381ad09e530fe0a5f457d81becb,1
73326828aa5efe1ba096223de496f596,1
73353895a654703808e8ac484d6abe20,1
7344630ca6c1a4917e55f35c729baa7d,1
734b90405c30810d3c6d8029d503f4eb,1
734cb1ee54f5d7e96c0c9d9732a21721,1
735a36bd5c680c3b10f1c48c99c0559b,1
736ed89df6a505a0bc3136d2402cc0b1,1
737c8b027476dde99e8075d3a0bbe28a,1
738067b78d178e457fa0dc6db5d2cc58,1
73852ee3739732147010f2be732d597c,1
739d233784c9f8e12635a19084e90cf5,1
73a1c27772beb35c2b0caf9a809570f8,1
73a6530caef9511c04711d12dcef551c,1
73a6e085799e9c92a2c854ec9627b28f,1
73a7fbf8c1048131f3b531af31bcdf0e,1
73ae8d8ca7df19a982c92fc1265d9e46,1
73b499a2f5002c0a2158a478cc5a096c,1
73b4a12b226263790a8726fac9f30b34,1
73bcea4312cb31d72bffc6562f7f7c71,1
73e3a34b5edba4b4b715a0fc46024230,1
73ee27eac8d0005ac08e1a29e1b0831f,1
73f1f4a973ffb99bb0157e38ab33f989,1
73f5461cce8ab8a4db14936789113bfc,1
73f835584b88d706c12bb3e9298a733c,1
7402c8cf69df715729b26da0ac2cc721,1
740adb81f19fb346d1ce72237211ba51,1
740d6d43b4024544171093587908a23d,1
74104f4d2a450d95d04f0bed142b082c,1
741a31499a578979be85db7f80139e62,1
74291f20821eae2aacb949b41622ef52,1
7439223069be0c67de28ae02a2a13810,1
746191562977a60292922c316e21720b,1
746c36df2702006bac777bbb9bf8a0a5,1
74939659dbb10592e383bebf2f78272c,1
7494075d75b7855aae586070f6a12113,1
7498e2ed667dd1d3fd92e0d4c33b7944,1
74a1695e5084889d058df1fafb5f9f28,1
74b2f8c612fd08658bfc51519631d5f2,1
74b68e3a8bb6c6528cf025d1549bc74a,1
74c355c68504e6c4fbd038441ad49ff0,1
74c94099baac38d7d352195da981626a,1
74e5e7c0ad09d8fec4d30c75a70a7799,1
74f250adf8f41738ca96718232a41499,1
74f6a88474993377506706e383f98302,1
750a49a83f6ad13ccdf4a761309483f2,1
750d887c4fb151156b3c0dec3041549c,1
750dcfda0a9788bba89c94bb82a322db,1
7514a3aab09ede7053ace487b3c89873,1
751a90669988d4888aa82a198870ca47,1
752855b7d128a75a28fa2ea9341e51bc,1
7535f3518e1009b17aa6e3fa553e82bc,1
75423b8b404590d4f2f6cf28cfc80702,1
754d489a7a6c5b5f63c6e1ea42f9125f,1
7559a915036030709d3491e1602099a7,1
757b6da408dc043a090dd89a90e8d4b9,1
758eb93d6519618b22b2721413074847,1
75936c7c56bb713ac42fd32183535958,1
759f2746cbd8fc01367864eccec63d46,1
75aabc8e1a57380a968e40965ccd0139,1
75b1325940492d3513fd4f50897b1bf9,1
75b317dc3a4d186a05953668cb82ec66,1
75b4372e69a42f8ae1d908c076f547b2,1
75c859dbba6358947a27d204801125a6,1
75cd6bf033fa32fbdb357d28b65798b1,1
75cf9878e249e24c03d9db274cba65f4,1
75d7ef43c821730d335b779416ef824e,1
75e28951b0290f7f1e69d609c9ae55cf,1
75f6a4f019ec1322758d53b2fee2cc12,1
7616196b7ad03aafa01c9e501df2382f,1
762c5d72dfd6cb77f19a9e1fd79e43fb,1
76397820b3556e99a4a2e3056eca24e5,1
763c99ba797c7d691e58bec3d42843bf,1
7642ddbf174d9a97119510f56be6c201,1
765424ab0bedf806eb8cbc97be0bea93,1
765828bfddc553298bd28c90187d5aaa,1
76603a4bccfedb23ac477d3cf1f69ce1,1
7666acd3cb60e97bf02449e36be0c02a,1
766a6a4c51c63991e78e192d802787a9,1
766be6c33b2024c3e45a2a9bb706f718,1
7674e3decaed7f0ebef4717b1db8334a,1
7676b117e79a01065c4962a3064886f6,1
76bf75da18ed680c5e5d7c720a49e7aa,1
76c73618750ec1718b6f51a96c498f93,1
76cd6488b0486efc2652c4180c07f6ad,1
76d58c2f53f7d340cb9fe2d8514e38ae,1
76de7235ba0ddd12de1d998e1a5a1722,1
77115ce07da135cd94ffef9ac16bb1b5,1
771a6b6fc2cc294592e31f3c675a091a,1
771fdcb0db87731f794a0e723e93b732,1
77218fc106572162d14c91c0e4bfbcca,1
772453e71330bbe06de41e9baf8495ac,1
7741aeb3317b850cda6eec4627821fad,1
7745fa765a4fbc559058c4ad0e5485aa,1
774ad2570c29b52d50433d7bb89273e7,1
774e21c631ca26cba7b5606bdca7460f,1
774e44c7114a86fdacbc4f2c762be83b,1
774ea72f37a7fbf1fb32b973a18f2348,1
775917a2882dceb1d02aaa6b1abc1b24,1
7764215b7e09bfc5d5d1c8fe89eef727,1
7768494922ec00df78713cb957ae63c8,1
777798445efd625458a90c13f3b3e6e7,1
77922dd87928c2cf9225946dac2a27a7,1
779471f3320ebf3c8695d3774cd90d98,1
779559842fc122d55edbd03153f35e81,1
77a5f8bbf0093ff1724692679af6e0a4,1
77b5008f271c9f74447191efb065bc28,1
77c0761ae16fdb908f9d7f12ef176a14,1
77c85114b82935ec7619f75cdf072a48,1
77ccda894b672fe1214b0101d108d7f7,1
77d33bd0b4fcc822df9ee16dd7c13a13,1
77ddf7d9682490a7d50e7d580460d4c1,1
77dfeb0e34976854ba703a339ff8fb2a,1
77e1d1347bf761294a7158e1b0b536d5,1
77e8ff91e2cccad62b30a0a83bec431e,1
77f896a49e4b52c7886411acf219f98f,1
77feb885b9ca6c9b64934b33e3c0e15e,1
7811ef9c6eed5bb33c3c6f9de751642f,1
7822d1f226e657d5c98ce5a18bd0ad94,1
7824bce065d8704739ac0fc0c8135d04,1
7825a7c4f9edb6b219eb94c29e86e7b9,1
783a97ea28395836f81271904a858b3c,1
783cd1a4f11758a775c8ad18fac940f7,1
78514b0a0cec96621010b7b6a2bfd6c6,1
7851efb8bb0ad47b04465d6794c57814,1
78526258991c49156197d9e0e14a214a,1
78540167bc14d4024b1aae7adfa2f7c9,1
7858ef2bdbf08f635dedbe5cd1dc966e,1
786248c98cab9ad5cccdb751909da1af,1
787049a00ace087394d4183387405ee1,1
788a4c7f064e9ac6d3e9900512825aa5,1
78976d6eae26536628ef574944bc7b0f,1
789ad1b65fbd127472ba15371dd1144a,1
78a2a96601d7940594f95dbaa4c368d0,1
78a52f7c3f1fc50373949f57052397ad,1
78a727ba961fe7561d533e153bf04088,1
78a8b452478479d26f32e36504176cf1,1
78c3942245093508f8e17ffc06a0dfcf,1
78cee0468912540c91a02760c91481fd,1
78e289a7c7224015c83ae9b7dd4d29c9,1
78e780df15a8af21016b07b8f03b8904,1
78fad3f4efdb56669eb01fbabfe93b44,1
791052a0d5071f87efbc002b579ccb9e,1
7920d8695d334876a8f597fae22de9b5,1
7926c1689244625162673c66b4196371,1
7932fcce65e2aee84d6feb4a288f9cb9,1
79366d6a24de9351b7ca6e3cf75a68ec,1
793fdf9c1646a4d7cd020f9f0898450c,1
7945bb528c42095fccdf46321742afce,1
7946cc9288ba7328ba3f7ef55c146d70,1
794d58cf31d570f4b7640c7a2085042d,1
794de06c32a626a5692ff50e4985d36f,1
7957db057ee41836617b2ad71e367756,1
7970fc94b50ea49cd73d4f2910f2f5c7,1
7971cbbdffdad8e31a1bf8aa423772c5,1
79882368bfedd5f03e3beed890bd2f95,1
79938780eb7ffb7289f59a9a283bc06b,1
799e525b4327b03a6d4a325e68c6cad1,1
79ad39409fa4bcc36b4b7f734c79c2a2,1
79b0cb968ca5e0ef4d6338171123a3df,1
79b1bbaa733d92414726da0dc53e221c,1
79b34bfd104ba0110090a32b86572944,1
79be3804af052f5d6a473dfdeaa38f06,1
79ccb1aca8fcf379a6ed2412fba0480e,1
79ce45dbc2ea29b22b5a261bbb7b7ee7,1
79d2c1de4aaac73cf031b5e1f03a68aa,1
79e42c4fa2bde6e0c828d23c4fb7df35,1
79ea753b9ec382b3bf6b03d449ac9b3b,1
79f408dbd4af006086912a6e3570133a,1
7a0f37fda63d1cd7dac2451494eb6e69,1
7a0f68f9af53c0be1fbb77ab8bc0fffe,1
7a10f0794d6c8bf257417ac22866e78d,1
7a1fcafd251c9e1014d0e9a88a5fcc46,1
7a2ce7934c70419330eaf46f20b159a0,1
7a2db74c8e2d40cd60fe4677d38a74ce,1
7a3bc1b5f3ad201ecd5d03d51d34bedd,1
7a3d2e33323f0341eaecc6154c003ac0,1
7a49adf051c1e6fc5b639a98d17756f0,1
7a5d2e1e131a860ae7d18f6fffa9d689,1
7a670a2551a3ac07c9152f8078eee043,1
7a6a8e721213b9881cfcb60aaafcc3d3,1
7a764d2ad0306a21f83f06ae99b397b7,1
7a8cdb37b5d447de4dba7806a82f84d7,1
7a8dfec813ae58cfaa3e1ef9f534adab,1
7a8eb3bd149ed8073f9a9db5ea1fafd9,1
7a9cf133da2a6494259ffeeab11b6276,1
7aa09531577c4f30eaf1f6cbe61f6536,1
7aa666012fbfab4464142b1055b9e1d5,1
7ac3d0879c16f4e7e9a6a45d576e0efa,1
7ac5f520abfc0589418bc7c76cea7a7c,1
7ace8e994998f636a12d3cdc71c6b942,1
7ad04045119d9f1c12c3c395ce9a6590,1
7ada7bee4052075cf6310885da8c4392,1
7ae5c4294636a8ccd3d8574daa6d7d21,1
7aef20f12c90de905bf7782cb29dffb3,1
7af6ddb00aacf6c4c8ae69fadb858b80,1
7afa8c8eca2a26b599823eed4975a820,1
7b07e5afce1bb1e6fa3ffcdc718d7e69,1
7b0837837bc77c47aff31afc04286281,1
7b0c4d9da2e7edd82a2ee63609d09c69,1
7b123554850fa548f45e478a4726ac55,1
7b18385da9c1aa96dcc9bf8da7ea4608,1
7b1acf905953e320243e6d2e166d852d,1
7b2fc344801b7bd210743493b0cf9385,1
7b35be468d9795a7529f65c50ec87668,1
7b3b38b62de0edfa802192d5c18d5489,1
7b66b19cf13720604859bcd8c48c0dab,1
7b67d49bc14fc6014038578cb4eca3cd,1
7b822833c7cc8905ab8174b55ac878fa,1
7b8d9c8c0d923944798fd521f6d0a1af,1
7ba74f993dca27160dc49880d9ac56b2,1
7bb755757b4b21a1abc9cc6e9991a8ad,1
7bbe91ccbf899dc40a38d012a4dc411f,1
7bcc0cf24eb0ae336943a57e67f6ab82,1
7bcf2266b78ccc737b8f26f925d3c5d4,1
7bdb28a55646012fb3348058d629d9bc,1
7bea3672d6a87d1d816cda1283bd1cb8,1
7bfc5364656fdd3296de69d274b5ff07,1
7bff21aabd6f1c9055ef5c2a262fd62c,1
7c1001239dfe84755f6c35910436abd1,1
7c1af6529d6dc15a19b722e39f20db2a,1
7c1ed5098b2fe8445fa6a4853da78c21,1
7c37e152261f0a96f89c364bd971a90b,1
7c3cbbd1a99a73b3dd683eb7c0570801,1
7c45216f5d973dbd72f3a6e5186438c0,1
7c6456ce44e4a343711f66c893e3e8fd,1
7c65bcd66be0ad761948bfeda4e7bd2f,1
7c6ff274f0411bde88f5df8db5f64693,1
7c90d1f92845f3f2b566c81b55daf369,1
7c9a2f11f8700d221c0482c045f7c98a,1
7cabdd3cd47d37e33d2c6eabff08c1a6,1
7cb5b984262835ef46a1ed83d04d0d44,1
7cbe94f9b52c88ed1adf7a1300a7b3da,1
7cc67695a7648efc5e7a755603402b49,1
7cd77cb177ba74f48a7d7ede2531beb2,1
7cda56607ef8d61eb1573d80f1b57ae3,1
7d04659ff78e0f7d991e8b699b5e5c3e,1
7d08c685504c66533015d5366856da12,1
7d0e0214a0852cf0c90032c7992cf27f,1
7d187801885842645486f00fb166f378,1
7d280add4441effb2c942c68738b3faa,1
7d2e5a2c70a96151cd14274d426589d5,1
7d3297b1d734f63d40632fcf8e1a2cec,1
7d33844ffd50c5fb265a1e0ba03d9470,1
7d37c36ca8a92b8e5f136a640d2b4816,1
7d48ab65665b044e63b15f274c6d7dca,1
7d54e96388bc6009c0a598073873c12b,1
7d5d1204ad4036e30b0d4afce077f396,1
7d681d24b9bad757fb34b0d464c350e4,1
7d6dbf339def0ac9e8da299cfe91bc3a,1
7d7e7f5c80b1d85e3d7054c3dfeee632,1
7d88b36f73acc7533ca83ecbdebd565f,1
7d88b5bdd4a526aef4368cc593209f42,1
7da9810448a8f92f73339d58b1dd73a9,1
7db522185b13bcf14ea1bdb147463547,1
7dc0fd89c290eb0b3e5253d19be59f6f,1
7dca7157b8f883274a06fda9cec3fed5,1
7dcc2e60786a27f4a3115fdf666b81fe,1
7ddb6ba690b14dee5c0f2d372e034cec,1
7ddc9c0c8d8ff59c19050d36d2bdcb2a,1
7dddc9aac98dd159ea9e9c1f68654649,1
7de84fd574b291fd6dc71f84c8c5120c,1
7dfaf5d5673b7663f59e93262a2e393b,1
7e1597b3d802cadc921c6a182ff5926f,1
7e33f4a1c59f89da30a335b2dc2de187,1
7e5016a3b76fe1070b6a82c5daf25455,1
7e50b75774c90a76cd3fa12f33de892e,1
7e67ad012ae8e50272b3856ec8e63667,1
7e6850f360e60da72b7d3b1b37f42312,1
7e68b55d4ee384bfda2b61c827d3f33f,1
7e6bbdc9a339f86e15eb6091c994a1a1,1
7e775daffa00892bdd6b7672e05dd31d,1
7e9b52ab8c9b4c0fa93e431e8c3975e4,1
7ea0b63dc9b8264702f2d2c1533fb4ae,1
7eb9c68704af5effea1cee6f3a6b4b4b,1
7ed6634347bb8371bc6b20b3a7022bce,1
7ed8c74b7ad2f1790a24a24c071da537,1
7eddc981ef745d0883e134473160234d,1
7ee8a1b1807716291e12649b1d617896,1
7eedc4bfd32856b0c2b78657036d203e,1
7f0362988b16ac7b5f65dc5fd0fbc77f,1
7f1397b28abc37d9564825dbad2539bc,1
7f27a510cfe7b7c16bdba4e185dd7940,1
7f47a78f50b93196e945ec522b6e6788,1
7f4f22d5b992917ff6895cc0898ca796,1
7f524cd9e1d47c5aa4b15b54d6d146cb,1
7f5a2ea09fee327672a7cf2f97d40242,1
7f6308ba4057a6a740af7b4dcfb79c13,1
7f6b034a2bb30ba8e1da93017a86bd58,1
7f723c53515b44e16b93397c4149afdc,1
7f7a6b07907da42addc3ec06b4a62cfb,1
7f7da198305ad62091daf841ed6acc6e,1
7f880e0dc3777afaf5fe4f21b0ce0279,1
7f8bacbe759179781b50331ea609f7f8,1
7fa380056f1fbd883cc80a75e60f207b,1
7fa573c197477e03953feaa1d44bf28b,1
7fa79f73326e6b9b13b79f60a435d4a5,1
7fbbe412c783af7237d40b9145aa5a8b,1
7fd769d8502843f5c3f074785f9cfd61,1
7fd93eccaf2d461cb6bc4bbd1aa91f1a,1
7fda46e6f8996ebe3acf684cca0124c2,1
7fdff1c504647eff040e08cd98ce3210,1
7fe486a60125c1541517e30944f95066,1
7fe7d331253bc4643ab397881aa801e7,1
80103e141ed0da3b1d63cb0c7d1f7d48,1
801a695ff5c0c14970a71a4ceb70989e,1
8029d86aeeffd256b2b82cbe2986f386,1
802b8430511a39ecdad069cf6c7dd812,1
803f77475e1b51b47f1bfec4f2ec353f,1
8049d38dde63e0ca96af1e9511d4727d,1
804f35d5834309996feeeb8a7ac361cd,1
805967bd91579942b3caac4ebcc39a54,1
80619103c2b3bc2fe8358f9c3c0bd2c7,1
80665d04b7d8216835a0ad52625c7039,1
806dadaa58bab7f4f6c0e7c1f334975e,1
807b2de93dbb064bbc82dc6ac963bc61,1
807d58831eeb7c3d2d80b696d679ff8f,1
80826ebdc7be9086c467cb10e61a24c6,1
809aeb9f696910839dd8fd2c533e65a4,1
809e226beeb0526cf321f6e5664a8b68,1
80a08e4dfa5115b34f674eca035a01dd,1
80a28a92c0530e6838d3f35cae419d34,1
80a354492ba20a7ef994a4cad98e807d,1
80a96c144008b8446632f872d3b1a3ed,1
80ad583034527f821e579d479f82fae9,1
80b277131c86232dec38056fa40eaeca,1
80c8ded77011b1d2c8e3bdbff65eab23,1
80cbd9107719ba49c3a02fbd942b4717,1
80d26752db9f24b4822df9aed428d3b6,1
80db55ab8514dce76cb6a22d5014b73a,1
80dfe643d04536672f84431155e07728,1
80e7f6c61346d1feb1bca71585ac62e4,1
80e9d618cc71f5eed806b81bd62c38e4,1
8100d323ffa1909cfcf9fdf05f20b678,1
810cb3c5af006624fa32d362077af85f,1
81227b918dc751995a7301b5f38437b8,1
8133993c7a2e443974f9c5509b09b0fd,1
813a30050677eb6996e12eea9ad400bf,1
813abede22d2496612b447a3f55f629e,1
813e0977846de5206007de2bb18e44ba,1
81624136984f77ab82f6cfd66fa9f203,1
816c0585d491ed8127cebbb3dc7c89cf,1
1f58ebdc810e1d5c7cead7f763c27a94,1
81a266bbf4c7aa3113db84e81ca899b8,1
81a5ad77c14cd83d0c853e4c317cb837,1
fff28f91211774864a1000f918ed00cc,1
ffa4027b0effa4df0d5f5a9ce2788b6d,1
81c891c541361f1108fe9e2a645324d9,1
ffa4ff381e25872b5bf85353ff7ab0c9,1
81db1eb74948f2d18f83fe4c1fbcd88c,1
ffb2e8c1ddc7c3e590d2bc4c91de53e1,1
ffb530bd30bcc1bd903e4da723faa5e6,1
81e02af7d00fcf604270221efe1d1b95,1
ffbc83054b3741a8d67fc59d9cf9d42d,1
81e7937893af4703d4d14ca3e3765b59,1
ffbe3df3856b1fef3fee8f1264105a89,1
81fa3a54b696e8510a2f5cd69b29337d,1
82029e5d2411cd3a74021d94ee87d457,1
ffbfa9e143fda4420454d0f4e88a3cd5,1
820fa146b7ccfe19c80e999cf4a77668,1
8218c41b07f96e9465fdc0931fb81faf,1
ffc0b406806006602c5853b00ab5f7fd,1
8229dca25207625966da8cffda27446c,1
ffc9caf33e2d1e9f44e3e06da19085f7,1
ffd60d515c690a976c497e75cd2336f4,1
82498e96fa34d0975dc61a765a65d523,1
824d0f65de327bae9d13bbc23528c79a,1
825ec0968cc8bc32096c6a91e2bbe125,1
8264f2dcca3aa83cb217d7f09e9c8cf8,1
826990bc0af28681bde1dcd66a336763,1
8273821fd2a32fbbc77ad8b743b2a1b9,1
fff1059cd247279f3726b7696c66e44e,1
8279f484b70cb6fb2a87f36e766bd559,1
827abcada2c9f7862ef735fd765b87b1,1
827be1443393caa95c4a035b2f4f74b5,1
0011c512eb256aa0dbbb544d8dffcf6e,1
8281b348c92d101d10c17e412b99d748,1
00ab8a8b9fe219511dc3f178c6d79698,1
00be617b58175bf207fd35910d5097a4,1
82bbea2a39c7d1745ad49a2479460e75,1
00cf06147ed4880ec5fbba2adbb20e1d,1
82c51ba64f7f73653ca5f5d2947d0464,1
00d2add85b1f5aba6bb3d5d977314e25,1
82cbf8090880e6be359de9d332558817,1
82cff05560eae73466f8778690b037fa,1
82d7b276f49e72ffce78d10b20518808,1
82da31ba11331ed88419773d888bae7f,1
00d93a09990b319a7c946ed7a8c67656,1
00e62bcf9337ca4c5d5b4c5c8188f8d2,1
82ff671ac04e6599dbfb28ead3369f59,1
8300e0e22bb50df7bc0bbe0b2b15997b,1
00efb9a8ce0cf3b2f37892ab003edc10,1
00f42e56821b1779fbf397fe72639054,1
83039266ceedb3640c6dce70f01bf2d0,1
830814a623453adb6e343fb0260e3810,1
00faa46f36261af8bbf3a4d37fa4841b,1
831dceec53695bea375b42e2c602e913,1
832137af5164ffb89cf407d686aa2d0d,1
8326a865712b71ff436aefafc04a4817,1
0103863bf3441460142ec23c74388e4c,1
010c38887e6a41a5acfea2687515b254,1
834b8e004b7448cade7c0fcbe6bb84ee,1
83512a315006faae70055f4dac2a642e,1
835956a0722151405b61a58661a6e5e1,1
835d8502d265ddeb4bdd39591d55fa2b,1
835e3f51a6ef088097cc8cf42f08fd17,1
835fdb74fa8c0da45cd0879b1307fcd0,1
83634a7abf56905fc9ab415328908de2,1
83639e59e789cf2ed557ebf817f1085c,1
0110573bc9195aa810a4384f189f48f5,1
839321c2db7b3b3eaff4944c3b052ecd,1
011377a7487fef47fc9e73fa5f7322a6,1
011967a30ceeaa86acb72e79664544ad,1
83a1778b0d5b20c0724c97e35f083082,1
011ae9863bd5b15e528a16dd8ceb4772,1
011be89e68e286ac07f51c22ecbb04aa,1
01365901d8f2247976a7e5d4c98c52c0,1
83c77d39ee16193430f019d3f090d222,1
014fcf6bd5cd4c7ee29fb3bb618c445e,1
01586bfbe1d5449887f1cac4ad1fbd02,1
016711f78a6a87696645db0a6a834826,1
83d2d8172add3b895700b35351e7f05c,1
83dc3ac4a306a4d891b211d29ed774db,1
017457b0013d01d5a5a4a020ed1f14b9,1
0176bf7839ab4e611dc01cdc3ef6f4e4,1
83ee05fd05be4375384ffcdeffcc138f,1
83ee94d59dffaab56d55b5766c6d1211,1
83f1e78f8eb4284eb7d20f5dc04923d9,1
83f2c628d86dde5369cde6ffb51d919a,1
01886ce599b5837b3e1966cdafacd080,1
83fe1ea6fd12c51fcd341a9968e65cc3,1
84003eefe52bb4112252409a24ae3a73,1
8435e69e8ca35cc17d3471e240ea0d44,1
844c6d466a0b3ae37536094e43dc4522,1
846145e9b8d412bd1c9bb478a52ab4a0,1
018ca97302e4293050cc41413194bb19,1
8474d936fee23f0c45620cc2022871cc,1
01948c8dbac93beb665f136bccd530d8,1
01a0f7d0d081d619be810e512be45f97,1
847ae12131fb2ab1eadf2a377dc1e620,1
848064637fb2f160e5456e94f1f58d5c,1
848ef0a103ee21407d1fbd0f7e7ae179,1
84952f1f00709e71d58587cb34163e26,1
84a517a0e06ef2a45abff3cab3f0ad0e,1
01a9707790aab6855a6438b92c4c396b,1
84bc1370758fa98d08afd0180818217a,1
84c21030530a34295a94762fdf73611c,1
84c6e1fb0400fb720bfd40e3396e9044,1
01b0238705b6ae8e35c6fea837e6ae4a,1
84cfaf518b9392ee6b67e734c68a072d,1
01bacce2c74317ed2524bcaabae2e9d4,1
01c2e91674406ebaca6a1bbf7f61c3f0,1
84d2224f05ad630241d7676b3e4ad297,1
84d579e4a2b5057819fbc61e92d6d883,1
84d587fc7738e0359fa9ec3e9620c45c,1
84d866290cb98a0253e770a862679579,1
84dbf59971e2dd6aede4b0e0b1847a54,1
84ecc25f4c77dacc5c0ceb89e09492e9,1
84ed1f4e3c539f01fb07c3ebf73c31e0,1
84ef572c9b97343b83ab437a3ad75461,1
01cda14e6051f3dcf61bb80abf210b79,1
01cdc6fbdb39fc792bb4c40164ce2331,1
84fca65b5c69b61eec7a6f4b9fcfea75,1
01cf56cd6138b926a4802d16fc304149,1
8510c0493319d7d46949a52df53e3d48,1
852b4b6ded0425a736da9dd818e872b6,1
01e66dc5bf4d5a186d856506a4f0fea2,1
853b7c31821aa0c07455104dd026a958,1
01f1608fbd6fc5b04308ff6157326e6d,1
01f2d77d8a63937c77c7128ce4bd2ada,1
855bbef550f31af6cf9387e9362b11f6,1
855dffd36eee356101b672374d00e96f,1
021d39ee869e87d5288f4e731df4a90e,1
856af50654f3ba4a223ae9b5b8d243c0,1
8593d4a9cae477bd61f807d9c2b3b4ea,1
859c4a81490e9402bac13f62672482d1,1
0226c9207aea0b16076a27ca65cb4929,1
85b6cd7f57f7a06d180c93e8c74f6381,1
85c39c98aac0283cda6c5e6721749c8b,1
85d343db501f388dc453ddce58bc5921,1
85d61a3f77ccf65416956689668d4bba,1
85df056390074964b49be3a497aabd9a,1
02293621a345f7cddda16c5d9c7990e4,1
85f709dd4e8f207aecdfaeba8581c1f0,1
02335f37af17baf50a91273e4bdc8ef4,1
85fcf0af8941e2a6d93bb2df970c1650,1
85fe203e9890d4e0f8075977b90241ed,1
8603fd58099e4089e9811dfffe1d5ea2,1
860a24fe5502e492593ec000b1c33559,1
02475368dfb38934fe55f574024fe1d7,1
86133a7d6682fcb51debce06e6514f93,1
8615de1fb2a899d19d56e5ce1fd92312,1
02623b0e4e6b951aefb23575de1f3886,1
8626b155de04e2d0d6e1e907fbcf0cd2,1
86271c025e6ff0c1d327388c0b4c811b,1
027bb42a4ef22da4c7a80ecf9c60ba0c,1
86304b9e4529f2686bc91f37c6392801,1
86517efa74fb6e1a5ca3d3f2a88261c8,1
865444ecac22985b455244843197e147,1
02d48451331287e2bf12560d032d57a6,1
865cf360a28190ff9c1cf3ee412c55ba,1
02d53241d2a3c4b1d65f21028e15fde8,1
02f5620577c231921c3b01678005d2ba,1
86742dc5c815f1c8c04c6e323e3c1865,1
86766d5e84f560b949d8a4582e9fdbdb,1
867860cb9f8724722b424497dfe1d491,1
02fb2d61da1247bf732360ea76b16240,1
030f129f7f4681d3996e2531840057af,1
868b3136c5b206f91b8208fbfdf2cb7c,1
0312536dd9e1c1b732d2b8ff5c3181d6,1
03137dc3af3dc8138e070c4536407618,1
86abf4f5e857dc1175d06e7373b59be1,1
0333795efd58e3c33c5850b92721c3e4,1
033e5e4f49acb5621c782ac8a37aa90b,1
86bddf117876feb2e7ab68191c9b8bb1,1
86beb8b7298c47a334e6deb8545b2f06,1
0350ac874c8937571b129554110ec3b6,1
86cbe3f62944a6ad224137e01f54c0b9,1
86df1e9a07c3d463f6a6c3f776051e9d,1
035a4019c8009b57768aa3c1e1ad63a3,1
0369a47f7ad96df46ad8ed76767de8bd,1
86f2416d4670e4ea3ca5494d043d9f24,1
036c967e979f490c3890acef838d9f44,1
8705c69d6378c86e175573b8fbf954c8,1
871238c57d25f282d163be9e712c36a9,1
8722afd14143e0192b2abbcee6fe2873,1
037c68f178aefdd7a880a951dedc04d1,1
038967227fb1bc9b30d6e1c81fa2d2be,1
872c150bc3167f3a4fd9214f82931358,1
03a20f79e4c056b48ce29b3e30beb0fb,1
87351480a75abfcf15ec67af64f28ee6,1
873c256958122a0b04f65c23f8bc2329,1
03b10f5e3ef07cfc27a025adca3fd0be,1
875bee7b8010ed5307538425241dda8a,1
03bb06cda40712fb8473f7962fb7d198,1
8762b647d716b99b09ee045657f9d383,1
876a3339df70e1a65e56eb7715687787,1
878699846fa5ea02a5b41e59f7c4439d,1
878a891a2694570ec7602c80e45d323a,1
878c61936b5c51f321ac165750d97a0b,1
8792fbc1d128e768d160a74148aedaaa,1
879b84c7cf2433c4fa8f416a780109a8,1
03d4233b9e3382adaed9e5c58626f1dc,1
87ae34a2e6f971a135f8bea5ae7949a9,1
87aff1d9a5e94db6840c5b963a5cef90,1
03d817e5e392e78674ed0bd8195f9159,1
03e4e6709b7d6415746769c0bc3e9131,1
87c91527351ebab1c422be0f4738480b,1
03ed331c2c9bb4cd5c3d986928bc8d9c,1
03f02ee5e8fd233d41dcfe8ad911cf7e,1
03feb64db1d0ea0aaad178536a2d0640,1
040b8534cb74ddaae70c21541f449630,1
87db1d6af39ede804084ef2f8e6b9b46,1
87e0a0706a9ccbdd1784f76e01b40176,1
87e583842cc9122ded9f8eafbf42894c,1
87f6a4366535fdaa380ac373b83dc752,1
87f6e794e8e759e774a4c34590565036,1
040fe1cdb263eb2c9b1322875b0afcb7,1
0417855683de23ba1e20e8a358a5ac7c,1
881223d7f9d9b37d73991a890b510ec6,1
0418d6ca9336c4a7ef9667aac0be1976,1
041b5d4393ea83147e2a07e55cd5359c,1
042426e17752f5d722a5b80940edc915,1
882b88e3f8d6db8171ee56f61efc8bd8,1
88316766399e9545cb650c3ab70208a0,1
0424d4d1508370eb771126734ec9740e,1
884b444b6ef19272ab3adf358afcc921,1
8852d1878bd27d8e1fe4e403c2a0100d,1
885767551f6e62036547d2ec333f1daf,1
886208eeba914fad42127271385d66f0,1
88722e1dbe9a41a0834374aaaf19ffd2,1
0433830caca22b01a0f477d31307b043,1
88794547776aa78fdd4b28bfd90c6469,1
887c03038c774a15272a3e75ca7b4fa7,1
0437850bd55b9b2b9cf104b59a611666,1
888bc229e8f4a4bb412bdea51c650a49,1
888c130b9cddd7f400c25e1cecdf6b19,1
888de7e3435c871d1020b85023328c5b,1
888eeb22340037a42971d30e3808a745,1
0454c95c31d75e5f86c354896a3d9814,1
88b0e43d1df085c4e8c2be324e3785f3,1
88b3956a8179086a0c985a39644ec47d,1
88bcd4cc43e257bf69ac62b2540f1c14,1
88bd8458fdc2ceec3e71ef1d867a7b45,1
045c0f3faa3d81ff1af071e0811b2711,1
0466aacbd155769293483722a2e5bead,1
88c44792cd15d55bc4263bf91672e0f6,1
046bb8477448980cb3355e0702e77a0e,1
88cd1536cced07ce8b7eb699521f841e,1
046cf43a5b63303b3c3c4ba076d1d732,1
88d1079c8004788f2114540fababe0de,1
047b85649c33e9cbf34b2ccf8d41d622,1
88d79d63d20f4183d9ed1144cff05d8e,1
0485eb91cf4786a456d0b61ef9d9183e,1
88e45c0f0947e8b8e17cd93e8112be5e,1
88e55a509dd9848fe90373958567203a,1
048bb098a0e194ddc3d0287b954bc9d8,1
88ffcf27478318ba55b1f9d22d65ce97,1
8920f1824cd68512eb6fb0b0f41004bf,1
892198c42c50014fa460d71bed876d7b,1
048c45eaa9b885243959f59ddf2b21f4,1
893286a6bb8c754b4c7082d8705e6443,1
8934769521d632e65c27992662f05673,1
04a3191f211edc97716020026d05d260,1
89571bdf5db85184c4e877bf9dfaf92d,1
8963eba2629ee030c4de83703c0ae020,1
04c4239553c71aafb3b2b5f74f165210,1
8971b502ef885ceacff5dd02b873cdf6,1
04ca6bf4b3d9aa78046f0973efe2f4b1,1
8974fd022d2eca68246a2f754bd7de23,1
04d1e516df784ab0cc7cb3b74a0933d2,1
8988d11aace15e3c9e25763c6d87dcf5,1
8994980b6420059104bb47e2cb680e0a,1
8995980bf35c9c32cc8c7cadc025ad64,1
89aefaec68835e01b06728172633e47c,1
04d5a0ec1f6db00db01676199151df4c,1
89c111575a1b19782a2e660eff07dd8a,1
89c759803e084e177bd98baad6fe67fb,1
89d49f6d10ff422902b2c2cb05da7f1c,1
04dc26a02c448f6f2b914f01c2902ebd,1
04de91d60b1cc9be205fb4a63c87bece,1
04df667e73ca2fab4b9a97c86466b699,1
89e53f7e4890b10cd3fabafe0e4c2989,1
89f477e164a214412b100a5c35464b0a,1
89fe9f3c22efcfa4bd05c0cf71c70a18,1
04e8d74439cda81827c2cff9f165f4c5,1
8a07df3b4a96005496043e667f667beb,1
04e90f954f5fde312ce378b26ddfad13,1
8a27d3427a61686ec37357b5ccf24425,1
8a2d3285de64b2117fbf83784acd09fc,1
8a2fde854a6f41aae89ce99303a847e8,1
8a3254bee785a526d548a81a9bc3c9be,1
04f352bc78b371f4392b0077d5648de5,1
04f9876e5833ccf6df7934aaebd19faf,1
8a494aeffa13ead64254d18d66189a22,1
04fd8d64a2539d188bef33bb288410bb,1
8a5bdb0edeb5e2664a2f147198a52b9b,1
05019bc35fc2ed878c0c0f55346b91c6,1
8a72ecadce1dfc792b333bead4eb3600,1
0505f239830b15ffbd923b4113a96855,1
8a852e038778b1f5f20b41824892c3b8,1
8a8ffceebd3e62e6b982760275d38128,1
8aa1ba72d595bcf58ead2e5636f006cc,1
8aa2eacfedd0c7a0c34febc7480708a7,1
051e6f6764c9b60143dffafd0c5d1a25,1
05555b7712bfdb1c0809b44166e33a25,1
056193fc88b3f131fae751356896b168,1
8ac47b3ab13c68f49f10dde899674149,1
8acbb05460d726307368e3fd43470285,1
8acf0061d1c7b72c3a4857db994ecc79,1
056b837251897cfc6f46d3643bad614f,1
8ad94542132b0e6ff0bc2fd20bf4353a,1
0573b564a90d2d9f9c460eb963da8c33,1
8adde8ed66e628e94f29b9832156ab08,1
05869034bc6aeae6869a573000cdcc43,1
8ae4b5b9554c1d03c803bdd3875dad7b,1
8aebd177020fc8a6fa6a321ac4c44de7,1
8aefc25069d9ccef99f9f08d4a869ac4,1
8afd2ec5bf821e4d1a061e7ca31cac24,1
8afd99798fadd878e37b5bca830e6525,1
8b100f92b312e18e03f0ee8f0c0011bd,1
8b199a0f183f8011403f53356c564d80,1
05928363cd16fb2d20ccad40992105aa,1
8b32eb3053c5c248a5e547f8a1bfb859,1
059344baebbeaa42fa9f2bbe11b1583e,1
059ca09d32720d9adce3ae12e181339d,1
059dce566827cd3b3274f2b986d5c0db,1
059fd0cc43081303f7c0d7770ab53d52,1
05a6b99c0460f22f5f8101493c0e3c0e,1
8b52af498478ac72226c6bdaa89f27de,1
05a9ab81472f6bdcd910cb49b636c5b5,1
8b5551fceac21ae3ba546f410bb642d0,1
8b6ede776c9602a1db79d27547ff8253,1
8b878f082e217c587ef3ad9431c6c762,1
8b87bdca52ab6d4c79661a4dbcf903c8,1
8b8981e920b8a923f6b066fefade1925,1
8ba0118a487ec8671aed57e5ef846574,1
8ba8c90e50add29be3159373ea7cb990,1
05c11568c221bcac5790a8720019d141,1
05c24fd82c39e05337fcc418f0a61e54,1
8bb2ca7d3fbcb7de9ff7b8250cb292b5,1
8bb55dba670df5f274688829c23e6052,1
05cf9ac595f28386ee763c98cbc2bad0,1
8bd4145633bb6d4e5ae091577f6b8dce,1
8bd9ea581812a401d20fdccc7b8abb1a,1
8be128ce3f51211048f4b891e9303381,1
8bef2f3e34f2cc22c908921e6e9eebee,1
8bf396e81a19dffbbae80100aa14aa0c,1
05e896ddcd2490d4185badce5f9b45e4,1
05f97ad4ce078ed1de8882e1824eb07f,1
8c05118c323922e25502c7bc39d1978e,1
8c0c3a8ad1d1896e7d9d66921a4b66ab,1
8c0c5d88d9ec2bc8e02395bda8ea52f2,1
8c154410716f31649d25e436f7d5d838,1
05fa3b5ecdf7f54e97fe25127db0ee7c,1
8c2f7d1e586af9f4ecd42ffa5ffc4216,1
8c31e10f98572eed00b427279e9ce0e6,1
8c34ab7fffe8c063bc8c6da88aa92185,1
8c35dc99b37ba51780800ba049ed3616,1
05fa60020215fd65f8f8b9dd441f864b,1
8c43f35d57e033ca588137603db17d80,1
8c4456c061013adccb1ba4cbce2d0365,1
8c464efd8ef90612cb673a5ce7046e8c,1
05feccd482d35726d6f80e60df25db86,1
8c4e5e50a08a443b7fbad34ad7587625,1
060890b1af8cc031e9dde49cf544f884,1
0609678aec06f28cd8e177550d26e73b,1
8c5bf458020588e0dfeda011254eadbe,1
0615dcf981da53a5ca8777cd6a80361b,1
8c7274c4e638e7f229007fe28aafc741,1
8c7fe240bfde64b6a20eec6fdb986b1b,1
8c881951778b843dd2567fe997812ded,1
061885af8dbda5739d592a153655e574,1
8ca6ebfd6293a5b03f104d27c4945718,1
8cc012c0a83e6021df4f2b2d01d8debc,1
8cc0b6265dda0e4e8aced3d1446b80bc,1
8ccaa3f8b171b199e37294ece30815a3,1
8ccac7e503c0ba1f7e7b3aafeae52cca,1
8ccd37c870e395f818066927a748565c,1
8cd0af4160df609b19513a93e40899a6,1
8cd6267f12bb115b2b56d20d3a860cfc,1
061fa9845070ffff2d23e8e10bdf8edc,1
062364f1fb1943481de879618fc37cdb,1
062e425d963f3eac04709162c3ce6782,1
8ceb6a29cf065f382c7b8cbc9fea3a84,1
8ced2631a18d2e0814557875b3bb907b,1
06324724a73c341e0826729d63a8d5bc,1
8cf22b2cc9465d64474a09853b62f5b2,1
8cf306b87f5f0832d70505004465e39f,1
8d070077591cb06503a4933e5050bc69,1
063d6951f9aa6a9c2122a9492480d9ef,1
8d1224321dc883703df71dcb5be296b3,1
063d853b6d570a9a5d06e8e044658c21,1
8d139b1550c8cc91a3babc9cfe9fc147,1
064c975d37d3c646bd94d94c6e16f37e,1
8d219c7aa1a8032569bbd8c4ad515daa,1
8d26562bc0e89c3e3b83c1ab369534a4,1
8d29be6478bbde713745b8f567edc734,1
8d2acb5eb701be18bccec69a070fd23d,1
8d3367004d60f40855db4a5bbbabfdb6,1
8d441ed10f519b5a689d263b009ebf85,1
8d4b5a0c6a09c5ee87acb936e218e9df,1
8d4e92265a16e69a1e1d76e67e46d72f,1
8d4ff8de5e399964646ef5f4ee698076,1
8d51190d4e52d32e6abf3d0551501114,1
8d5ab785e6761f35bf54eca83846dd2e,1
8d619bd7604fa12d9153644097c3cf8e,1
065855099f5c20755e412cd48702d996,1
8d70502661e6c3f5012407bff1c36a5d,1
8d72bd9268379ba4f39affd5ac80ac39,1
8d7654102992872ef4342f91f9997e64,1
06601c3059e35a3bf65e72f2fd2ac626,1
067a7177d086c25f597516184a07f05a,1
068b5d27e848424be23fec630a415021,1
068ee5d8c45732d9731fde32b47594df,1
06976617d8c5e71de4f3c2d93e788fd5,1
8da00e3b81d03ddb331afbb120621c92,1
8da77162e41d47464f9806727417cf6e,1
8daaaa541e5e7170db4188f93911ab3a,1
8dad29b3b6c42d0b966e5ea7b5498132,1
06a7a571bc9fbb103a9c2eb90f89432c,1
06ab916413a6a9c4813408f7a72fd953,1
06ae026e430189633c2fbd0288c86257,1
8db75af9aed3315374db44d7860e25da,1
06be2efbc5799c9e578d3f6dd205b569,1
8db97c571a61d830930cf029a34c33ef,1
8dc068efed6312b226cb8f74127314c9,1
8dc3769c164b93196708d01eeca631b3,1
06bf70b6e1d67d96308235ef350edc61,1
8ddbf2c953e42ed2a627c4ac08706bc2,1
8ddf5554f2617f6324e26cb41a35f41a,1
06c38a87544301cba8b0fb5a0796383d,1
06c42344256e5a78e6bf38e92b1f1563,1
8df1a3abe96355f4a037a5345cc8594a,1
8df56ba30e76d09f57ca93ee364616a0,1
8dfb264673631eed595f12828b0ff2c6,1
8dfb62dd226c4b734e5a51fc114de949,1
8dff5399c7a5552ee041c8bb465e5288,1
8e05d659efa36ce4bbc0a299a870f4af,1
8e070d077d43019c6ab43765f69d8401,1
8e0aa05a387182c8ef3cd13b6131e60f,1
8e0be6304c4a94268be42e2d8dfaded9,1
8e0fe01ccda36af7936ac8564cf8aee7,1
06ce9c3e61c7a07f872f8317a7dc534d,1
8e14e42d480e0c520d2f8ee0e7d3249d,1
8e2e2894b4362d92a3682124ca8124e2,1
8e34d37d0547fe71f31302e48464eb73,1
8e4650bd2f4ffa24c882da51ba7b1a47,1
06e73ddcb54620a36bfdb2e073c4dc40,1
8e5e831d742acedb1758e90e18974231,1
8e6774f213b2625176287ad6c3d38be6,1
8e698981cd367d35f5dcb21f4f563fd8,1
8e7a3ee016b12c87b5e3e7e717620758,1
8e7ec8bbc0989d1ccbe6971f239eae9a,1
8e80624d5c2d41d70df307dd52fef6c4,1
06ecc3d4006ad6eb293a1b93ec3c7183,1
8e93bf2cbba0420f166afa0c797525b0,1
8ea2105f9dac119565ef0138ad05f6fb,1
8ea469fda50c1d63e15ccdeb9afe170d,1
8ea8e3150c4a9d5e683bf5f8d0561609,1
8ea996926ff2f9c0e50e2f70b8e01051,1
06f2166336faca73c644b11eaca22d06,1
8eb2787f0bb7f47e87e61e8c9085ade4,1
8ec6aedf40e1175c5446134c40931706,1
8ec7eb9f181b55edfe7d45092c37a3ef,1
06f756df8d80309915285f3ee6ea1059,1
8edf8f0889f2cf40d743f3b983aebd3b,1
8ee4a65ca0dcdad7f10393ca2788bce5,1
8eed2a3a47f27f69cec34ff9562fc7b9,1
8eed5d27f5b8c6248731efb4782f6141,1
8ef86f236353bc972e7a03f033f45c19,1
8f08d9a3c02538bfb6110150a8bbad07,1
8f0dd49f703d5aae900050bc55ea913e,1
8f1138aa9a4a3c0127a10b19fe956cee,1
8f182b62914de7e1eac12f09b125e9a6,1
8f19c4fa78ba4a8d037bc977eef22927,1
06f85533c1d65036e055ed561d0b1a2e,1
8f211599d0cde9d8551a6984d758e1f4,1
06fb87866499b0e65992b2d88aca8282,1
8f3e65950fbb9e484ff846ce111ca5b2,1
8f40c3bee77ffbb385d04600d0948d47,1
8f4735c09292c695473969af57466365,1
8f4b17412563c9aef144af0d2b3745f4,1
8f51204e4a4b73030177a888b66fe910,1
8f5cb6362e19f8120f77484dc5619a6b,1
8f5cd67d0e2be158ff1e6c0b841686a4,1
8f73613d06e3a557da0249015cbae6b6,1
0701bc9fbbb6612a2e7427a3e7ddbf6e,1
071b5dd29feece041c356d172474b113,1
8f7f39a553ee4fad3c49f91a837dc58a,1
8f8496902e65ff58118aab478dc2a55e,1
8f8cb7e4a7f16d339f87f8aa2711a003,1
8f9371c0e8042d93813647b53c195ddb,1
8f970464c3f5665083cda167398fcf57,1
071d40163502c7a04c4b49983787485c,1
072346978ec57ef87579ba2cea7c7030,1
8fbcb15797c830eb81cb3368ffe4a851,1
8fbd0b7f20c851cff57ffa74ebac3ec2,1
8fbd36d3b045f5f38b252b1513478f38,1
8fbf9021a217075b130d33b3485e8fb3,1
073af5ae737ac55290eb733f67317242,1
8fdce6f1db3b75b035989f673164487e,1
8feadd2febbe968ed4cd3cb73de662d2,1
8ffdc77604396b5f0483e372aafe83f0,1
073afdaeb2d71d4da3ce0c6935614289,1
900c2341f3b48dcc07b37f6e9e080b9d,1
900e3b70802c6c3f762bee438093f284,1
901283b66481331ad99c4eb953c04c43,1
073ed404e3aec5b0a486334c05ee2fe9,1
9036be77e0a74cca6eeef0740649b97b,1
074fbdce1ed974986a2d2c9660b9eefb,1
9048cbd294fe0c1a3ec8c8248bc2cadd,1
905b384ac5667170689505bbf30f1d07,1
0768c4dc73c777a620b38c1da390ae8e,1
077599a82ee54960bc4f4c941b0d1359,1
907c84d5b8961d53ba1b803638fffcad,1
908071e6f99433fe356fcfaa41fd1d1e,1
908a8949fc2615cde40d1568d16aa6ca,1
07797d4315ce5c1570e0a484472e04b5,1
908dd61b840a480fa931ef04389c6266,1
90916a1ae9ea5e3c8c15c37b51834f37,1
0780ab4d63c3fa0b95d7f17f66a3444c,1
90973fe7cdce864c5345cb2eebdfa666,1
07883aa96515a898e1b9ddf0537a1b56,1
90a57d62c9b9f884fae33a10dff953b4,1
078a6c96f58d2261cc4241dc9907b143,1
07aa6a21d16be9ac95fbff7ab3ed81e9,1
07c410d85cf66a03da15b92f2d03d583,1
90d0df1dcc6b9808cd5f1451917e1ad0,1
07ffc018eaf23e086370dea42c74077b,1
08056d78bb75ed3ace107c72c16ec511,1
90f97298579cd20412fdcc9b7a2d4b6b,1
90ff7bd006f43483742a0bc3a3a9734d,1
9102363e9fd5fc8fa4c0719ee704c89c,1
9127a26242f9a9cfb2154f60f2dd5951,1
0812f763c5cf426afacf3538963ac829,1
081d21aa3dc9b583104a15fc4dfd1160,1
081ecfd29d91be2327fbd9c03d2f33de,1
08208bc1d6a06c114cb662f3b2c95e05,1
082175ee534338e4fd967076a6f848e5,1
08279c494018541f71443c07d77560f8,1
0836db91ee8fd88d685b5a57bed9ede0,1
083d6108def7421be9778dd0ecd11fa6,1
083ffd30820b592e294de7ed668ff975,1
916d4d1015e94b8b525ef366b3bde796,1
08401f48b67a852d06105725c3013eff,1
91910bbde68f7027e850dcd82b25c5bb,1
084461b396a7e044af9229534fa03b51,1
91aafdd30514579d1568b6f5ae9f4d46,1
91b08d34d0ba4db44da2dc382867ba49,1
91c30c59ba5ecdf9df48ab0ea50a6b4e,1
08545faed0310009ebba7ba4537c2727,1
91cc456718659c7d18785370cb68e64a,1
91e2aac5302f657c8fdf3040124d8809,1
91f55803717622c017fb93898242a592,1
9206d854259f0baf2b1c76d63c04e673,1
9207d6b9c76ea46cbc5b101a23293cc2,1
920840f7899b13c467d223950c89e9e9,1
9217cd4b28552bdbb33d5eab7036c9c0,1
0858dd15ff82c48e17418361856c094c,1
9223b2f02160aacde2903cf54f396658,1
086f97beca2bb06567d542af191fa7a9,1
9234cd3c6bd121932ef77a39d6d87893,1
08713ad044290890b1373e1bedc8464c,1
0878b8484ae10e2ef355fac0690fabe7,1
089245791e0895da94a8791bd68a2085,1
924d6619805478222273ab8ca2540b25,1
089ac5f8835b1cacc1481b4c7cbdb503,1
9257d3f01cd400076c63470f92434c7e,1
926ecae86335e45fea05e1e39e9a5be9,1
927a7ee2d74e3a1123047f40b42fcc09,1
927b37c91523c5d12a6082746feadd09,1
089cc17c8bf2226d13648392e33dabd7,1
928206689f0543a9844ec994c66400fd,1
08bcc2d85da3a9c0e2ac1cc28b67418d,1
92a0ba05cdafc24128ead0890a8a2c79,1
92b82f3b6d4670bba0ae207094f1d226,1
08c3e65af1719834cab72d27dc6b506b,1
92c7ec84190a13612cae0baf13804b23,1
08d76e49b8206d0cfb7456fe3aa7d3b4,1
92d16b48c50da1af3a50c6e73eb5d23f,1
92d2d88b37a70060bd536b8790d9edaa,1
92d9e76c3678dc402b5d1a49f1ccc7f2,1
92db64b9fbf288bcf880be1fdd53f78e,1
92dc38393e62d366ae080808b222ccae,1
08d94d42353229701a47e7cd5362b450,1
92e2d2146e433cd4d1f09a3f8633ead0,1
92f1f77b7f3c73831fef53406c195302,1
92f699740f5a71846565fa8a6f0bbcf4,1
92fc46ca7d96704d71f84ed65943a0c1,1
9314e4d46aeb2c297e05d4ed36365efe,1
931541a73da8874f772b1fa532b99fea,1
9319e2f1f22df2c8e4a74f8b8f392e24,1
931c60354b3929e5d44693757b11b5c0,1
08e2111445e8c886145ce42fbe261085,1
933bdcaec5fb56654d35ffaae48c7068,1
933de9d29576bc63831e54f7b5bacb8c,1
08edd1ffee7a3c812f5de54409d678fd,1
9348cf658c9f20576186a9f3b82c58c3,1
9348fe8a0886b99d1c5d33c28fb0aa48,1
93492b51618a093d88d0616985f0c6cc,1
93566f7e511c3e7472b05758fa08e64d,1
935f558c04547a5f298f32c65d665c23,1
93612dca2cc02cd586ec7e862f2edcbd,1
9363662bd84410483083a4fe6f06242a,1
08ef02b6aae73ad3a385cf1342f609c7,1
9373cd8d23754193eb73e734128d55bf,1
9375d96ff0ad81493ff5231497e170f1,1
937d4dbe97dc4cda39683025976f91ae,1
938052cbcbf90d7db22c1ec6321b050d,1
9384e66a84d6f8833eb4c69a3d537fef,1
9388e84da6051e85eb86fc653c3aa64f,1
93914ef5901d870afb5c7c9ac77a50a9,1
09061028f7ee991c6f2c294e19d344dd,1
9393358ebcb4f182f4e42d0c3b863cea,1
090621b8ea8b2c856067283a91b493e9,1
0906585a53ae0d9e9d848e83b8f2ea88,1
0906a34d45f9f37ebc1f2aa5ad4582c4,1
93a5fdb44a53e09f4a7d659420947201,1
93a99b40878c0d888fa4f44459fcac05,1
93bfa65df8dfa699ddfb2693172f6f44,1
091af6c2d579fe0926b4fcb8db07f78e,1
09364ccfda8448d03ae4082f6044b16e,1
93cbda98bb66aaaae2ab0a7789dfc87b,1
93d2aa0c31c4bdfe9d71ae5b1df30287,1
093be8c4566a25d70e577faa3539d7d3,1
093cd981b714bcdff182b427d87fc8fc,1
094d192d5b25e0bae4c3e2f970a53439,1
93ebf843a46dd3ba8085784ff4c604fc,1
93f77f106febe8a119cf3662dd609b3a,1
940bcece77e20a1f6a21c1b7d4be75c6,1
940d38f0ef286bd93612fcdc91dd38ed,1
9414323ebb3ebedacbca284868df0eb5,1
9420f15c30b82da057082b08883cdf5d,1
94252831daf1ef36429398257ea0450c,1
942bede3ef6a71e73b5f0ae6ca2f64d9,1
9437358367868e28d75ce47e393eef99,1
096793eddadb8067748a5a0ff98ac8fb,1
096b00d9037146606b19d614cd67ab65,1
09738baf9be60e4c294fa5d0bfcc690d,1
0979deef723cf684a3aa7e4303f99fe3,1
097d5a4bed2be012b4e46e6f5ae0694b,1
946b20e2799c73ad1f8f95440f723ce4,1
9474f3c0da0c4fd0bdf88cf6ac1b5d04,1
9478ba3a27de728ec65cf5048a23f34c,1
0981ba54d8ddc68299f7c7a7d23bb2c9,1
0983cd4a5cabf1099659ce461511963c,1
948c22764c5080442c29a9c3da89b40f,1
948cf1d0e3086dc58ca7332b39abda1d,1
94938d42be4ea1064db3325c385ee6d6,1
94950d6ddd0b24c0d15f7f09d61a8148,1
94974b8c613bc6fae9700e6c01f626ae,1
94976cc078d10e74c19c62f0b3b52432,1
94982c575245c1664b51851ec653a79e,1
098c663630a7a81f7d7f42a2ce0b02d7,1
94b8c08d077273b9896ca6461d4e6e1e,1
94bb0da423501924c41368236d88e808,1
94bf3dc3d35d6e2dc1be8edffe180c59,1
94e7891ebd952f90c83f1f27a38dec56,1
94ea362da29f43390e967e874c6fa842,1
94f2d239e688aa415a2dd620435e8344,1
94f49b07158ceba23362f72f24e04962,1
94f8c822a2c9d476088ac45227f8226c,1
94fb2ab4419d523ecce8e5d56676788d,1
951098957e7871bfeab769de5e3871a8,1
951a34095c22df5c4f688dcc5b83185e,1
951b0c4b9f14bd5f821ceffb3cd6bdeb,1
951e2998189b05082eab2080036b135b,1
098d2dad07d012b54e469c5ba2cedbe7,1
09c083c98ccb0062e23ddfa6f70adf13,1
09dafaa79c17733a900ce34c9a1f5be8,1
09e90effb944a6866b1d4b058a15f70c,1
09e9d1c1a370af902b1b7175400021ee,1
9541c4d8ef396401c096f381c3d6aa64,1
09f28cb5f7c4be97ab03652e641c7843,1
9548f3f06fa6c1983a2278e2a16ecdcb,1
9549dccca71c7bb806cd4acf82c456b5,1
954ed36fcf28237749ef5616ab0eff87,1
955821b9200f75f399d091f381821044,1
09f62215f404dbd29cb4378c9952e1b9,1
95768ce3d7cef075f6a562d2716187b4,1
9578d6732c124f549834fbe8c02e51df,1
9592ad22708397a628e1a616131ebbad,1
9593c9f08aa51804674aae0eca66dd0d,1
9598f6cd8a6b8adbb542aca0635794f9,1
95a32290cbf617eef9053042fb61dea3,1
95aaccc936e7e81419cce63c21062954,1
95bc2131ece03edd6623b82c80db02bb,1
09f80ba142f03fa8ccc8d62ff68b6d1d,1
09f9babe996b57d17ac9d11adf231c05,1
95d4fd03b0b54ae5c0202828f41bef12,1
95d8de3420cf92ad4824b588db2604cf,1
95d9302f8b3a134daca8adb478c92813,1
95dacbf52db1d378303344b43f821cb6,1
95e257171227c7187fa4cb6361baa1ad,1
9614dd0585b52cd086cbdcc2dd5fcda4,1
09ffd5e043f6d44ca166be7f91dab462,1
962fcda8dd2506e82cb237b3efb5ba5a,1
963bc5def5962c07b9a36fa70d08c989,1
963de692a94b199318977a5f0819636b,1
0a04ebe637717bf7f0a9290adb51971f,1
9644a7af60743efbb41bd30c624799c5,1
9649ca274c5438e7f13d0af44db9bcae,1
964dd0fcba2ca4eff8e31ec74a77d41d,1
96627b65a0070635b620d07f97e63347,1
9663cf1ff5c7ff603be0a27b1cf2dde2,1
966746deb2173a72d95ca8b80223f014,1
966a067b38634929844120e39b1576bc,1
966b5d9192f75a085e72b4861e25b5df,1
969658926980bc36e0ed615132724ac7,1
0a1c4b9c1ca294b2c85dbe2d4920abe6,1
96b4ceeea5f4e3997ac6543f49a4f138,1
96c1f14a0754e0f2c40523478a4075df,1
96d1c06692244e2fed6e1f9aa9552770,1
0a23fd10720c5ffc6c7f5e66b0b26ae2,1
0a2fff0d95ef3bbb7dffc618f9542ba9,1
96d80c8b6c6545a30eb5bdc4961455f3,1
0a45c6bb3a03e8c13228d4200cb964c2,1
96e7e4dc5b1964302aa4e183c428f925,1
0a56efd5f050d3f861a04c6f005d1128,1
0a5a41c678bcf81e041826bb24eb0b01,1
96ef18649cc53717e0028b36c7c69774,1
96f4be9a5580c9fc8f6a6fa033ffb485,1
96f8ecb5e5705b3b726d7e3022622575,1
96fda9a1e131e4c4f2faecacbf9aaf50,1
0a70bfd7366ebae1c146277751691546,1
0a71a1f1eefa516fe0d1121e9ad00f75,1
0a72af236c73afbd2e2a52dfdb14c667,1
970920a8e74dbbac4bcae9119351d3b7,1
970e1ebb22b5c4e942ef9f57bbc3e416,1
9712e67c33f564648b46afc6505db72a,1
0ab20af8197d84bc8831765be67b4cc6,1
972d4aba7eb9ba03a5b7950751f11f60,1
972f43585f3080ef953aed0609cb416c,1
9741b01d3911ec9a565569b19d533bff,1
0abc19e41fdc9d6894b8cae651619253,1
0ac2a75d9c1e9688df3a7730a4ffad14,1
9749556e02a50c6e4d3535bf1b5be56b,1
0ac9ae2550c94021daa1059ad06d2c4a,1
9750263daed3988ced39eeb2f1c12029,1
0af008d54027e80d31d8dcf4b5c68447,1
975828c8db28051cee10ac26b418430a,1
0af4dce351fbee7db329f93260f68142,1
9766ad53f42ee034fbc0e29c85fe626c,1
976738868bdcc86e959ba2a7b726d4d5,1
976f5de0b6a1c79fedf4e1f713251efa,1
0b039b61011417822882815943f13dac,1
977622028d06f47044795e2765933ea9,1
977e5f8adaa0cd1dac4f4b1969ec598b,1
9783237142769b3f294c1dfb6a1cf69b,1
97868e08c02c9f4f6b49ebe5a4d4dfec,1
0b08fa55464e4e455c2911a1e49fbc73,1
0b0918a3b5efe0c8ea609a26b14e1bff,1
9798bc8585b031f32f0ba287ad22f334,1
0b0c04563408d8d1187cdbd6292a89fa,1
97ac2c1509cfea4a471cb1cfa1e3e512,1
97ac99fefa9cf4eb8f825136a89e8f40,1
0b0c716fcf2c2571d2e62271261f2abe,1
0b1187e2f914d9317a5632dbb7c66b82,1
0b2ffdc19b87d97231a1bbd7bb979013,1
97c948ebc8c04b26b7bbb095d4228f2a,1
97d1914c419fa8222dee93c465395aa4,1
97d94ffa4936cbc2555e83aefc1f427b,1
97db532f755c1c66eab401e27f687295,1
0b3a130c2e54aecf33e3e1955fbeeb00,1
0b3f89ace3b97bec2e2d981cfd2537b3,1
0b43cf5c79d088cfca305c4ac3ce50b0,1
98030fe87f5a7493a33f427054966596,1
981cff5accf28a980a7de3bca3ba9b95,1
981d19b32de498335ca41b1faf1b4e35,1
982a0a294a593c7489a1a0a616b5e7c6,1
0b4b59f6bcaf697444a8b7b14f630b15,1
98354dc7140f034f3b55ec6fc45dd174,1
9835bbd4ce057f9d65bc826bd578c93d,1
9835c8bfc26821647d0074e609402773,1
0b6f7f321aeac91ef72512bbae664b13,1
984a3b9f9bb4c8feb319da951212696e,1
0b8d94b0bcf4e22c9bf886c98bb994d3,1
98600823ba81f3ba76386dac7c31ee06,1
0b91c29b24b0a2d575a42fd951fb0408,1
986551a629c57419d4d2b74cdefc34dd,1
0b9c9a5a9c9825ff5bdb295751784392,1
98712b7f46e0fe4f4da2f7df1b9231a7,1
9879169b145e0626f5e30e5b5ef9f938,1
9881e1d8024c8459494c134d29a42cd8,1
9892435c317b92530812ef9fe68cffc6,1
98a5e061c4731a1d4eba3e6f4b6d9b93,1
0bb7d5c406dd6affef3cd4f5d6744844,1
0bba7f78f15c9bfe3964a088ae67ba0a,1
0bbb557651f08b3c732d9836de4d0bc3,1
98b60cfeeb9f910672c471ffc94541c2,1
98ba4d6506268560a9b0a03b6ae02636,1
98cd3776d33bddd0ebf8ad8b4732d1b4,1
0bbfbce1edd4c12c0a15b6b5dfba409f,1
98e0de96ebb0711db1fc3d1bad1a902f,1
98e91d0f32954dcd8505875bb2b42cdb,1
0bc4d2de176747bbc8b5e680bfdb66b6,1
0bde5c9ff4a756aed7fe09a8a3bb0dfd,1
99008b78e9206243c95a95cf02a71905,1
990a2a3f3eb2d34d94b735af4a339f16,1
990d135e28e075648cb7d83198fdccf4,1
990ddab43ee46a1a76436796f92470d4,1
991669e10bb13b3502329f768c98c7e6,1
991b1552415b78c23b466a622ce28c9d,1
991f1f8e716895c2875d3e98dc961d42,1
9932cef18f605505959181dbce9896ea,1
9933cfae62cc657f0eab6238a56b0750,1
9934888916de3bff6437a425052717a0,1
993ac19aa975075775c16ba15426f8be,1
0be487faac01dd57fd7ed17cfbdf2dee,1
0be701e03657109a8a4d5168122777fb,1
994dfe832d5ef3a6f8cee4273f91c1e3,1
9957ffc65a8cdbdc39584b7fc0b42aae,1
995e25d9b46dee183004994645768d95,1
995f41643437250fce96885e56dd05d3,1
99647594018d3d18ef5c6cc75080a150,1
0bec8ea972e7cf7bf6e81cf9c99c725b,1
99a3bbf99a7e2dc51bad09557d1967c2,1
0bfd2b8146cd034448f6e4c8ac8e47f0,1
0c21c38f5c53913ec6ae3884484aac81,1
0c3dc3f0b8ea2ce274c0bd18b2a31f5b,1
0c672ed004d5abcc4bcb0367fdaffad3,1
0c6b9534cc890c423ef8c3dc34517df5,1
99bec487c37782c9e5e20d455970f5f2,1
99c3deeef8923c1036a30a5abed9071c,1
99d2542c137ffd3cea8e2867d95546c4,1
0c6fc9b9317a68d1cda098c063914b72,1
0c71252f37443403376d2008034a7240,1
99de5bb76bad02d0f39306af0436bcfd,1
99deb331428f8424b5400076161c3193,1
99e022fa8fd0641f13dea6d16ef46afc,1
99e28f7c171b6945dc991d1178ffedfe,1
99e365fea0b15ee63272ff391fdde785,1
99e6f14f74a00605ad9cfe8c4bb29385,1
0c7536abc1af51a81fa806097dfe3597,1
0c7e301c5eecc0fe996dd86bc9c290fa,1
99fb0293e181af6a2b692fef4ddac420,1
9a00058f48982cd587fccba20c2bdaf7,1
9a046f988c3d7d4bf592c4f7cb40bf01,1
0c91c5c2a59854e1fdafdc0478348c32,1
9a1497459e5fa13235a83d67111a8e7b,1
0c9439abe84dc40a64fc164365c4d064,1
9a2e821cfc513051382e27606ab3325c,1
9a382deec088553d7695394b64c09086,1
9a43ec914ce488e4fba5b5553d3754bd,1
9a442e31dcb07042eca00d73c1933880,1
0c9452f6a812935c0615faee8bf8646b,1
9a4b403e612ff2c3b4867b318bb65d56,1
0c94b3b3e297c165f359c7cd62acc3da,1
9a55374d155f754b8e04eea54625b358,1
9a63d4ef456702710823c21b8cca0332,1
9a63fa9eca94ee429d997471304cb60c,1
9a6c2e91127b124802b1c0474cd6a6ad,1
9a6fea01f6d5bfc01c9ac539f93da5ac,1
0ca0e1d4e4c7a404e472d27c0c19c3f5,1
0cb4e1aa97c8535093fc677376536b4c,1
0cbc07d4b85c30f4eb6394504185f8f5,1
9a8200a7f3448bfb18683080c03b54b1,1
9a98180ffbd0765e89f11cc8dd2385f4,1
9a99bb9931fce41bda596488d0653c39,1
9a9a9db03d984059e843b4f3cb5688d0,1
9aa27aaecd804beb57af8e700fd6e681,1
9aa9caee155847cddb376a05b9a39791,1
9aac694a7dea5e7fe19c5c65ecd0058e,1
0cd6e5162c88ac37f5d1aee2922c51cb,1
9ab817d90bc61ed772ffea01b4cdcdb6,1
0ce1e35bdc6af7e582e7ef9363e29b5b,1
9ad035c24a9a92391b9e4be7d07879fd,1
9ad4fb75641c9a71f995a06d0386a6f9,1
9ad536de496ccba6e4a9ac7be933ad9d,1
0ceb7ce77881482fe28344a2c31fb584,1
9adebd80969a5b8ec766fd02afffec2e,1
0cf13ac73dbcf6586ba63b89dd1f780a,1
9aed412277ca4485a7bf6e0c53e65786,1
9aedf557945e816d48539ee56293f860,1
0cf2faf9749f53924cea652a09d8e327,1
9af7b4a3262141c12ba9bd489a8573c7,1
9af87df86e72ade39565a7b20d8cecd3,1
9b00d5e140d71a265c6be7d132b32cd2,1
9b07e5a3113ca2345341e0cda29e4eb7,1
9b125b82780e1bbb7716c906ff46f89b,1
9b1430fd2db68dd26abc986921680143,1
0cf3ab3383c2ae6f5750e5847c749e22,1
9b1954fdd0f9b4ef4ee2d267ac9de4bd,1
9b1c7bc7cad0519369a5ea04afe303f7,1
9b22f7b1cdb025c57df28403bc48edce,1
0cf573090c66bb30ac5e53c82bdb0403,1
0d0bc6cf9765ffe8b4d3103138c96cdd,1
9b393d3360316521a943267765a47fbf,1
0d0f2c7fcae108a74c895521c62d46f6,1
0d1d766e7cdd4a724e9ea9a18e5177bb,1
9b4ebcd616b0a2f755a3f61f63cac3c7,1
9b50f294e57c09ca104cb8550ea0e180,1
0d27851a74a2b7abf8e6daa991d005f8,1
9b6459fd1853c7e4422ff0bdd8184cb3,1
0d2865788d929343bde828269ea3dd8e,1
9b65ba680d68ae7e44234b79cb7ca584,1
9b68d637bcc8963e7b736f9de0a4532f,1
0d3343f683310b281c291419d96c8132,1
9b6bc732f2918233f7bfc6c132d73d23,1
9b77a0a174a0b29b5720de6cfcc17ba9,1
0d3847e4cbb1d79d2e28b2156f1e11f2,1
0d69c82f1bc2991a5ec6fff3d803876b,1
0d77d60c579e0b58944b380d57972d88,1
9ba0a80d7ee6698a4ff8af48e37ddcbb,1
9ba8f142d5750b47282d95c0dad1ef57,1
0d826eba8e0a2ae3bca9e3a947dd756d,1
9bbb425c18528ece663ef2a6ac0096d2,1
9bc39c44d241610638729a32026eb37a,1
9bd01dd31e915573f3ab0bb9a6d7e113,1
9bd556e1c4a7917679b89ec2075e9cba,1
9bdb80cc5cad441e3818ce85c23ba172,1
9bdc5ff7cc2ec4a654f101b764b293c1,1
0d87a475cd933bc600f92e0b346e9c0c,1
9befce53daaaaab36a5947f3cd80f42d,1
9bf49e13f79afe62919c79d125d81cf8,1
9bf55e9d85e0b309f79e92927449d211,1
9bfadd7644ba1f2c902fe81420c53b46,1
9c1acc2ea8ce833bd5ef42aff75cfb24,1
0d8a610fba87a613abc873be8d164bb7,1
9c4a4597e2a9508d9e9f329fb27650b8,1
9c522bd0c17e3f233d657b8faec798b6,1
0d8c593f5408c0e5d59f850bb0a7b499,1
0d9f729c5dea994b9072004fd2656cc3,1
0da83a01a5c35fa359ae0553c618d5bd,1
9c7863b2663286413b046eada6f29ee3,1
9c7a34846a13f5d0a066eb6af9ecbd87,1
0da84ac639a3af13da933faa601a5dc5,1
9c7c72948a0e56fdaa07985b71dffe18,1
9c7ce59c96e74dfdfc51f13a4a6c3869,1
9c7dc7b21d811c74d038e40a5c13fce4,1
9c7ed530c8d9880f978748600f319c0c,1
9c80faf015584ca6ea94e6d59148c4a8,1
0daacc5e5ecc8beeaccc9e5b96c30f70,1
0dadef6ed70b861b14eddb3a3ca6b73e,1
9c95d0d9517c58ef69dfb739a6e387dd,1
9ca3b0037aaf1552f3d9d29dc471e0d1,1
9cae5ee8e51cfc67d044b79868637427,1
9cb211b1d12a3222bdf0d49b1c3cbc24,1
0db0a25da8420d8e6d918b552c3c4891,1
9cb67ae6cec5627ef21cbadcdb357054,1
9cbe4a1fd4db99c14512e9b2ff033ec4,1
9cc1e6413c1f91931ffbf5ddd308ee13,1
9ccf0137597c7461ba6c1d306a13f7ac,1
9cd9443e9002f8be88682ef102d771c1,1
0dcbc0d012d42719216ea7dff6b90a6f,1
9ce4c5138d5ce3953e04730a3791b41c,1
0dd71bad88beb4fe0f85284f5b06e028,1
9cf02957cdf023b6b8dfebede6c64755,1
9cf421049bcfaf6983bf0dfb40831a03,1
9cf46f1d4af935182cc2fa4690a77a00,1
9cfb95272c4cd1e98619d3bdea888a7c,1
9d014ce7c9f42f5d675f893d6abf1339,1
9d014dd97b32b1631dbbf5b35c4c36a1,1
9d0487f0ac5a5c3a772771c0df6f4135,1
9d0aa87e8df1bdbe0f79353520a2d538,1
9d0bb30eed80184666c8acad23921283,1
9d0e4c40f96d84fbf6beb84671fb149d,1
9d118acd4827f1c7eda7db5b70aa6116,1
9d123055622741ac77766a4dbfa4d1b9,1
9d12e90dff96cfce78ad02405d6467f4,1
9d1893083966b9c51109f0dc6ab0b0d9,1
9d240cb98df035e3ef147117b92aa0e7,1
9d2ee357e629941a914a73e800849162,1
0df2a7a1ee25a81b032358dbb083319b,1
9d364fec2ac9a80f64bae58b5c034832,1
0dfb3f08547a24999bb7ec4d025b7d7d,1
9d3a38202f455fd1c45c8f4929bb373c,1
9d3bc872d8bb405d3cd5e7a8deaf4fa9,1
9d3df566a74fbf502fb8badaa5044e74,1
9d6332c3e975253362b8cfbbd71f5a25,1
9d65ba102eeefb2ee2284de1fdc3964d,1
0e030462875259ec0cb868f7ecf1fd5e,1
9d6cac0b462fda440c3c262abd8228a6,1
0e0872c9ae03640015df6e5b9e746a77,1
9d6fc8e7b56702efaf2e2eef7fede2d5,1
9d703ce870d13f6fca072b0fca977fc1,1
9d717f96236e39a3dbe6326b9d51d681,1
9d72e48d483b01cd07024793995aa30b,1
0e0be1b2859d8645f40d55e1dd855781,1
9d8a47407c35c4b5038a353a01331f2c,1
9d91da41ef1f568f2a03332a42ca5fa8,1
9d9352588abf60036a50fd28e3bec382,1
0e173417855ce91518a2e79d760f93a9,1
0e259b36666420c6032de273ef47cdc7,1
9da44726bd1515c649cee56a272795e4,1
0e2c6b2fc22b192f824a68a0fa537aa0,1
9dbf7eb5228b2070008a2e331b114512,1
9dc742d39f778e41ce3a88753f280d40,1
9dd7fca4adb5b63da29c93f3d47a66c2,1
0e34187d4312b97b5e698836d28ed040,1
9ddd762ee8a13576a809dc66f22aa2b5,1
9df634af5c467f3b07f3d92f7765aa64,1
9df7c1b358350fe845b77ee08c49600e,1
0e35a413d832e63c5d46101b7c88de0f,1
0e362037e5f02f62c8ce89f49cb9d520,1
9dfba8dfc02d7b0a915625e28ca316ba,1
9e0873e9ac04b12f282b81af5daebd2e,1
0e54696a1223698bef52eeff59a10098,1
0e5955fbbb16c3f92127ac470386ea88,1
0e5c138ca746633922f8ed55b2c3d005,1
9e15353890070a3993281d90741280a9,1
9e164b4afdecc7c67fb9b6f12c104e21,1
9e1e3b58ffd16b2135f9508e21c75afe,1
9e2ce829b01f3d1a0a9d5ddf7ee21864,1
0e71c6a889baea05c4c9ce1b0d58114d,1
9e2d5ef1b9d71f1d1d7168dd7a042878,1
9e47ae55f9327141d2dc2cbca3317e49,1
0e7216b12328bd161cda08ff05c857a4,1
9e4d5a527ce5c7b4fd84f460c035c3c5,1
9e56be75b16c105f33d3f033597080a2,1
0e8455af924fb157b26a4ab95f28bb10,1
9e69b6eb1dc98769983df1ce44f14efe,1
9e8091e1021b25bdf15a9d203a278889,1
9e86427a5a9119af3ad32f27ccd9df52,1
0e8850427b0f558b79bc35c9800b6e73,1
9e88896ff9b39f42a9652dc0730ecabc,1
9e8aaef7103f42e3834092cc00dbbb71,1
9e8fcf395c0076ab46ac780f3d84ab93,1
9e9289854d376ff8dc6d8200e4d1d754,1
9e92e1d0e33230b26c551bca363f1c41,1
0e8d9a894d190db0d5c32075ab02ea38,1
9ea970cfea6fc415d0233c4cae13af4e,1
0e95d6eef2bedaf4ecf3c33f78199059,1
9ebfbbb1a5a173f758cb76d6ecc75f9b,1
0e9923b15d37f33cac70de6648429148,1
0ea678faa34b54418a17e76511472882,1
9ecdbd21cd2c1067a8dda34c1674cec4,1
0eb2c19991a9a90d3536addc877e36a6,1
0eb5d1d033dcdd7b9b11658ce84ee8e9,1
9ee22e986a24607377ce379ebda2c666,1
0ec63d4c614fff936b02b10d242bf955,1
9ef3514cbcbf73d8b7d294036f99737f,1
9ef6c728ed471353c6f06bf8013882c5,1
0ecb699933e1e9cc336bf7569ad72e84,1
9f23bda5c0e1b5cf4d0353ecbb55b725,1
0ee7a6e1cd4ecf72e711a2f68b4d8d2e,1
9f39e03276af0a6bbf2459ec383a19e6,1
9f46622a1318d3fd0de27629a63e165d,1
9f4a55260fae788c26fcbb2b934ffa52,1
0ef37d421045fdf87dba29f9bbfda772,1
0efaf4b155c6545bdc426ec0722cceaa,1
9f684ef1e31358afd3d4ce991c576e2e,1
9f6e8441548dd40516cdb98f1b29c3d5,1
9f7878d3613e4e7f43b8a4860267a8d3,1
9f7b48e2d4e4d7375f71a10791faa1b8,1
0f0143975760d1205a4285a4e2a1bdea,1
9f82fdef2a36bb15d22d70af1aedb3ce,1
9f890da4bf8473aca1996ca037005902,1
9f8aa40ada6e2b65a3bb5643754bf262,1
0f11f38f81a4b4ce8ab38eaec02263e8,1
0f2c1048222e26ef6d48bed2dc676a9b,1
9faadcbfeed012c5a26f8cda328af7f7,1
0f343c0a45653e6efea356d147833357,1
9fbfc0d1a475bb65f9c0e39bb927a99a,1
0f3777229e40207d248acfd6e1f716b6,1
0f3a9ee2528678ce70458e2dde0a5bfd,1
0f3c8906e5b08127d539956bc587074c,1
0f4dbfe93fbadcce71e1edce3a3e30f0,1
0f5d0170c03b333aa1a44fa11e040e75,1
9fe7f92d158e1d98ee0b32849b893677,1
0f679de41005ce40722b43993df839e0,1
0f67b4ef3dcb82c257f9f14b6f694ccd,1
0f72996a8379314700a3ff9e822451e0,1
0f7720c31413b5c7790e3f301342464d,1
a00a22560435cc439faf6163eabc1ef8,1
a00cd7752fb98e0a8382def60ecc0b17,1
0f8fbb821185443113de3e04ef989be6,1
a01c3a8e3ccddf44069c082b1590f19a,1
a01d67702cc563c68a6860bd1547cd53,1
0fa0bd7ef862a1a28d6cd9701fc97f6c,1
0fa8853b873ba06e7d27385fbb1411ca,1
0faa4ca558654b554d4d09abd8fe33d2,1
a03e40dea3abae7cadf374eda9afc2c3,1
0fb4287d451ca41ec9311a82fd9599a3,1
a042f8bfc21bceff9db6313d2f98aefc,1
0fb9aa9a6103872d8f580d721e099f89,1
0fbbab2c9572a69294f4cd0f59ba4a4e,1
0fc323f82937aa2d350753be764a155f,1
0fd55f5dee013f990c929cd3ad6bfee0,1
0fe46ce0313d625bd5c3b7e0bb918d55,1
0fe71728868b7995080b3971f0b94c70,1
a080d0af331e8a4152c49bfc8113dec9,1
a082b482fc9b16657b1702f1b4e8415c,1
a08ffa6ecdd0ab3c1f4fe348acc2553b,1
a09e9494bb01d227e90ec1bb0d845e24,1
0ffd7e5d9372f67eb4346205f0cbcb2a,1
a0abcee0132a5aed003d98e459b37698,1
a0b0fad03e38e8e5d6d94e229707f2ef,1
a0b706aace06abff783f614e8b01b760,1
100e8441d08795468a34832962d2eaf6,1
1015bdc42b2ec0548e728cdc0ad72380,1
1018789226ee7a23b5fd719413e80cb0,1
a0baf68f73515bb20254e024f0cae124,1
a0c2204c3d4f44050951935fc9eac14f,1
101db7b4f26cc560363660d06fe980cd,1
a0d20b18f2a06b34206ba5933b4ec05b,1
a0de6ed943a47ab1ea06555cb9fddbab,1
10230be3f50a9367f8220d6c126f0dc6,1
a0e45a99e446ebadec0421e41666235b,1
10262dd1d69315c5a855b40812520578,1
a0ed1aca46f54c17bd17c88a799e055a,1
103cc8c441a717d9a54fca312ae8ec3c,1
1046440f587e8b22c047de8ab39095dc,1
a0f12db60a5019ce1a4c21fce1697574,1
104b9503ee57d0aa2cd3a6448f242636,1
a0fe1efb855f3e786f0650268cd77f44,1
a10e0fcb1c409869c3c6da4eb13b7612,1
a10fa96cb854e79dc01be7ab3d685c7d,1
104df90728d375537321e6d994168cc1,1
a12c9204f6f9e90ad1d8ba5571fbfed2,1
a12fc4a1c79238df0015e1a0c48f0314,1
a13374144d7adf59d766eee43e93b849,1
a13b7a4ff25bbeb55fd4ecfb4abaa0b0,1
a14aea6067b93158e956612c50b74cfa,1
10575a1b638283f7cc928d01f29416b2,1
1060d9ab6b911bfce1439c25afcd790b,1
a1692a17fad005e22bf5a54353439420,1
1065e0ebef073787a7bf691924c60eeb,1
a171b306b69fe67a7bb0873d02e9cb98,1
a1773f6417edf55439b183e6385dca73,1
1067af1d38844dcfaa3471839f922c27,1
a18c130946b89ab774bc5948fe71e2a5,1
10698a66d71ebd12be9e8c39302c74b3,1
106ebc8f9982193679d02a4584947b89,1
a1ab6d18d301b5ee14b244b946e52973,1
a1b5a3e2a2233424b6c4ce31f31aa8db,1
a1b6b22c8c1e02e979fa25529704fec4,1
a1b99f381afecd76d7e05ebe6542bcc3,1
107177bf61755f05c604fe57e02467d6,1
a1cb1462efc950b4b8ed73ccbb5d2c7b,1
a1ccbdad642a580304988cd472018896,1
a1e247b4cedaed462f50049a633345da,1
a1e33e0a3ead282527fab4ff0f72706b,1
a1e8d472af4a2704d41604cff9eeaaa5,1
107235293b5479d6ec3861e1348ea633,1
a1ea5e26e19ed2e16b30866fb40735a7,1
a1edc55bde3207643a142f3e6074e942,1
a1ef17282b89f4c1a3efa6a6a9dbba24,1
1074656a4fa698879d65d619f58083b2,1
a1f1aaa22f634ff796e9acad925c346d,1
1083861ebae6fec08fdafe497cae7061,1
a203dd46978039dcbd6329a71112f09a,1
108c2bc00375b068ec4d353bfe3649ce,1
a2151451d8c68ef83187a295422a8334,1
108f543335771c62fd62bef0dfc035bb,1
a22e92e1c32bdf3db91e0170a8b18408,1
1095122297a4faeebb3dd2cb4c9b497d,1
a233df9a388d27dbdfd31731d4236db0,1
a233e06dacf6de1293acf72ab6e9fe52,1
a2359ef18f03db4e53c75d8c15172cfd,1
10a6596b3224c408ee46c8aaaa2977cd,1
a24198acc2d0e8240c40d914bd18df04,1
10aecaf5be4119fd6b8b9e2e8a5a1454,1
a25a9e3433043fb8a0808f310d8d8203,1
a25b58b67aac0bfa8888a3b7582ea77c,1
a266930db2217c102cb34cb715b5d479,1
a2746ab0f7535d34316ed109d859d7f4,1
a282446835c36ab70ca9fd48edbbc4e6,1
a285f1c6ce025a045e87b7cf90df1a1a,1
a28d469a29d93b4ec13ce26150184e34,1
10dbe0fbaa2c505123c17fdc34a63c56,1
a2975d20c0bbb1c763629eee19615fc1,1
a2981aad285aa55f2b0f5f2e7dadf5a3,1
10feace590e85f3804756b2fc1f6bbda,1
1104a5c02e696d89b7d86e6b2e657795,1
a2a074bf18230a66559fa3ba6977bcad,1
110e153a52beae118fe6dc43ef592e0b,1
a2a61ecd4e916c3ff787c137d23957bb,1
a2a7efc985315e86d4f0f705701b342b,1
1114429023023d2546ff428bfda1abcc,1
11185dbab7a8593a8f117c4df8be18dd,1
a2c75a23c2f838881dd4275c0cec519f,1
111a3ef82d77e13260a73fbf58c41da5,1
a2d0bc51c6731d860c169cc9f18b2b7a,1
a2da86fa759178e9e58e54aa1a144e59,1
a2e3365ef10ca17767e0228708414937,1
a2f2d194871ef351cfa8271184bfafc3,1
a2fa8a119b04c25a8f62364a74d04ad5,1
a2fddd6229ab528218029f919af4c1ed,1
a2ff5a97bf95719e38ea2e3b4105bce8,1
112e1856649c6762c1ca6058d07f2633,1
a314a62cff3e5725f545fa263aed7a7b,1
a321aef4233c6e0d55788de8b9a3aeac,1
a3235d403e3602c84e7b11e9359133dc,1
a3309868978f986b3865b8a3729192e2,1
114a9cb094339f99851ada566136661b,1
114be868e131c0ec44f054b335118724,1
a338a81aed052e88a9ee732e3e45042b,1
a3451244906bcab69b25de035b3ee0a2,1
a346944c1cd1e118e4ecc398e51f03a0,1
115bc0865dc675638645e1ab5311e30c,1
116a034e82f0914338091260ec0fc668,1
1179867d805886591809f49767db9ecd,1
a35f680fc19e06d3f9524a3ad7be2b06,1
118c36d1c7ee6e3261fe81d58986a0a3,1
a36955f15051e4fe65bdfd31b48788b1,1
a36f2cdee6906fae885c6258e824308c,1
a370599bb36b6aa53a8a4f428440f860,1
a37a8ef49db46a932a778ab081d7c40b,1
a37d5c6bae47cb27d8701aac7bd0cc3e,1
a37d9bc434c151e3a32418b241a13bf0,1
1190eb246390ebf377a858260f546a98,1
11a0fdc4251f15bb96dbfff7ef5475eb,1
a388f2043ca885de714453e4fac616e2,1
a38b238734207eeb0388676235cf56ec,1
11b87559bbd51bf8e14c5937b9646344,1
11b906b2a09fb80668f4478dd3f9c324,1
a3bb3642ad1170e55d345dbf5953f38d,1
11b9c6d7a3eee514887db2204eb97ec5,1
a3c933b29543a2b90e9aca184ee7397a,1
11c3ff6555092bf425ea842a023a7809,1
a3ceb95649a48c0c54ae4bd1dd66d035,1
11e5f8670ab66f75fd2b979a6d2a14b2,1
a3e4a417e7dab3de222f227781c2c291,1
a3e66bab3c2ca507ddb970a748ed740b,1
a3e8b232951525e76e82577bd3729173,1
a3ebd09e2be48bebfd0d16ef3c83a176,1
11ebbade0d9bf72ea23f49ef78f4b6b8,1
a3f56e065e4c60c0600f98a3fa89be2a,1
a3f986f6c4400aa6545d224be435f812,1
a3fc0390c2d3101f940c0d6e78006e4e,1
a4052f2adbcfe3e5dcf30229fa0f7c68,1
a412a4cce5810a2d4fc9ce36664a929b,1
a412aeba7360afad41b632da6b27105c,1
a41d69926dcf58caff228aa637ffea2f,1
a41e356c76fab66334f36de622ecbd3a,1
11fae4b61d8f3af1e807e521d268810d,1
a42ee02a34cea6addebcada939929763,1
a4385c12734e0937f4514a3cde277925,1
11fcf75cb0f15b4e28842db20b062850,1
121f7f44c9e25be4873ca9296542ebd3,1
a45b5f919e448b4372904ecc17aa7d21,1
122bedead6e7541d311e6e0ab3cf248f,1
122f396fa6d0f9070c6e721f8d833d2b,1
a4944a8b60acfe399f15f45892bc5639,1
a4975ec11326ed8c6c875ca0f56a2814,1
a4a04b698e98a60246c2ecdbe629c447,1
a4a65e9db92056dc3db50f09b945c270,1
12384cc446601c16ff6d05077ad6e92d,1
a4b5771bb3bd270e2baacfc4430798cf,1
a4c1d75f5db22319df894cf3f4609b81,1
124a1ea6bfa9ccc5f53e067ff9b2ef25,1
a4e285285691cfbcc14df9e2d85bd337,1
1261bcae25b0000829246aa58e284a2f,1
a4ec3aca85c0421e2cd607dc03162791,1
a4f599bc20c26f1845518f370c437896,1
1264d5ede085c34d455f62cceca87791,1
a4fa3b8fa5953b0bd18bf4e0b4de499d,1
12679a5fde22662b441abe4f754345ae,1
a50b1500d1f7ec62d2f3fba260974613,1
1269d60fc5efbcf03e7eea49213091c6,1
126abb319a746b23254ef06ddf10181d,1
12760bcacfaaf1457bc36e601e26dc79,1
127c0cde3ea832c4c4901159cf902d0e,1
12a146749cb72ebfde01a89105df1897,1
a537bc52f4b925ec56cc9937a7601636,1
a53bd24a78bd7d3ebe735b7d6ad672f5,1
a54244559e62c8ef2939e52189d65d4c,1
12abc33641a0d8f9b6ce13e8753f5749,1
12ad279319eff927d9333b42f3382ff8,1
12b5c284044adc0687a6ffbe84d317e2,1
a56fbff66c12c1ef311cac69e7f2d5fb,1
a57ac492e4e2cbad73b694cce2ba4b7f,1
a5887cc02e8b2ee7e724408a38187ac9,1
a58b5955d37aea2de1ff80d5cba4f8ba,1
12b8e4db53a57da745e7fd25553ce1d8,1
12cbe733abde1e976549e8d6f4f020f1,1
a5b27ab457629a351464825096c64688,1
12d03720e39cc210547b854d2132c2e3,1
a5bc1334f1762ce0a844f3f694dc08e1,1
a5c0a72789779d4debc2f72204111cb0,1
12e1e59e227d4d5da8efc0dd17831a3b,1
12e2d17d42cd9d770771fb08675a870d,1
12e479f1c2c0417147a3e36302485e30,1
a5dd94755306eb7c9b5b66d371a09144,1
a5e242d7d26774906928c7c4aa3916bd,1
a5e253ef6240a13a4d631fd39d2c7444,1
a5e50ce997abf8eeb6ef3126bd5c9cad,1
12f066474dfa3c415c169051c5e1967e,1
12f3396e4e36112d4155e0c51ee35ed9,1
a5eb994011cc41631b483ed58190bc61,1
a5f1e2bdbdb0cd9e44001c416fc3162e,1
12f996b4a20f364ff8b53e086e0bff8c,1
12fe5f63ed2e43c806260b2476886351,1
a60613d36f37a7b27d3344f40f6a7945,1
a611d42645c444a6c8a20c3d4f058482,1
a625eeaaa7459df8a537881cacf79762,1
1302fd16bdfe85e523940c846370ef2c,1
13050bbc5cf6938a3760e43f1a845fcd,1
1347d4320dcd0acd750e37bb3d94a918,1
a631c71e25f1ee728bc8bfcef5de3deb,1
a641c89dc8c19516ec7706a3c09c9424,1
134afbb1d3ef60a407f8e4491dd63622,1
135679c12dc580ad4a0c87b494a46942,1
a662d99595c3b6054702480cb7382afe,1
a668879a637b097eb47536fdb31d3ce1,1
a669398f595527fc03acc1ebda6b3cce,1
a67265ec07daf7b3d86238c34721f702,1
13641c883402cc251cdb1f7f817e9148,1
a694f2632fae82ef419fd71587103dc9,1
137464dece73fa2dbb54658dbc7aae58,1
a6a5c394a9908ba4b34f50ce6bbb3465,1
a6a86219152d22366ffe68794aa1c219,1
a6a8b6b05afd3a6e65c00b897f718425,1
1377fd796465e86c4306ad7afc6a6dfe,1
a6ae1a5c22127c9e983271623b13c63e,1
a6be3b3eaae040735e86e4376ea77515,1
137ace556a03792cdc43f91ec621426d,1
a6fe71f0756d773ce5cbb7564f049939,1
138d7037b59dcee052810952c983033b,1
138dac44dc568cd36c6f1d1e5e181d5d,1
1393eeb2b27f82d3f8035ed8d4b3a5e2,1
a710be5818329b097a82bb26b480f5fa,1
13944d17b257432717fd260e69853140,1
13a3c6eda5d4bac4227c158ff70f0a8e,1
a7363ecea2a94dac7cd78479fb39b0cd,1
a743637eea3be2e0ab81acc155c9cce2,1
a7591787a14b7107a21780cabc7d577e,1
a75b732b129c2fe3d8e371dd8333cd00,1
a7643323762a75398fdfe3ba23a04cf2,1
a76bb75d78ce6aa4a5202051b4f88a83,1
13a7ea24fee9ef57c3b7b5b69d3b4cda,1
a779a9eec979527333131437db0882b1,1
a77e6c93242ae050800cb3e5b98c2fcd,1
a783f0d718c28a1375f64c1dfff1818a,1
13b65def7883556df481f81caf3908c2,1
a78b102a4520ca6cf50885443c44080b,1
a78ca2f8bd17ee6472a95310f930ec54,1
13e65d9bd03f262702372ddb6b22e34b,1
a790e7dec58b8a74e3644ed9426b74e5,1
a794505b7d66eea7dbd7d5649881ffb1,1
1405f399d2e4807af6ce6a2519e2ed7b,1
a79e27ad902bfc67386ea63ed1ef7a08,1
14081f2d6a3ce46cfa9d852c9b1b92ba,1
a7aa202585393c58cb1351de084b4dbc,1
a7b9753ca5040193a1505f15c723c0e0,1
a7bbff32c7321478b29f924301a1867d,1
a7bcd880d9580e8b2ab78868836ceb4e,1
a7c46993a48edc4cf7e785417f1dcb48,1
a7c87b1bbdd51e0d68b0307cffd03d47,1
a7ca7fd9bf5015bfeecc4010e8fa4ce7,1
14086fd4907ab4135efce70c2cd3c013,1
a7e03f1bcebad9ca43f8f4dbda9bc1b6,1
a7e25abccd44c762ce17be417966dec5,1
a7e5875c2fdf2682ee0e6ae1bdb5b137,1
141125957e8b78c5cf939c18077fa2f7,1
a8075987f7074b1a91395a74e4eb9215,1
a80de388aa0d0380e27081e741f8408f,1
14132fa6062431ce5af633fd3368f0ee,1
a819714dd23a6ac18b1be2b13686017b,1
a8255c87078b4bd9bc05fe7290ca5c25,1
a8385505c3cdcbf7c6acdf0e946d89c8,1
a848f5d152bc4b1ed01d9d231f15cdca,1
141a1bbd15437e6ce4765f29d126ef67,1
a853bf1a5f8d9f04f5df123168164720,1
1427b126f61597524866770b05d4eed2,1
a85e15cc715d8d8ce1d520208aa1304c,1
142edaf86e4eb5d0f928534667ab63f7,1
a8624848cc85066425b656121d3da966,1
a8626e1c9d4273aa4bb5065747148d30,1
a867511a17e93caa3aafa1c1f1c90a53,1
142f698ead085dede05f43a7ea54e931,1
a872be779eba6b4c95df8ac1eea09ecb,1
143bc7fcaf6929ef5979e58abf39d4ed,1
a87972100f1fa4091a86d6801620656d,1
a88124e0b1d42ca7b0813a78ff630437,1
a8828da272eadaa78eed16beefd526fa,1
144fc7abb16b6f6d92d2c9f34d3c3452,1
a88cfe5c20413ddeff0a060c4202d278,1
a8949536a84721e346d7814fd81aafbe,1
145140d23f166a1166dc4437107df8cc,1
a8aae2d57f0b7d4b495da36a2ea21385,1
146df82d2ffd8fa52e2a5d6b6a0d6dff,1
a8b89693eabf7221621a71285e07f486,1
a8bb7885faf316d9a5062d42d2b2fba4,1
146e38440bfc14b0d923856ddac3709f,1
a8cbbc135053b18c499ae6a0b278b50d,1
a8cfd9ff79784773910620b3d00d9bdf,1
a8d2af10596b8acd5f45c720fe9745aa,1
14814051ee1f5b23865b40f70a259d59,1
149c06c0927fb59eff16690d31497f12,1
a8e35f118bd7f9b1d38fc786b555d210,1
a8e59319e3c44b5af3a5412d713af5bb,1
a8e7b3f6db5b8a460082c9982f9337c2,1
149de4383ccb1829ea75380fc5f0b5fa,1
149e60a7a51b85a834c055f8025ae3e5,1
a9008450835cd38eabdf07eb6dd04bdd,1
14a174908a08ad7cfb56d3814d8e0ea5,1
a92044ede94468b593b5e4d92498f6c1,1
a92187be87fdc3bf8079f30ec9b151f4,1
a925b7e3c4b81decf87f5e1f381da50b,1
14a5ea75139c76bd71255888d45a1f8d,1
a934477935383c309a1c492e6c0e025c,1
a93582af341a9c4d7e8f150f68cfa595,1
a93cfe142d94a5cd5a24cd5eed21d7eb,1
14b47a66430c89500f18cdaaef9e0c21,1
14d171d5043b1b2e14498f580e6225eb,1
a95e101cee281e7cd36dfef5f80fabfe,1
a96162639da9bf8cc57b7931a5fcbd2a,1
14d8c1bbd5f367608c37522e99c47258,1
14dffa241a078aeaebaef48a49e807ca,1
a97a0ec5a609c8af654b79e9a96d12af,1
a98657f6c266c87a5477b593aa1b7a80,1
a996589ecdf800089835934a0360ccc3,1
14ed7526330bb083481b32c7ab26f179,1
15080188e14924ee2c15f19fd258c0eb,1
a9abe602de6316ec55cb409407d23be6,1
a9b36aaa68ebd315701524c822800f29,1
a9bd39d11fe4d2d378c44eee9b11d9ce,1
151259fe8ced305ca05dc771fc72d711,1
a9e0a3a894f4bf7844830c090853c3e1,1
15151e8a937f6a4d1a4f0c03c765c6f2,1
a9fa5ce6ccf634df53e924a8ca7099ab,1
aa1ae6a4dce8c9a91c5c562d4b84ab3f,1
aa280035c50ba62c746480a59045eec4,1
aa280150a33dde34c7f568bbc25d5122,1
aa2f410b8f9a8e3e6320540174a4edfe,1
15182e412b013f40aa860be89720c91f,1
aa39d59b0fe9c8b0162f5d855833c97d,1
aa3e27bf73286809fb5e0f5dc2ac552f,1
aa428a8e4d587520f90d37a08030a812,1
154358528b8fd5995d0d80abd3f4f08a,1
154696c4f8e96ed48f0c191eb09c0683,1
aa52785e49f7b78b96704df4068d9e3d,1
aa53b7499856e6df13008f34100cc336,1
aa56ab71ba080a7d38971fc64e9cb732,1
154cacf31b15a08f71d7666a1ac3c0bf,1
155222243017ed8a8a43eabf5b04144c,1
15529bfa2d73947d1e03020f58f5a016,1
aa5e980b726d76e5a61dfd188724be28,1
aa64b8510e8eb844b96bd10d3ac356bd,1
aa68f61c9b2dbcd9cce6c45e80dfbff7,1
15554042fe82e006a72cf392f462cd4e,1
aa70c29cc4b519f080d45ba24d79e144,1
aa7cf4b09293dffac3b67cf2fb9730a2,1
aa7fd7ef22424867db4621a2ab54e59c,1
1556a0ea84fd60589afa0d9618c47505,1
15571dce56ff7d152dab99a0bc8354d5,1
1558f7b0a51472d4c2af9153a2255beb,1
aa8fce5e65ab73ab73101ea58d710905,1
aa9077a4c7139067003eeffe84759def,1
157d8cabb7a3a318aed5ce596f4be96e,1
aa995bbfcf2da055bed670f7282f90d8,1
aaa09cd0acd316f7816145408dd73449,1
aaa86ad1d7ea86a2a753f71b5575736b,1
1583253d78b23f7808214770298e0118,1
1589d392201547c9b78a117c0e2191dd,1
aac7416c2efb28528e5cf18c1f582053,1
aacfae7cd4bac4849766f640abf2db8a,1
aad1c338e2a8906e2040a2fb0861acbd,1
aae5bd5080ab78211526b58244f1be68,1
aae719054702e4738807983cf772e8ac,1
aaea09c7da84ba1efdfd3079480271f6,1
aaea62612b84679ddf91cbdda1183e7e,1
159ec57903b1ef5807cc73ebf66d12c6,1
aafff0a607f7a35ec845b6def642057c,1
ab1106e227a745836a0dc83b374e2575,1
ab142a566883e92ca907236477173c6c,1
ab14f3763110d218ea7862647bd450af,1
ab169b33d13e5041b9b9d4a2fafce9d9,1
ab179cc7995218e02464b11790b4b267,1
15a8b28443e64b840cc27ee2491507d4,1
15b3d4c8373cd64166af5504b49d289d,1
ab255f5e05402d14ba0dc69d530a5785,1
15b5d9fcf84c060e00b0883def7d10e6,1
ab3eb1fb849b7bc1bced7180c5a14f77,1
15ba996726b61ab95153368a8082c5d7,1
ab44178963b4bf809adc477810f9175d,1
15bfe701fea63d0f6384b743e492b3fb,1
ab56392f9c4033a5857a8e2b0ff3be70,1
ab57d2064d8806f9cc9d5734e332a969,1
ab6edd00a29d1e29948284a492497854,1
ab8b1558bc47d266f0ae41ea420aaa27,1
ab8b5aa9266aa1a8caceb8699dea0b1b,1
15c30c08ae39469fbf52befff9569adb,1
ab959a147167f22f3e0c05eb06845771,1
15cd17d090c2d99322fbbe56d7571fb6,1
ab9aa96e13784729bde0fddf698eb1e1,1
15de022edf1005363381e66bed514528,1
15f4274d2a06f9da4e476ad9bb5c80b9,1
abaefce0c17047c6829ff4078f2005d0,1
abb9d7140478c19fd773dc14e8071abd,1
abba23912bdeb1990bd1efa30d888384,1
abc3432ff825d8e524db1d4eac6d2099,1
abc3c2e40b0c9b7b115a96bc6c919ae1,1
abd7ed8ecd726157215c9eb9caac7356,1
abd847676cb6a8b707b4f22b9fae9d39,1
15f50a93f26d97e9c940e45271e8c177,1
16007704980fa90718364a0dd747133e,1
abe236a52dbc43e90bad00fe6d794582,1
abe2c60707c1e11cfa710dc7328b4bf6,1
16048247166ec654c76c845f308c85f5,1
16241e79b047426033194065d8b321b2,1
16280ca280a86fee2ba3c928ed04439f,1
ac1789e492dcd698c5c10b97a671243a,1
1631507f13bd83d2f01e4fea424c852b,1
ac2075f88185bb528b66bfb7a5646369,1
16447aab914c7ecbeb5b7b7518ff3d94,1
ac22fcbcbea874d9ad03849f997ffa27,1
ac25e2fbad9f60979fc3bfeda708178b,1
ac3e3a9f9e66ca62953057a6965ce444,1
ac43429cfe2a3933709b85dc2acacca8,1
165160698dfc8156898999e0be8c4b27,1
ac477a098cb23c128ec2915a4f3c4625,1
16522de6b7f6222b7f9c3b00a0cf3218,1
ac4de777c210c46c3aea5fd5703d2a16,1
ac50a885bf3b6a817bf6a0a2f1e27af4,1
ac58ccff47ad9387fe18c8cbe53b824d,1
1686ad611d0c19159f8052758f93f660,1
ac6c24af9f913c9375a3ea77883bda6e,1
168b1b45c68037b0490157ee10540349,1
ac715f2fe6957acf9bff43ab3cedde0b,1
ac7e981115ad47f0e051f1b8b97e73b1,1
16912e490fe2abaa95eb78b2f656f805,1
ac85747ff00cf2a5cb1ef0901c7b21af,1
ac86050d1e979b8f28958a52deee6cec,1
ac8cd7b94039a681dafe6f7d664864e7,1
ac8d637154b9a2717786c0f933d4c7da,1
ac946196783ec18b207ead8a00d3f5c4,1
ac9fba4745c7352cc4038631be412f70,1
aca11cfc608a458947b3038e5e70312f,1
16a993ef9171a0380273f4fbcb0e8b71,1
16b1b4ab7d5e3918d20c5d3da3cb8247,1
16b4473e98422039c388f144a0b16f55,1
16c1c1a3dc1ddc2fd5e32ae7fe616b0b,1
acc4fbb4362b73447d673cb3a4da716c,1
acc78c9d340dbe682491c9d31ea7e187,1
accb153aa91b42b1411c3b764f83385d,1
accbae01c370247dd0aa8d735f9ff675,1
acdb0f19ecde303b46ede05c270ad40d,1
acdd408fe971bbe29a81f8febb575ffc,1
acdd9eaa79720ca045ce3768250b8e47,1
acde6bd0b5f91190e2a123df389b0b47,1
16c4e87b98a9370a9cbc3a4658a3f45b,1
ace41a29560020355b6681108d2c4812,1
ace4686a281385c082500437e5e73b61,1
16cc7a098d176187b6d8e9519fa81585,1
ace77a1ab97b16e1947ee74c5f2d8c64,1
ace91f88d635b9e5563e36cc0a0a8f09,1
ace96aa4dfdca4a61e0943f359a59a0e,1
16d13ab2d640065882cddcafa3359116,1
acf962a85a6f611c28a60519a4ae46e5,1
acfb0b4f47e06f58c0c87f9012418921,1
acffe5d7cd56e6b564cf6841486644ff,1
ad0d30ec12936a73b7b5b21c15d48963,1
ad1128daf194f4b6ac4256e16233497c,1
ad2037645597db38527fe3afbe226af2,1
16d5f9047931834bc4634f3190e575fe,1
16dd49ee10e688f75c41e83b4863f85b,1
ad2cfa7f56da484302e01318376548a3,1
ad2ff9b0c224aa7d855f7fd8109b6289,1
ad30079acfcea22be08f603414dbc0fe,1
16e148a208d0f11df31eaf2f731ee460,1
ad3e8888fa82a721dd44c481da333ea7,1
16e1eefb15c1601a11fefb18fd3d6036,1
16fdfb4f828bedbe3ad9a00162bd5339,1
ad53b74739180a632354ce9cb16bbdde,1
ad5cd855e1bda6a67dfa8f3366ea6481,1
17061c6ca6aaab457074d9f12c1882e6,1
ad673c1cd02b966e931f9db4fdc34791,1
170ae15fc78b44bceab3e66baefbbd99,1
1718ba9459e147186a7475f116526c99,1
17222c974b8e98e7df1f7da91491178a,1
adc32eb18332c495cdfdd97d01520d80,1
1729e3ddaf29904f44575844e62cbdce,1
adc73ebfe461a4ec51e1b5b3338eca22,1
adcbd0e9edf8b57778ef2a2aea870185,1
add20623e743c90cefc65db803efa18e,1
addc4d1f7d82e1b6c5ba37d6559ac127,1
adf24c4c9e90e7054d07309a04c419d0,1
adf591c625cb265c12bc6749d3a2f757,1
ae056fa650b078942afc7d9afc3199c1,1
ae083e4a334a4210ae0ef7323f1584c5,1
173c4cd072bd13160331cc0f5b3ce0c2,1
173d5a1b6c4ea4f41aafca840646d240,1
ae1848ad278bbd5098dea4a749b333a1,1
ae1d83f17a79da9d43ac1284316cbf2b,1
17455fdde89549b744a53cffa8eb67f9,1
ae28fd7a149b08a60309551e235d56f4,1
ae3e0cf8b9e4a3a027fc5d4b0a3eb2a0,1
ae4361f806c49f85066cc8be1370c91e,1
ae4c65e3aee93bc068c671453b8aaea4,1
ae52b85c8712696950e9287398316251,1
176faef125e3675b4eeaa6083ada61e1,1
177c3ebabe9adfcda1308c5dea939f6a,1
ae5f5d4cad780bc59652d9ca6ba3b1a7,1
ae615b6d90889dda51e5a2e821d23b22,1
ae6a082af3a596a2fcbef378ebfae8c6,1
ae6b739ab6e9d7991fb2ddd70f9c0b6b,1
177f62b739076126a879238444ccbf02,1
1799c1c2eadf9f798fd74599e6028510,1
ae7799f14ab78798325fba1c61aac7d3,1
ae7d28dfad9876194f728695f1a51283,1
ae7d8348fbef50928a680454fffbca00,1
ae8791241ec7e06bf34c6f00cf9e0501,1
ae91ef458ab29ff95a0defb53fa030e9,1
ae9b8e8d0dcd7ca369276380ee8ce659,1
17ad6786808ab3fedfb261a70a5932d6,1
aea8161ed6bc3b11628cd393fd03486a,1
17b8aa78b705626818b2646e5abb3138,1
aeb2db5f8c0fe1e55a951d49dd331fc3,1
aeb4a18fc6dad1f6cb6474d69f634ad2,1
aecd0c211a5e24ca163d35e5087189ed,1
aecdd1c18af2379312e946f33280fe25,1
17c7ec33a1657924ad493e6978b4bf91,1
aed1b83c5061ac7f89d40daa1bd3be6c,1
17c9711cb08dc4757841afc6d4a239d4,1
17d98fc630d23a628ec1130f8d69d1d2,1
aef8207c2e91f4fcdbc0824737abf358,1
17e18b0c88a853dd6de3e48a7cfa9d9a,1
aefae62335aa97901109f0c0f08ff0bd,1
af026a1d23fa6bede158c62c22ca135c,1
17e7d9a179f3f2d61223252038276d35,1
17eaf73dce768e344cb5d1210bea1da2,1
af0d0d1521e30e05b1cfc77192c685b6,1
af130e20a3a8eb7fcb9a8940d6984d88,1
af144ed65466a16118af719a57053c95,1
17f221c334109f71ffc36e54fc32a836,1
17fe46c4cd7376a1a75f47e2fa4d5c89,1
af25257adf28d8a0c281173073c2f2da,1
181f62ad3d1d8b78fa2695f30613b444,1
af2f3030914ae3eaf70ebc74ecdb8c1c,1
af3397b442ec6b95e314ee7a286905fb,1
af35be35db4ad0dc288b571453337376,1
af3741580aab9876533f1c3e08aca7bb,1
18209df52bc87a69b84db4df602397c1,1
af3c32ffb86784d96ad53372364b9d3d,1
1823142d83a24b619bebd0088d7f95d9,1
af486dc9cfbc2b2dbcbd35a8b8b5e96f,1
af4895ef046adee58f5a0a4395769905,1
af4d2eba32e1b183e1934671e7683d20,1
18293e0552a8e74489e917364868e1db,1
af532b7b70d7b3c1a2f042eb10fed9be,1
af53bbaeee1f3190c2ff939fc236b6f5,1
182b016da1c600181f4ed79df14186c7,1
af6099f8d0d98a9eb5c0a67be73cb9b0,1
af6212485a18d445fe0fda7c7875d4b3,1
af63237de5e7f1f9c067f7b7c506287e,1
af680b3406a3179e4a4c2051c5384cfd,1
af74cc53dcffc8384b29e7abfa41902b,1
af8215adef2df1e9e66642f159e81e55,1
af8533a77adce26dca87480c4c5c9af4,1
af8cad177ab4d05030a2c575aa8a36a2,1
183b0c895605218dbd34cdcfcfa8af28,1
af940e731a7251787895cdd64cfc3f21,1
183c95ad186f48c320bbac4643829d3f,1
1846ec5a92ed15d0dbf9e0e86c29085c,1
afb2faf85bb85d4a5c466c8b7258f5ab,1
afb83a05bfcf46258f04ce060671d5b4,1
1847704440ad3e1d770ff738f5ced023,1
afbefb1506762049cf9e9bbe2ce06ecc,1
afc3541eb2b7d457d08b0b8f4526b350,1
afc5c69b96f8f284a0eb2784e9f963b9,1
afc6bc70dc56fcf15c7f9f1e4bc67dda,1
afc8e0c5cfa24cfebf4b8a829745c052,1
afcb7e4c28a7bd94e28dc126c3968c6f,1
186052b3f166a0f7227e78b2d27652d3,1
afd34b33969fc993e14ae949c140d527,1
1860b96949f9ff0adcd5e2c340d32e12,1
18692fdc7adb29c885d8cb84eb68a97e,1
afdca9f0ccd47943dcb8dcec1518da63,1
afdcd7fb20b2bb98322d2b1400c074cf,1
afdcebff326be8196c01b6ac2758fce1,1
afe91b92e9fcb77e66f33901b67c5cf5,1
afecbd7b41e981fa603c9c008f894f15,1
18721a85f6f265d6137dfc0f88cc0534,1
aff4c4ee166f76b66595e0bcfb983d5b,1
1878fcfa202ce65b4bfaa9d16250ee86,1
b008888e5e01a5c9da36306228e900d1,1
188a7a06ef624d9549bad5dea5e84ea6,1
b00e24be53a1785f1f613e747809a5ff,1
b0137f9102be5a094d59c061fe106b83,1
b018c22a201761d4890a4a33ba8f0633,1
188d0b148e6d1c86faffe0d73c3f2dad,1
b01f4da94c7769d2d4f404b5686695bb,1
b021c76fe55cfee1a103b025bda7346f,1
b038e05741e96f7a40a750921f95a7b7,1
b039629191cbc785dd3ebb5def03dd7c,1
b046862b2553fe4962392cdc93a2ae93,1
1890c01a38d17958d79fe473d451dc9c,1
1891f20b2a27a8b700d7a7ff5a7a0039,1
b07085c1dd895cb3ba680dd4cdf0dc93,1
189e539d996a9b8ba4bba1a140a024a7,1
b07499163c612b591ce1621452672e69,1
b07c5f16cf1691a1b4b959a974929c9d,1
b07fffe072c9adc235a35d8da7c0584d,1
b085d8c8840e8dd3d6ccdf3d86c6145e,1
b0895d32e26dbb099a86c2ce278783f3,1
b08d1b6f80d5093e9879a0348bdc1761,1
b08df62248deffb092aad0ec5ef5d03d,1
18ab9bce7759767eff9cfcbeb6de70ce,1
b09695c98d949d39cea25c5abb049fa8,1
18d87751433e4198e697c51bbbb66003,1
b0a8a49ada74c34192709d0c9490d915,1
b0b727747746e677a470d0948bb68520,1
18dacb31f154c3607af782584f59b3c9,1
b0c657fb8995510c4729dcb9739226c8,1
b0c6bbb845653e49fc570726f2d5e4c5,1
b0c7a71c8620bd389e240f63a507dc50,1
18e070c7509fe7f18504054fb17b4180,1
18e2f2853af64a5c039fb829e8609da1,1
b0cd550945da1de6eb9cb69595d540df,1
b0cdc9ffc6cccfbf62da25a0d63c2d74,1
b0d541ceb681bc48e1d5994bb7d8c9de,1
b0e9f0cc1a936b07b4fc11b3a35ad519,1
b0edba4fd6456eab5a6b6201caf7b323,1
b0f007aa08f8289b1b3471eda48c8d9c,1
18e41d0c2a7cac6a8d53d3fcc13da3c4,1
b0fd7a18daa40299b5393b4280b55dad,1
18f0c077dff7331d813fd82f7dd05a6e,1
b1035b3d307f0aeb6157fdd3e09f8119,1
18f968379c4898b794fcf83f317ba60e,1
b11308cde5c2dc1c7f2f947c62409e76,1
18f97605e88c76affcbfa78ba4e52293,1
b121f98815a33782f552005a2f39c6a1,1
18fa9cc25ea8b54f32d029f261673c0f,1
b12d44209afd3493a2b1e4f19cf4ec19,1
b1370e983f7a817244be390d1f7f2e7b,1
b141c668aca84c5877a5c66bd94fedc8,1
b14becd90b0c2fe7819c324c6a41168d,1
b14f3a0990ba90e5ffa3ee7414424b58,1
b150110bc5afad8ff2cce5cd50c8e2a2,1
b15b0f14796af4af048f9d043465a255,1
b1631003bdbc3b1e876f83a7d851d74a,1
b169ac8237427de1bd8c67b4eabfaa18,1
b1710c76a2b88d24f13cf3afbb18d700,1
18fc07433ae4bcd5a8bdf658b2c6e40d,1
1900bad8eae4042922f8487abb59e3c5,1
1906cb28cdc0781f04a95d4d3d0d980d,1
b19ef0bca7996875a1516b9d14b75883,1
b19f31153ada341c1bb333ce98063562,1
b1a72e4db970375eb23425e55df451f3,1
190d9562bfbe9d3ed876c2ac6f2f5894,1
b1bd4278cdf42ce07b61d1a19d1aed07,1
b1c9363781fe50f33136564c9671c17e,1
b1ce6dc4824ff3e89a7a10426462158b,1
b1d1dedf9404cb40c2cb575270828994,1
1915d084b3657c8f7be072bd8cdadc74,1
b1dddee0530f59d8b4808c007e8f14a8,1
b1e099942b15d8851265f7fb2de457cf,1
b1e67d8a817ad0c6d4681dc28be1cb18,1
b1e7e283a4b6203aa8adbafe09c2a521,1
b1eae565a61935e0011ee7682fef9dc9,1
b1f32fc9713cf8c0813fff7c9c8262b2,1
b1f4ba08a7cc4ec6ba47a54fe99beea4,1
b1f51d216c9062dcc12ab42462293ec1,1
b1fa7a05a5eb864f4fd083ef11c0d0d6,1
b1ffef38f0db9fb4e1a6f91b47ec63d4,1
b2045685af214c671f348b163996dc93,1
b204c5ce3709a53db7964aa290f4c4fc,1
b20dff2518b593f3092fb7b3ba13588e,1
b20e4519d195d80c6d81bf3963a43d5a,1
19290ebcf78e385cd9fcd48ce5e1393d,1
b22934d8dedd07b3033be2bf6da70bcb,1
b22fd976711109004375eea45d21fe23,1
b23cca4f37391d03408aed65983bdc40,1
b23cfa104a0f297458ecebea590a33d5,1
b23ede14b480ecd0dbb08e2406b3a206,1
b23fd3f070d09d342bffeeea53c27aa3,1
1938ab47ef011dae9e4ced458166432e,1
b249cf5fcf68f70e13515489f0fcb627,1
194163a8a65a48a8c95623c399a9d4a7,1
b2545dd62c61d45d55ebaa04d1cb1e23,1
b2572a992f6ea1d1a7eb518d54e64620,1
19501e8fc293f90acb1b233f4c02e1ec,1
b27653c33039497c46ceba21db46a43c,1
b27ff4b438c93e0dbc08bf543dbe31ed,1
19578e02e321cef1252a574bb185a4f0,1
b29ca3d3127057c43ef4b364bbe360ea,1
b29fcbd778387a0218e2f058e57bce75,1
b2a40530065c5d88115cfa7560151794,1
b2b2279a0174bb3ce78d8b668f8fe27d,1
1957efa6b2babcb8552b5f3072108d41,1
b2b938c46aafdbf702d73e7edb9cb263,1
b2deacef3cd033a4c5b247c4e03b1744,1
b2e22c958b453a43a650a579dcac2e43,1
b2e7c39bb137bb4b3651862c6b611468,1
b2fb9a4023836f0368a7979f189de258,1
195d8e91830247a20eee5eb4c4236294,1
b30bd2570ba0ad3ce06e785a7b23d544,1
b3132d56d4953f40e977e0534603e148,1
b3145c36d221143053908beb4564bad9,1
b31bf123505c6df8ab973f7c40caf4e8,1
b32a26b904950912fc8f6c1f88019d1b,1
b32ca9d6896d74d345424426815c06a7,1
b33250fb5abd199c0bff38eb1db5bc7b,1
b33eafe0578ff59c3c9c0853a365e3b6,1
b347f323a4bc9487c03bdf98ccdfa8f0,1
b348cae99d8bef36e269b016bc19419b,1
b35350b4bec82c6f2935b3919be35427,1
b35370362fa3ad4b1976f2a11f146dfd,1
b35e00b01694e1efa3577d14965f2205,1
b368894280326461c8e42db35683af5c,1
19629b1460e380638d4b9263bd31547a,1
b3716b1e3576d3f2f246139d80c67d6a,1
b37a8cda46313ac91d79f16601ca5253,1
1965752f8e30a01b19fea24c2577ad0d,1
b3821db2024af98844b6381cc25651c8,1
196616257eff8bc851dc4fc041cbbbe9,1
b398ce5510b751df72933e4737aa9b51,1
19685f2e45de3c3b733029b54a2c0d9c,1
b3bcd6f54c943fecf8f51e0b988e5cc9,1
196a8ebab62f48072dc189014d46a8d3,1
b3c9fbea83e09f3d0994b2f8301c89a7,1
196c1cb4773764eca858159261a90f35,1
b3d141fdbe3680294a78f0b712c87159,1
b3da02c4cb913443d1b2d80852831557,1
197cb673852389801377308c616f5738,1
19884358087155dcb193ae99f344fa30,1
b3f29e4bbae3c829f7c4231074c307ee,1
19ae99a380c31edb46ed9e7dc1e9931c,1
b4183f86c9a0c7a13138ff4575114f76,1
b42c05a477c94b52587fa47d777928df,1
b42d0b0ff31b842e6cd8a86a40919d63,1
b42f9966116a4518f832f1a13ec8456a,1
19b273d8fd4a02daae6db415447b4a4a,1
19b29af06176f74d13a42e350b14e2d7,1
b45618718859484b336a58082991847b,1
b469675b10244fe989f232d3b38b41f4,1
b4710f5c669c6820baa19c6c83c387ef,1
b4763c2caeeac2424b64aa199789b81b,1
19b75a8a23f10ec7a6af4e4644c4d71a,1
19bcd4eb05ab42b8bd0976cf94bffd7b,1
19bdd86ca06c5bcaf94fe9e856bd6a3f,1
b49d4a78de28aa875ee85ae9ae66f239,1
b4a595a550a377a81bf10d27821fab6d,1
b4b1c13bd539cdda68bd9a5e899767fb,1
b4b41230d7134dd767bc903a9c773f18,1
19c3fb52d07985c61da89d4fb7f66cad,1
19f27a3b9d40e71e14679fe2f75bd41a,1
b4ba27d5fad6d6cde99f855d72b5afcf,1
b4bbe69ef82d98f932d5c94987c42938,1
b4bcc9155de9c60e343ecbff22b86dc8,1
b4c0a557e24a783073ea34fdabe4663c,1
b4f435100a515fb999f800065c3424a2,1
19fde409ed843f30b4bc54739121bf7e,1
19ff2d1670779cdd13a453274509bc1c,1
b5015f9057f27b5bdefde4ca99368b54,1
b5075db67f027daed66cc97a6626a7b8,1
1a06cc924ba852bef5a19bb5aefa4d6c,1
b512f3c014a02179181951e048ed73cb,1
b51485801348808e02617629d896c936,1
1a0e58ba2d1b44924d3d7184ae40e575,1
b5285354b7300aa056db9c3b73e50cd0,1
1a0ef485e35802dd1d23ab5446cac458,1
b532439c5052d3a85fcfedbe20e0a107,1
b53b199f292707675aa8a518a76885ff,1
1a176fab8a52145e8b7566fdc0ace3ed,1
b55d740a9c9a5e4b9d681828a82d28bc,1
1a1dba78177cbabf00a2e1eab46e62b6,1
b56ff361e0733eebc1d010432936b706,1
b570f2a8228eeaa87e224f25264576b5,1
b57109d3dd3821f2685c6035112fc9a9,1
b573e2860f2732edf610345956e81bb9,1
b57469faf40b556e16b9a49308953700,1
b57635031fff59d59857f6e0a18616c1,1
b57a4072f1286a401272930c85221f91,1
b580f3db3195d1c583b96bcbc78d30c3,1
1a20dc4f6c828ec4836526c671154282,1
b58894ae62ca975959eb3a8d4c8f4f92,1
1a26d40bdbef9cbc3e56226cb622f65e,1
b5973136cdf32af9a89515d15dc370b5,1
b59b3f2a8ef323e661a925415545ed98,1
1a2df11a11c62daea6c15fbd3ccf2917,1
1a2ece70966710dec441aa587993b5b4,1
b5a4e805e99d591325383971318613cd,1
b5a8535271a06eda7aad510c09ddbf38,1
b5adf7b72a7eb667aafd446581c35f3f,1
b5c114b11d53b6fd85a6a90790f0b479,1
b5c4801466295e45d80d659858124b4f,1
b5c9804aab5c4cfd555ebfbc609de43d,1
b5d214651360e2d58e13b48ae69c6199,1
b5d652cabeb01249ad1cf910eef3230b,1
1a37e7d1d8e98b3d70e6eb7d5deee99c,1
b5e25515cf9731c33a3d7287fe66f98f,1
b5e2d4b3fa2f9ecad4c1df951afcc8ce,1
b5e87f53476b0084bd9ff8ae015fe05b,1
b607bf5bab84cb38111d2b6a10164385,1
1a41f6016e828ff1d37f2ecc2f2a0dfd,1
b60aae43af64142e8dafff9888b64c85,1
1a42ea14c75ffc04ad584513567457dc,1
b61876c706bbc5039b24a479eb415d62,1
b6190912a554e26ca7ff517da2a3145b,1
b61d1388a17e3f547d2bc218df02335b,1
1a758361b1c10b3ffe3d3373332de319,1
b627957ffcd19ace5037a5df4230d1fa,1
1a7e98c48e146130016fab89a43c00da,1
b62a475bcfd309c66d84a1a93aa75fd8,1
b6397895a17ce86decd60b898b459796,1
b63b2afaf851b15bdec6e67c553c0ece,1
b6467b14d837634f4e04f6f0698e7bd3,1
b6475dae3a2796ed87cabc7b8e8debcf,1
b64ed807e9a505b54796b0937146d0bc,1
1a9d5623d718be92f3d696bfd261bb4f,1
1a9d64af3398397aa9948a714bb2baaa,1
b67902c15de1b4c26b61f79e0535b41f,1
b68cf84ede4fd1e14b1740de5b727d55,1
b690fe3d3dd6223b85382ccca04ffbde,1
b697c503df6dc2612e7f601a189718d0,1
b69eb25e3a4def8e9cddee18712e0c5e,1
b6ae00a2c239c532a6e622262e49bb55,1
b6ae63c5f2b226331d069831d5b1f570,1
b6ae7ce782177c099c882b90df5f3d5d,1
b6af69cb42f5e5e78bcf59f9be1b61a7,1
1aa290cdf7d94d625562f35575218444,1
1aaf80d4afeb6d8636711e75d02f1a7e,1
b6bdb28b376292b83135644ff8d4d6a2,1
1ab21d1c80e214bc2cedfcb7a5ade550,1
b6c0dab3208ff1a4b29721889b878b81,1
b6c3ac7e88727311d75dc5695fb9f18e,1
b6d96e7683a87fc151ea589ce97a330d,1
1ac09f60f3c3bc2021c637ef23fa3248,1
b6e406be1aa00db8be5dd3ec6b524d4d,1
b6e47cacea0b2e89b721529d6d8683e7,1
b6ea15ce7ec34fdebd80ef71de3a24bf,1
b6eb2752e40bb6f33a3b608e78f5ffec,1
b6f334a1ae0731e790e39cab5da09600,1
b7082b40a807413582afbfac88facc4b,1
b70adcd90b3dc72e1b0243fbffd2b625,1
b729707d65939e62985873eed7ebced8,1
b72999ed0f16aa488170a68272834792,1
b72e63f4630dcaded1689b28efa4c583,1
1ac8f5283525f67f04345f07c167ba80,1
b7351032045cba592a6d97b36f5fd8e3,1
1aecdb5fa3add74e385f25c6c527a462,1
b7491cfca821bcb21fb9ddc21c76fc68,1
1af8902c3a99c03308ce1a8d05dc7d52,1
b7545fcb6846edbe119f90a80889b31d,1
1b06001e6b541c7e43a5a0339129a3ea,1
b75683e29689c1a989ae97883e8cad56,1
b75ad41bddb7dc94c7e555d9f78f5e8a,1
b75bc6d95abd11862892008658b17f49,1
1b06c90f0a31f14d0f505323b5723a80,1
b761e337aed465b70aa4bf86f1b12f2d,1
1b0f0dd824989bb4f30d03ac3d1e90af,1
b77ae16cc8f67cd1c0ec781d5bf4da2b,1
1b0fb6d6a05121d4b76a49f44c2c427b,1
b787c12c9291d3450c6ea976b298946d,1
b7900dadb2e17d3f270cd487b7df185d,1
b79361867edbe85462b548334d136a8a,1
1b11571a0535a643bb18db34b84b7334,1
b7a60a397d4efd05c1b5d398fb9f9097,1
b7a89537c40b1f5a18b5ba75dbb91cbe,1
b7b6040b62676dcd6d4ddd81088a70dc,1
b7be32135142911c4a0f4d17ceb23497,1
b7c26f18ec50a3fbdb10c7189b8f459d,1
b7d2c90f9161dc69fa75d22572003bc4,1
b7d3e30e28d937c46e0a72024c6cdc67,1
b7db1a22a9e89c9749d7386c4f0ff639,1
b7dbb2c93670c4764ab45c860d999d74,1
b7f0f972e1acd83e63a4bd8298c2cb48,1
b804bd070b03e990e6db597e36634cdd,1
b808914cdb615d812fd24aab699cf952,1
b80910977a37536adeddd63663f916ad,1
1b1bde24cbdf36a390e1abd717b2f7b0,1
b80b016be1b34855b86e03ce28c3b66c,1
b81acdcca96f82c5ee01cb299f086a91,1
b825640a6e030d36a45c34eed447a07a,1
1b1e7f96bdba2a29b52f73065b193c26,1
1b363f393faf61f11af873b840645eb9,1
b833b995caddd97b8786370988e32ee4,1
1b37d55343061aa2b18b807945ff9831,1
b840f8eeee0b143a479738d150115753,1
1b46816aa838ce9ae97feda7b2f51f26,1
b842a6c9c2c51a699729d378d8d674fc,1
1b7384e0f9f5e4cb914cd3f5535a4cab,1
b84a91f1e58b1f44daf3a9b74a83f1d8,1
1b77984541459de3090398065e4c6844,1
1b820caf50df248cf5ef1642359a1812,1
b85f305eec7f31aa9c5f04a3e937571a,1
b865aecbf934fe78d172e5a0f7a73ec0,1
1b8ee158f59c098470fad33f39660964,1
b8731f3bf14c9557a4c5c4b94ad48d0e,1
1b9257f42072f68e325a4dc79dd99ae4,1
b888a082a8954a5404448811aaf9d9e6,1
1b92f53b1a02ed873cc9edad59d2031b,1
b88dd8936e5b854a19d8601fe9699cab,1
b89d5de215883aede36ee1988dd754ab,1
1b930f20f389f3e3d057b9e3e85ca83d,1
1b9f1774447f0b4aef58c96227324048,1
b8b743faa0c9c15594a70b1bc2e78d8e,1
b8c89bc5fa5dc01a5d0e9d7ff0c6ecdb,1
b8d682ed9fe73be0d13a38e716573f79,1
b8ded693eefc7fd6fae337f6c202093e,1
b8def86c427b9c1abe269729fce7612f,1
b8e1b1d7c85f0f3530d09dc4c52fa0ab,1
b8e79f302f220a17a1166ef201116f2d,1
1b9fd1e2ba8bf3e4249ee0c838893e4e,1
b8fefc9c1f951969968e904d08bfa8cd,1
b9038f30e77388317c3b78f6619e11b1,1
b906473f6ad88809cd95a1e7e77cd91f,1
1bad1f17e229af04d11a788ed2b3553f,1
1bdf131c83d68a290b1abe6b43f3c324,1
b91a91c07533369ef426985f93170068,1
b91acff8b390a54505696f51260827a8,1
b92268ad64d3947c80fddbc3a82de845,1
b92421ea3b457d6bb68c49f39d4e97a8,1
1bdfcb8320195a0fbab354ae99d95d91,1
1becf32f9c527bad8d88e8e6aa99f021,1
b931645cdc2d9868f01544e8db63f5ab,1
b935c4a30d29406e3633e74b9b887307,1
b944369f7fdafc891e06b47a372f7c45,1
b944a925e8a27be5de9850445766deb1,1
1c02c66278df52e0e945f9cdcd9259ac,1
b94608e1d6f0360030e816bf676af2a1,1
1c05e0964302b6cf68ca0d15f326c6ba,1
b95366fcf5a371ace4acfe7d720b07d9,1
b9754f9e21b6e6960b37594d4387fb1c,1
1c080978925cd796eb3f7bace4ef4239,1
b98468610e73dd3b65eef3de8d212c10,1
b98546b83abd474d9517e36a1eddbc22,1
b987d8b92f302ae265df039ccff718b6,1
1c0b635cee597371e54d222a1d8e0386,1
b98d41e46b20c7a6f0e509d1c76d8823,1
b9900407a55cb2b306ae612415c3340e,1
1c12e2e95f36322f3a5ab8153a76bd73,1
b99aa566793f3b99ab8bee7b285221de,1
1c1890ba1779090cd54008a3c3302921,1
b99e384e6e039ba6d828b4b0389ce91b,1
1c1dda7d5b3d50618aadda35edc2acd6,1
1c21c11ea2efbcaa7ee31c3191300a58,1
b9adb834b99082140e354bdd3bda7eb5,1
b9c941066a5b61862d712489ed544aee,1
b9ca577f48894c59a9677f895f9a44bc,1
b9cdd87d963a750d114ff2b6971e9290,1
b9da2805666fccbb12f3aa73f0e94ec6,1
b9ec59c34a1b048fa9c2bbe3296a7842,1
1c22fe6866020a6484b6087d20e23516,1
1c2862e8f831c73dd953c24b3fd5b9e2,1
ba16581014183c8415da15145f3d4c24,1
ba230fc7bcaa2f503c46d73098caeb66,1
ba2b57d0310d7cf65e8538089a9e72f4,1
ba2c575c1739bce3944c1480d5ca934b,1
ba3f298a122a95c4928e8b8628e8520e,1
ba4135f821cdef6d31f783156eaf47f7,1
1c3122302b284dc602555cee331847da,1
1c4de4dd53a801716c8a3a2cf51f35fa,1
ba4bfbf74dbe7ab37e263b9326da0523,1
1c4e2aab2f3631a70816d1765ced8ea8,1
ba55945d930e34e802e5dd2e5cffdcc8,1
ba5aeff0d2c2150a200bfffdc8b06ebd,1
1c57458e824ca3d974ec1831a1a55e72,1
1c5b28beb34835f960261f45ba22a136,1
ba7298ca5084d1819f739b41083054d2,1
1c5cd477820c6046039178150f6f8916,1
ba7b704d92d5b165f298aaca31278695,1
ba7bd7333b4f0c78d1c1e1693a4f97b7,1
1c6a5fd4bf0e4196dc0a20386c496bd3,1
ba82e510acd9a0fe69a44cafea53f9aa,1
ba85af910c6f4624929eaf3879d72321,1
ba9943916136c9959e24f71bdae28faa,1
ba9e896256f52e536a611c56a4cae38e,1
ba9f160a6ae1c23f25d690fd06fe4fd8,1
ba9fd74fe255c968969bb72ada6045ef,1
1c6c35cdf70ee1c3515cd1527f4aa6d8,1
bab7ff9abbcc13690a62d015f2ca8e44,1
bac35584a4b6413380a74f9617e12379,1
bacbde3cf27796fc624ee5fd465065c4,1
bace90a7338e9d31371ad47811cf4c7d,1
bacf2de8920bbcaf6f005a30d81391d2,1
1c6cf85f4af5c2787a812d273b836c01,1
badbf5d003888b6338ea8774b4ac9717,1
bae8ac5e125a98fe445bc17714104709,1
1c928305f64aa4a643ca1c969c0abad7,1
bafb66175e7c8250500ed50faf512dc8,1
baff5f5a048f514e921ea530c4a7a814,1
baff65b3343271414a092f28893eeb70,1
bb099f12bf2833153c9def3538cb52dc,1
bb185a3def84599e9c16a8f88bb9379a,1
bb18d09a22b3b9bc474e0b1437302666,1
bb1fe952bdc16ef8974d4ca11aec19b7,1
bb225b185b631d856dc1580ca5c3708e,1
bb2c7ce7e17161503be275fd36747626,1
bb31a27a0b24236c8ce7e0c6264c51ec,1
bb32b03270ad3f5a8aa9474d354119ab,1
bb3bac7219d5d0b390326ddf5a562366,1
1c93b38903bf11d9a9bd28f3c65481d6,1
bb444fb9b046f038317b39f651f305b2,1
1c955eb7c06e7330695a99212a99c0c8,1
bb4dc25bd765b4b6beb85469e9b4bc55,1
1c973679d17e2e7505000add215699f6,1
bb58bcac750d6060319c4e89b560f7f1,1
1ca44bcd8ec3cca1bc2080d3c63c16b8,1
bb72e3bc2b09ab0edf7fc724639afafd,1
1cab19d5be9a1286428e85aaebf82906,1
bb77135946e78428a7a5634a46113a22,1
bb812a3e630d1d023c592cbc7b3bd7fa,1
1cb60c9b90bc722828facc251de1cf94,1
bb9a7bcdb8c9facc7f1262db27fb1300,1
bb9b0c89e9d58f5cd33126ab223de642,1
bba2c8c0d830b5d1eb20f4a343676de5,1
1cbc78e4a21eb9d14fcc229e482a6418,1
bbc8f8ad8f885679e489afbbd29eee61,1
bbde277e9acc929e96d1ecb114f3342c,1
bbe2718f3f392fdea27314d5e2f3287e,1
bbe4dfe43d77a5d150ed30618b20db25,1
bbf920aa6ac72007a726e6f419156f8f,1
1ccef988a8dd457a93b0b4833b8f0724,1
1ce3fabecf822e737401979c2eef12e5,1
bc14412610aee0e67600fc300c46226e,1
1cf0c9095608952cb1c65c4789946375,1
bc2d6310e5cbd60facb2f9c8d9471597,1
bc3d15dd90a6794ea7710f1642aae319,1
bc43d9cc64d7ff9093e8dd66b4d87665,1
bc45f8d4954ef77dcaad81627640cb2e,1
1cf39a397efa955b102a52ee7ec5531c,1
1d0e69d769465dd7bacc44f752215f10,1
bc5eb8763748dffc2350d94dca6f7a95,1
1d1415f17f1a93060326d6c3e223aa3c,1
bc7952b8b83834a52bc73204ea2576f2,1
bc79c7b682c43251149b8546f189e646,1
bc7f7a995ff963c23da53e0856e8b6a3,1
bc8b883240abcf055de69c37170844d7,1
bc93408e78c053eb887fb66c4453f5c1,1
bcac2cdcd851929a5caa3e1508d5abc9,1
1d16c0509e7011656e03c6a582ff6667,1
bcc964ed123bd73528eefd98c8ce6726,1
bcdfe7d7d9e6f6eb14f6947b0e92537b,1
1d1a36ff369b6838f8220870f96254a0,1
bce551f6c568dca0b7e4cf5af7de7390,1
bcf64c2356ded745b81b4348a8a763e1,1
bd00b629f3671ea02795279de2915086,1
1d24c180dcf6365fe1f3fc14c0cc589a,1
bd121e63c181b55f2204d15c44795736,1
bd144d5290d032a564563d75e98be4e8,1
bd2b6d27ce6d89e2443970dc53f6d684,1
bd2c3709849255acdbf5855094cdaa01,1
bd336707deb508edc61ee62f22706cc4,1
bd378eb2fc8d592ac989db18fb35bbf2,1
bd3a02d6af913ac8e4c07501e2a13dd5,1
bd5556852920e0d5ebb6044894391ca6,1
bd5b04e67f3659248acfb0c61c08a9c1,1
1d32c0582d833b02199e449713fad071,1
1d373b3e02a3212aff33054cbf30abf1,1
bd7836d8c8cfe05d89e7343cf415eb5c,1
bd78aa243ba78f9d4a311681e172b090,1
1d52a166aed7c327a5040a26342198f1,1
1d54b96972338247c7341a2069e2bd96,1
1d682cfba05647a5231ac20cd77e6645,1
bd84287687cd6471cc78eee8ed6a6a8e,1
bd8c0934082247e8c53c9b8fe35a4dad,1
bd988548c4a31b6c4fe5571e3cea8f8a,1
bd9fca6bf4bdcbf4094d7bc11415dfe5,1
1d6c23a5f953103a8870695fab4db4a9,1
bdbfa0a4ac2ed4bc431e7ba6c4971450,1
1d79cdcf69371b7e6e8ab6831d2c6483,1
1d9c9e0532fb481c0f89c3b20cec62e6,1
bdcb0ed4ceda228206ed4bf60ec5f65d,1
1da0fbb35cfdc9fcb6d48dfddca69513,1
bddc1407637849d18d139b4012e4406a,1
bddc970a859e17f3f60f337ff8d72dfa,1
1da3e4356495511914d62ce5385f7122,1
bdef40d64bf3de5f773c8f461b0bf167,1
1da4613d4f7e10e1554538b46dd16486,1
bdf4090aad270b83a2ce5eaac92032cc,1
bdfa3ba07ef80b018f8102da22d908d1,1
be021417a6acb56b9b50d3fd2714baa8,1
be03d93320192443b8fa24c0ca6ead98,1
be0598171ca7dc5b5904079159633ca0,1
be093c0e6f627542bae561c8f3dff875,1
be0a8cb3c50011daec32f4d8ecdccb28,1
1db2dfac4f8c0a4499f94838b3ee0628,1
be0e6c61c2bcdd9a4d022ba67fd66189,1
1dc9d2804c35122e2f168a135f8a56c2,1
be1c4cf8a2d2aade623eb7a646d2a0bc,1
1dce3fd38c13a3e74fe5000f33858442,1
be1e5f5f774bd9ff91582239f038600e,1
be29276f7c3781b418ca51f707255455,1
be29c68650ca8ac7209aeb238df7f05f,1
be3ee4a51ebccbe2c35208d5d25b6b3b,1
1de98461015ec4932a0459c5772f7b1f,1
1dfb36d969d347f56f43590ec42c7b8c,1
be588e939ab09c7ca4d4046266619de5,1
1e0d051115919ea51ac96e8e01816b57,1
be5f0f785e9495b018017045cc207457,1
1e1e594f54aee5d344f0f58b399c7493,1
be642ced82a99a398aa76d720cf47d19,1
be69b1c83725cafaa993146ad08b11ca,1
be703d525c52c707f23b14fa068a1d46,1
be7815756efd025355c3e09139c3f2ac,1
be79ae7ea3c476c7edad883622b9664d,1
be7f0912ba01126704c81b3f705aaaf2,1
1e2e095149b3e9ca487d9c2d8c20378b,1
1e4ab43607e527a9a558faa24a9e6e81,1
be8fabd5f8a50dbb81c1f36499f077d8,1
be92bd4ffb2aeb2776beaf42860ce0ce,1
bea68931a4e8aeb29404dfc74b4ce5fc,1
bea920589ef5e1949b4627e0574b877b,1
1e4afc1a37e11d1cfac59e0599d3ce1f,1
1e5428c428e0f783acd6e3d94ba4ee2a,1
bebcffeb66bcb8af8112dba655b1c1c3,1
bebd360fe73dc670fd6439e9b943ceb7,1
bece4176ed6f09d246aedb44261b4c61,1
bed164d9d628cf0593003389c535c6e0,1
bed48285a1d145ff8ca0ac0d77496ba3,1
bedb45388f9f994c1ce963354fd32469,1
1e571e871a93944c5c48e6226f2cd94e,1
1e792313d6d23699b3ed772e7042b089,1
bee84ad17517656f609763f0b124c7e6,1
beeafa4f5701078b09aa0f517fdfe05e,1
1e859a053a2210cb74b1134e0419b1dd,1
bef13288a0f8b26d763411ced1dfa268,1
1e8f7164e2c9b32dcd58e6a6b6b294cb,1
bef6177f54efb9a6218e124b629fc152,1
bf065a81717b583b62536e13b5e2576d,1
1e946cab712f702ca325f609894b7962,1
bf128b5dced56e2ec0391179eb70443d,1
bf1b2e528a5bb0bbc9c121afd9b9c7ee,1
1eb0f26a0aa59535c7bee3e2c02093d7,1
1eb4a9aee05c9cad041e09add2a26d68,1
bf3f9743aeca956fe97611364fec85d9,1
bf4362fc31d8f9821d9e8f3f9adca705,1
bf455a7f51eabfc8dc987897ec6475f7,1
1ec5d3bb50a489c6ac8923101492c197,1
bf5c9388b3b4225c6578eadbde4781db,1
1ecbc86db1d81121dcf8790e2fa31ddd,1
bf6c420d93ff5c0a5d8fd3b6c975dbd5,1
bf6e9b07b37b073afbd4420d91518a9b,1
bf7727705a701b9c135cb00df5a2dc5d,1
bf78843cda99fe99d2246a94a4a465a3,1
bf7a3359eeb43b9944c70293e4be896a,1
bf7e253a79f85c001ccefc2827a0fc25,1
bf80e0bf47dacb5f19bac03656bcf4bc,1
bf84efc59aa20236fc3cb0d7a9e7ca44,1
1ed5f2a2e075f5f245029c6b61420dae,1
bfb0b1ac4d2c3e1ebae4a01c3fcbfb1e,1
bfbb69c5813c20a95466cc03a1274efd,1
bfbce14d1a7118b0c233a35617ec2830,1
1ede3c17889b7e18f4ac33d2fd0bef96,1
1ee1a3e374020805c935a1a99975e414,1
bfce5e847034e1fbbc1ed0bff6a372c7,1
bfebe3af6798e21f14c80263db86b7a0,1
1f06d9b36ed20e13e3d95072487e4cb3,1
bff395cb3a536fd2f70b47ac8dbb85ba,1
bffaf1f457823d803fd2df7bacfe08dc,1
bffdb7d6bdb994823039ac983d6d30ec,1
c006d1427332464b79808bd9dfaec943,1
c00963ccd3f4428e1c8d4c12aa376c59,1
c0205b35b5e0f162b0dcc48572223b72,1
c0293bb52f87cea29cbf4cfa3fa873bc,1
c0295f791bfc794623d0ea811cca82d5,1
c0315bd17c58be3dec2bd04dd4233b7e,1
c03500a4a72be532834b3d947821d519,1
1f33f54aa8e680e3d3b654539abfdcca,1
c03d44fcdfabbabd5185c8eb60f77aea,1
1f41007b4fd761b2fe56b77b7e0e58be,1
c04ebe208ae260f39b376cd6ffbd0b14,1
c05445666d793190048c0ec1d0bb7f0f,1
1f459c80ec206dc814560de10182cdaf,1
c0603988d17e4588dfce0f7f01978557,1
c060e10a2d12cc32962f598397156c20,1
c063e7cfa2a5277de17cde1837399dc5,1
1f5542855786adc0116f56cfd6f9f830,1
c072e7b87c8413341505d50d8234fbc2,1
c0737ec7b87906c79f130f39cec3d3ee,1
c073f9b6e3a508fa73c133e7e25827c9,1
c07d367dd7b78b0558e7a3e1e1a975c8,1
c09d788af5101df1f542712d2968d4df,1
c09fe7511f6db515d3738a84225ae39d,1
c0abb5707b6d57b4e7d9797222a77fc8,1
1f7d5ed869623b79db194aaed277d963,1
1f9a992e9e20d544dead76bd2a0560f9,1
c0d6c8a21420b7d6641cc0582af7203e,1
c0db539123a403f670c50237d970b215,1
c0dd2eb717671a095ce97504bfba29c7,1
c0eb3c049747e427282803363d9d7067,1
c0eeedfd383f32ae9524a15a8898b129,1
c0f957a555a4963d82840e7ca9e06796,1
c105ffe5631ecf052dd611db3693968f,1
1fa4ef78e1b8f0afea31e4ae9578affd,1
c10d7c70907ad6d09ada0581ef6bf839,1
1fa52682d6938b129312ef4cffac1711,1
c12c1482a995be91e395cb9276661e32,1
1fa5685b6d15b1f431092eb5e391250c,1
c14d410aea63d378e1934e00f20924cc,1
c15d29dd019b316a74a82f67c69e2865,1
c1678a85525ac9b08eb174f36a1d944f,1
c1678c7353738f1698430b8ea0d6a488,1
c181ddb9a0403b7f2010870a988a61bd,1
1fafb4fdc8f7b3d202cb39f1218934e7,1
c18dfe3165eaa55de9ec8f462cd7556f,1
1fb344134cd7164d32dea4d87ba3ec5a,1
c1a7082fb76e37a467ef216e92ee0423,1
1fb5f3130b9f5c67e7dc57e0f5df6e6d,1
c1aaab8bfc16d73c6829b879f558fad4,1
1fc6e1729d564ec77eeeb9df95fca74f,1
1fd3bb291e0dba9d6081eb914303993b,1
c1b2e753d02b165e402d5020fff9a582,1
c1b94ad68c3ff2b989d6df457a0d657a,1
c1b973e587fd6f4e5aa1fa2c01fc6e59,1
c1c1d3afbe6a5ab7a534f7ea20e09b8e,1
c1cb3679d3aa242bb9094aa69ea47c42,1
1fde73e6b6d28627ff16e222b0044b10,1
1fde7ac241af066577f1b1602435beaf,1
c1cf9e70caf906259c299fbea35418ef,1
2001ae82f374f0f76db97ad0b37231da,1
c1e0531cb1864fd3a0cae57dca55ca80,1
c1e4bd7e1144f99ac576aedc324a5cb3,1
c1e5b96342357985d492c02b4279ce9b,1
2007f2b457d10773f0d40622a433a22c,1
c1ed7eeb2ac3e40d069da245ac1d3492,1
20126b44913d3e4d5102e915f2558a7d,1
20205e1ea024aec43a7a3fc0d8f7a287,1
2022aa748485ad1226fc9519906cfcf1,1
c20fbbd4ccf2f7da70e150689a6a905f,1
2029248294c186017ecfc48cecd47bbd,1
c221338cf5bbc53a58d3f15b3620e1f0,1
202a77df8644deb5f8006aea1e013d5d,1
202d6bc7af7609f371b94e032925d314,1
c233a2dd158de2f5877ef680906a2c33,1
c234674e4e175c7be49f4412f97c1248,1
202d7062d09aa564dfd5aaa1aac775b6,1
c235a7c2c9c539eb3e917705b18d690e,1
c2363f555558eefafc1fb2767571cc57,1
203270865d37baf60cc079edfa4fb6c6,1
c24d97e07dcb8f32a8bfbe755731950a,1
c24f692e0f20f854c24c31517610ba7c,1
c25174e1e4fd7fe5c3420869d61fe2a6,1
20332c1e41e427864b3561a657caaf0d,1
2039ecc2a76b653fb536a86a570e66d8,1
204066e9c9f66ce2f88cbf4dfcb4edce,1
c2c00c360a8407127ec5393828933bc5,1
2078312a2dcf1fcd8a38eabcf5dd033a,1
c2d28f0e9e7925b59ea575da70e8f884,1
c2ddba1b0149af8ce1b6b0d220f0411a,1
c2e3277619aa6604c0d6e288ef059ede,1
207cdca64408b55cde28bfa9e62bced9,1
208026b3551ff84253421d9f26099f6f,1
c2f3c9eafccd7ee6ea11f24d3e3b7366,1
2083a6feb4bbb31f6abc92fc24e468c0,1
2084c51a6e1430640e5acf4443da90f5,1
2085b8256faaa5fa29b2bc321eb053d9,1
c316d99c0a8d01fc59bde7e88edf27bd,1
c31ab3cbecdabf9d526d56d47a26c21a,1
c321936f167cdd14866ac591eea36f38,1
2098d8789ee89ca57f6c50977b4ab962,1
c33a764dad4f6747f7c56115bb8d5bb7,1
c342f482010f1ec6d94f55102e4994b9,1
20992273fc264d0a559e37c346090fe6,1
c347971e06135135a97fd33d9db5b74c,1
c348450d15a924d32e7f9b0dd91ca938,1
c34a95f3587a27afcfdc7b4ba554ce37,1
c34e6febc00a74a0eb3decfc3f2f3322,1
20a64c9ab614812a2634ebbd69bb4a02,1
20c958f2273adb5449e7c2f644d27805,1
c354b34e5d5b2dea6889ae714861e8f1,1
c3602326cc2e91dc18ad2ae9a575b5e7,1
20d6d5469584eb71125803455ccf914a,1
20d7a48524eae8d2694bd40031fe12b2,1
c36bf06e0eb9da82511d954d8f25114c,1
c36f1190b3cb7fac6c7bc68483317029,1
c37e775cc9f2dd910db751444447fa3d,1
20da3eeeb6af0e217f80b316439a94be,1
20dce72985857d1c8d09d506a8ec5187,1
c39610045a59ffcd596a9e9ce4341921,1
c398a8dcde62548d51bb291753330209,1
20e7fcf887b571d712eec11b3f74fe4c,1
c3adcd846a294794059da678fb939220,1
c3ae2001a36724730fbc90605b9278e2,1
c3b271f47e73d0c9ccf1b43b7606c705,1
c3b8f6be3507bb05fd83797f81f679bc,1
20eec5e935bad5e35e6fd4a6af9b1a63,1
c3c075d20bbf03a458eb5c4458d82380,1
c3cdb28ed53f4ec5d9afe32753961641,1
c3ce49d20cc5d56f0419f256c480e235,1
c3d0861113018ae43eaf47fcf5f0229b,1
c3d08bab8c7c6d9cc1f6cfb5a465c80b,1
c3d5a66bdd6bd3a9c7b3b53a46adc4d7,1
c3db113c416d50ed94fce65297d016f7,1
20f0c3fea244885a018ecb6e263aa9d9,1
c3e275e10cfd7f3b56f7f657699cfafe,1
c3e34cbfe33021ebcb984bc07aef6b73,1
20fcf54ae3433ede318a3587bfe559c4,1
210286fe46a9f587b63ead8d065ad3cd,1
c3fa41b1f851451aaea66f41ebf170d1,1
210e7569afac412f6f444621ed323449,1
21191f1db2fabc46b8ae34857a3b130a,1
c40b4d64d9a3328382ec1fc2948c4af0,1
c412b0618351955b3643d844e914ab1b,1
213875479a90df7b399cee17003be95c,1
c415aad99ee06e0fe8a58c09d3598ef7,1
c41cb239626c439032c226463d082c9c,1
c4282015d858b8d5c14c1ec6b9000664,1
c42a54d639771f80d5ea22dd39a0d845,1
c4344f6de69a96da8febce3f885171f0,1
c4369b26f349bc301a680a89415b1344,1
c43704bc45a1f1a58de5d2b5ba0b0d12,1
213e2ce140e9d3ed98d1a89b6cbca7c3,1
2145a2868aaca837f92fd4bf1b6db163,1
2146114f819e6e6b2bd299addcd4bae1,1
c43bdc444e037ff4f6c4c6e307063572,1
2152380ff2e0afbc8c1c5b7c72732c40,1
c43e56cd1eb509cca120446a61579ec0,1
2155593e689475e40e4c8b93143c0287,1
216ac797639b7734f0b125861ea845ae,1
21733435c91b1a39455537eeacd3c467,1
c45f017c36f9112a8bb4f170edfb1870,1
c4782a5f5d4d5c61dc10165dad436e69,1
2174a02a3c42e648e408c9b3505c54d3,1
c478b1bbf9ec8c5691f37ccb83187386,1
219afb1f0e44578d70b027c74e50ce74,1
c48c077b8b116d8da988077363070d9b,1
c4989935ece6a2e0c0c148ede45f640e,1
c49c7c01a63850cb995c304b97c11bcd,1
c4a4f6326493ee449e618f0143d290fd,1
c4a75a5c2477e9b73590c227e72052b8,1
c4aa0ceec0529a29290c24f2bb490b3d,1
c4b3162faf1aec728250f9355a476380,1
21a3fd0dcc50f6c1dbd01c2faf1db393,1
c4bb83a29caf7600c1a8bcbca6a85c98,1
c4cca1d23088d10099f52159878b6686,1
21c00997a28e1efcdd07c8a67f26d4ce,1
c4ceee876c82b8328e9c293fa0e1989b,1
c4cf7c2e1f190d51517eba7e8211c8e6,1
c4e8d6b4c4915e1e596379c68c4391dd,1
c4ee4437696f1885d323b41852fedc8c,1
c4f2546fff25a5789819a7b943505bcf,1
c4f892b889113bc53371317bd975a168,1
c4f8e50f322e3f8b523e0e26559144ac,1
c4fa0206ee58c2694c9642e6483b576a,1
c4fc1d4489f664ce1c6c55b7089738b2,1
c4fde94eab39fba350fee41d60ffd8f9,1
c4fe6560e914f2830b4a189e91202c29,1
c501923885535aa99ac2dd7a4e0ed7fe,1
c5038055690911ed8e218cceb07acdf8,1
c50ca07e9e4db9ea5011f06802c0aea0,1
21c080d8ac76a1d2b095d6353864a24f,1
c55345c89c1bf659ac0e4164498658c2,1
21d7610668a41f5ef8f24bfa0e13b315,1
21e288a2a0d211749ff4b8f475b48557,1
c571bd52d56c393e52b38a593da5950f,1
c57c6b0b6d9868bc2164f6182b52d9ca,1
21eec44e96af78db0af3e283c61b5200,1
c5895cdcbceeadcbbb3eb786638d2c6f,1
c589625c8ccc7bfd2e8f1fb041e24c4a,1
21f3c02a56cb1c530fd3c87a858c562b,1
c58a00c22983c35a40e549564aa0aafa,1
c5a00e7e34e45fe4c79a38d102248b48,1
c5ad0e6b10f446cbb63f9c56fe47c3f1,1
21ff08c8ad08521e34ac18dcc59be52c,1
22092edc4bf1615d12bbc3ab17d3d600,1
c5bb1910955da8132293d99d1cb4bec9,1
c5c619629da44fcdd8303458a5557fde,1
220bc6afbb138c2e99fffc0f9838afd4,1
221682b067ae8e8460ae2517e7e25e11,1
c5cd81e7dcab1a6baed9cedff7c531ef,1
c5d12f312c344b2c60aad2155a3e6890,1
22321b01eaba7d5cbf0978523f20fa06,1
c5db51af7d9a58228bcea932010cf080,1
223d59a37896c34a98384dcbaefc322c,1
c5e31bcea566d7f28ebc011e9fee182f,1
c5e93f42eccbe45b7eda897d5a26fb78,1
c5e9693041e519fd6e2ebde0d76cc1ad,1
c5f5b4b17e4cd989c39986cd0dddc018,1
c5f66f76350a831902c397fd9ebcdedc,1
c5f91783ab6cb187c7182b8e4b8c9047,1
c60da43ed0fc0f33c57242c2f631e99e,1
c61066ec039ab5de17a7d3151f8806c0,1
c625ae2c17fb3590976b5822c1505126,1
224037b21bfa8621e39c265513ee6594,1
2255cd8a319ac848b0e25c6702f2a139,1
22633013199a5fbb2c0094a6e2802386,1
c638e232871cb1e760eaa7e724bc3eb2,1
c63ea4621680c1b0fca8864c0564bd78,1
c64490cdfe40f9e25abd222c541a06f0,1
c64fe38b4cd06cf7160d9505aa87b8c4,1
c653e7a97b25d05bbe5df45bd142ed5f,1
c65f71634a9d0de5b4a1d7dbb6d3ae01,1
2267f81f3634e3fdd5d27151ddad3c26,1
c66f4d77ea8fb8fb4cd25ecc70dbacf7,1
2273be0f0b60b5d12c8853cae6ccf7ef,1
c67a6a85a57f4d216bdb8dbe8724c3ae,1
c67b3dcc9c4490a8f7e41abd65cf9eab,1
228f57b1acb5bdce9401c58653c8cc14,1
22a8168cf1f1c6347da8d29863b7f75e,1
c686d4fd1e845efd1b98db8220f0af3b,1
22bd45d50bed841763d6f7f58cb7b6ac,1
22c7191da97262f0f39de80e1951dce2,1
22dfa7d077d1088aba3095c67ee10a9a,1
c69a909c359c635a647fb23aff17b362,1
c69ee3d090e5c25f7e8633b164fc001b,1
c6a45b8202c0b9ec28315a3a43a83ddc,1
22f49044bc3eaead7cadfb045391582f,1
22f8b1ebff0ccf1828c7179dbf84d983,1
c6c99dd4d0be36139d78cd917a5bdda3,1
230383f11d18c87d4fe706850bfbd3ab,1
230907d5dd938f510eefba95ef295da8,1
c6e3c9a59b663e36a8b95b2dde81fa33,1
232b2effc9d2cc8f1e696e65e108797c,1
23318fc7dadffdde2b4ebf8dadefcf68,1
c6edce374ec89184d740f3e674add5f4,1
c6f46351ae5ae5a6d75ab14996584ce1,1
234df98e1a567a28c8ff2079fd55198b,1
c706d50b57c9e83293c2586d01f32445,1
2350c74f45b4009cbdab3fa73396c222,1
c714f103a677fbcc818799ae0fcda11a,1
c7208c176705ee9e839f9ada9401d4c6,1
235458528f907463ec55ebb1e16b69f0,1
23588f7d2da3b618063a218a390fdd0d,1
c7396c42f79c6c1d83da76a1465dde73,1
235bec397501f88e0593219e90c28b4d,1
235e0d56841710b62daf088840a96ba8,1
c744b9538213403285c97c9f7a53776f,1
2362d3d1782889c8759aa6ace2c73aad,1
c760b9447b368feb545ae8c568e4c94f,1
c7671984ff3e8376c2998f75bf1447d9,1
c76a2c67b75f1bf675d2c86157537910,1
c76bc5aca848edb5d6460267176f77ee,1
c76eef5f50220461d23cfc786e6e82b2,1
c770c3d5ab511e88a96d387bdb0b6ce0,1
c77330cb95bf8227f54bda2c2452a11a,1
236634fd768c822b130b6ccf325e4c13,1
c7796bc610cc40ed7935b75fced0aa0e,1
236fdb1c273caaa9a7dbff8111e6a4e1,1
c7b3b8509e06ae21abdd78b541215cda,1
c7b3cf9de7be95b3e09e7a63315685eb,1
c7b99e577e7d7948c7fab1d7c1326d22,1
c7bcab3a7039340cf46705f43bab3ee2,1
c7c57beb314dfd634634c758da3eba64,1
23836079685669ea7e1edeb5ea8bfaf7,1
c7d75b3bafed2b1d9475c4876b1c46b8,1
c7dd52c6177b277973286c741e7894cb,1
c7df652246ed7b3300aaf46960c141e4,1
23845f8d570efe1e44d1ed2f533ab4ee,1
c80124276571cd4bef53cf35d9b36c5c,1
c8078bb7927143cdb008e3563230ca61,1
c81ae6207142d6d844dfe928e7e51b04,1
c829cd4f5382dfc97d9cb71af8619e79,1
2388149ad18c9beacbf6d6ff59af3ba7,1
238e45c597d95d9eb3b225aaabf1c7ae,1
c831ad5c44cdf4b4cf324dca0f4f6d8b,1
238eaac32ec7d0a2881b728d4c3758b1,1
c83bfa25f218562a2db2cb8abce10e1e,1
c83cd797bc7742a94927dfce4efff001,1
23af6f1d463d55ba48b5b89085acb74b,1
c878f779306161bdbc043977329a9082,1
c89226b8a795ae3d6bca9d90b20dbf04,1
c89267ee22b330121259fdd56cee5696,1
c89e8c067337f726514a8ef42a523811,1
c8a06a6cf1dbd09f3273d65d3dc2da99,1
c8a1b14dcfbb5ab61591ab868d362d10,1
c8a3354f3676a68d1d990112ee5f2b5a,1
c8a4cbaafa1f0579063ec64cf40ae153,1
c8a4ec6d4201d92e157eafb89eab932b,1
c8ab4e1fd53092c488c0a1777d522b41,1
23b943460884877c44de1ed05d357d83,1
23bcd6822a33df5534f9b290216eec1f,1
23d625ed972ea9221c3d375ae3f15bef,1
23e44bcf966914b366c7e28f13327dfe,1
c8d415e06ebd7a37c7a5b4a18641ca11,1
c8dc26795ea2ee96f3fa57453cd7667e,1
c8e327c0df61bc66cdcf76a588c80154,1
23e8820ae7d5a7aee1299a1923876b78,1
c8e7c2ef329fcda4a233e7e2f8bb8b7d,1
c8e98656b0bfc1efbadc25aa3fb9640e,1
c8e9b4087e9c9ed5acb271f61a2e239f,1
c8ef08bc074120d5b8ef90ce317b2180,1
c8f47078677998140708abd3c0aa15ec,1
23ec19b685ee9d7d8eea8877cb27cdf9,1
240139d2f04292ee0789c908cf22d505,1
c8fac97dc76c4867dbe264c28b31fafe,1
c900eec3fdb80817c7bd189a548650b5,1
c901d0a681fff9a4cb6ca99d25a3cf08,1
c904e2f76d44b7aed8979dd9f63f621f,1
c90526921508388bf77c6f45ff36c412,1
c915ddfdd3e9d773e0939691e85f1d38,1
c917cd48f8178bc6e1e4bf902c7e0b83,1
c91906227d5fd5c07a47510e1651e46c,1
c91d8f1735fd6207567a03390d4ee309,1
24016cd8f7a556eaaf043552e23df9f4,1
2404d9b539ebddc4401a24da18215fc4,1
c94fa82c83478dddeb98388b6bf43d79,1
c971d649c40781eec263978c8b5b192d,1
c9798643ad1a1a5a02c1bdfbafa78323,1
c98bf47f7bea8f3aee82fa023786b8a1,1
c98fcf63f668fa08d0da5584888d6e4b,1
c99666957e5d14717bd1d5ba0fd33f53,1
c9996076c21558c4878c8d2fed12c45a,1
c9af29e8a0c52866bb2c9f5f6344d9b2,1
c9b6f0f5e861adc800edb233fc1da1c4,1
240ab905c5d99c074894c0fb5a27979f,1
241a1ffc9cf969b27de6e72301020268,1
c9d067f785507045799795719e6e6131,1
c9da1aa6e29221a1aabf1131aa2134e8,1
24270aa37ba68dcc6be98dfde14da3be,1
c9e5a053551073d27ded320bd05971b4,1
c9e6b23635a83b700579ba235b53eaf3,1
c9ea06f7fd4bd778e96031f46f60dfb9,1
ca0e18cb90ba3928271a3b09d9141dd0,1
ca140156f7f81f8e406cc66cb8f12a67,1
ca1551e5e36f2e68261f4d14132dba96,1
ca165220cdeb3367ea870193baf4a7cd,1
ca17b18b38db6e0d2c33d362322f2a06,1
243c2fed5e34044dff827373bd65e9b9,1
244811270c7c86b6cec6e934c059e086,1
ca3d8213acc967dd4e7c85c05406f71f,1
ca4b7ea1410f94107b9c97b09a6d4182,1
24541f532451ecaa85eab5b200b2b686,1
ca718604fcd4b098d85a7d103d510951,1
ca74d0530e5f2c942254f4d63dd037c8,1
ca815d1a82897d9d4503e2e367931d03,1
ca8abbdcac2d082a56ff54df35aec76a,1
24543438ec09114a42a153f76ae693f2,1
246aa84ea966f137a2d87ef0041fa6ef,1
caa526308abc9a77d0c56869139dbae9,1
caa5c299fe513376ba573cfd401822c8,1
cabdfd59b47b4a3135145f38590da2bd,1
cabf8b8ae04dbb649a84f493660febbe,1
2480fca3af4f5221cf3596c257be308b,1
24820a1196d38b337b214cbe699410ed,1
249da6972f14b13495be6a75239e9a91,1
24bc22853c82023ea47f960c910aff6a,1
cae2e38942c8489d9d7a87a3f525c06b,1
cae4c48440297651e8ff3c2d58d314d2,1
24bf010d82955430eeea5ed7643711c7,1
24c0de23191c9450049b2b3d8749ad35,1
cae7a908351ea0b7acb0086a51f6f565,1
24dea9b9a1d450d96702d46a0a835ff3,1
caf540627b7914ab734c86495fdc95ee,1
caf864611f0c6a9c238876119d725182,1
cafd558df4c3c9d1c338ba6930ea9a62,1
cb0323c2102abd70d084c531993f8a70,1
24decea9d84c24b8c6c53a2df90066e9,1
cb0c2c97fb2fca149a11c2f14027895d,1
cb1c66d42de1ca828b60cf0514bfba5d,1
24ef70f010919148b022e66b05862778,1
cb2fde4bf22091cf7f7fb9c1944f45bf,1
cb3fe5272f5eb5d9c10f4274866bfc0c,1
25055c4ea763803958c5c79b99a00439,1
2511e504fd7794c668a8521aabe3713d,1
2515eea3c60c67ecbb38b2f6b72733a3,1
cb495e3212140c3d8b02a78038e20994,1
cb52e6775d816cbdadade36948e81fc8,1
25179680ecacb54a036e9cdd27459da3,1
cb5c020ae387a4159ee7bf98cf0c69ed,1
cb5d3d2427c53fde437c52bde24840e8,1
cb606ee58d4f11da0e4b813f87f6fd46,1
cb61a9727a2f74ec0c80652f4d62e812,1
cb624905bc39979a816f8906c70bd6bb,1
251ef1633e102f2a29ed2fc7eb5ca683,1
cb7433cfec8ba4a55092889fad62c6ed,1
25292482a61cb3298df8dbe15ea69daf,1
252dc7b8f5d41ea6efcab73213ea1417,1
cb9650b0b86415106d480099a14b9d6d,1
cb9d764f38ee4d0c00af64d5c388f837,1
cb9ebc2581c01de678351c46f55f7f7f,1
cb9ed03b8602d8180e9de666d5cacb17,1
cba30a48fc64d64f9a3c084df2658d76,1
cba349479be1ad9d22de887037ac57ca,1
254908dbd8bb2d7279d5dc897f81b593,1
cbb702235ad267cca951499fa8475606,1
cbbc2be2dd13b09f354a19a987e05924,1
2563ea200bfce603cc25aebc666fcbf2,1
25640ad1216178967884d69ebe5140cc,1
256c61261c818dab727fa2a60d8964ca,1
cbe506e38c6bcaa995a8f629a4d59d22,1
cbe73e033835920bea2c769177237510,1
257f376a5d729dd35b042d4ce6088b1e,1
cbfdbf24b32d9aceeeff3e9c77fd9d36,1
cc03fe412a0cde1ba3de9ebbce01adde,1
2584d5fa1ac792c8c26168eca51bb4d0,1
258ee266f0b142b30248b7c57b56d579,1
cc21bdb00e05f6cf2c10126d69d1a7f0,1
25b6dee1ad3c218c030f73d5acac19cc,1
cc23781d58ff64842afc129409521776,1
cc253bcdfed96c5b54f2420c76434aa6,1
cc31a2f3eb3df109e2e7dba6b15da5d5,1
cc3c077967623f4d66b88f3388a206cb,1
cc3fa983a53e9876a42790033f06a9ad,1
cc4b51ca9b5ca05b7fd5337bddb7341c,1
cc5447118c174dcc6456c84ccb29e6f7,1
cc59cf334461196527f790e5c9191ece,1
cc63d91555437d9d8d9ae7bf007a1f2c,1
cc64f28b5d156587d478b9b1a876340e,1
cc696680ea0cefcd5d7d5d928afb8de8,1
cc6f171f96afa1c94b8ec19c80c717dd,1
cc74107a3eceb1b0c1c000edae5a8431,1
cc95f2435cc780a6992154d6a29ff226,1
25d2c18566cb8238ee65ecb9ac0f701b,1
cc9c93a7dc6ba4b5913c8f3fba62612e,1
25d33550509ed49bbaa58492c99b1bcc,1
ccab0a345f7929a38c73b0f978107e74,1
25d4f8db663ac141a7449e399287b4c8,1
ccb162ed569f47d83f62aebd5700d7ad,1
ccbbe3645167596bb592b1401c72c20c,1
ccd4cfb944386e7ad91065a63f650b38,1
ccd686475dbff77b93871eae4754526b,1
cce2229eda675cb0cb95616917bbb34b,1
25d5e7a4f8052c1843acdb8bf8969fc6,1
25da7af0ae86de644e6410fec1d599d1,1
25e48b750d3cf285f85f7e605d13dc6d,1
cd064963187616d33281791cd6538171,1
cd0c6e2f80f5a0ea7e366b01bcb66154,1
cd23ec4a774a11839255737299a05f4d,1
cd23f8469a90c62d99eb9bf8ad74fed1,1
cd2c0529e45020c77a7c05b4ef2408fd,1
cd2d21b047041ab1b899a91aadb7f9d0,1
cd2ea14a901da3b47b33516f3ca6929e,1
25f22b1819c44d895757e4799135c70c,1
cd367ee6a20bd1854d06fb6c41477fcd,1
cd3b8a153ef3be4fdbad9e011b7b35e2,1
cd3de1984e1a77b441e1b39b8e334330,1
cd3ec6ebbc74e6070297d45ca9dd62e9,1
cd442924cc287cda38d9de01d285b263,1
260007563bc92a855dc7c6b8806fa3af,1
26028d8fc5ad4bb87ebc3675d49b2ae9,1
cd489785324bc65510f5a0ea2382f1d3,1
26065e1e41411e39b249500b750e0e8d,1
cd4e24746b06eb6c6f01501e8c92b623,1
2610a3a6c0250a7f4411801a8cf376c7,1
cd59f488cef311feb633141ad1e8563d,1
cd6d8b8b983f406dd1b95e3c1bf8a8a5,1
cd70dc78e373501fa925b1b3195404f2,1
cd82271424be9568801391194697361c,1
cd89ce90d4c33b04851f90bcf1ec521a,1
cd8ae7bcd06f2f7a49f20424afa80f60,1
cd90f11ad61a8c297079c171ec8904f8,1
cd935d283d47f1050c505e1c39c48b67,1
cd974e9271f5d14639a1af02929a8be2,1
cd9dfd413f60d6cdb25aa4a3e1960e59,1
261244fc4d0197d8772346872f5b0f5e,1
261dc97192b478e60fd1318cd0650618,1
cda8b52b3a3d0574a74b18bc73da024f,1
262573ecc3b4b8c70a61fbc90671efa4,1
2629c2e1e3a0b360912763741f1bb7ef,1
262f65b4fffa70d0216e5aafde271967,1
2635c3e7db0ac6cb3e733cac61ce0ba5,1
cdc4af478fef19f03f1d0353c00271cd,1
cdc9d87e17ccf98f35634e6c3b77073e,1
cdcb7ac87f58c318640a7e7fded46a4e,1
2636a9812d151c718b53387171ce08be,1
cdd68c0ef3e507db79631336cf9ec285,1
26459570e7be02e4861603614f8043c3,1
cde89c19bf58d71bc836b1495a5ff123,1
cdea4f41e1d54465e44bbe45a31fc69b,1
cdf516ee3c66d21bf05ed94c812a2642,1
ce01123f60fc72dfaf1e9c525b0ba71d,1
2647221a6a477afe2d0268b378f1fdcd,1
2653c1a28e65f36161bcc73f0ca52727,1
265928225c1358e74bf8668ff65096f3,1
ce250e78def55ee3c4c8b8f708fcd867,1
ce3524ed518a9e6ad7c72872ed88e461,1
ce37d2059b251687831f016e8698725b,1
ce3f4e32708399e3b18c71120beff50e,1
ce4951e4e9e73626368438f1dbc05dd2,1
ce4d0d86fef2b1760405c82feea6bb7f,1
ce582a7aa032280b20a5f169195202e7,1
2661ef1d31888c2ecf2c878d1c85545f,1
26644690fde745fc4654719c3904e1db,1
ce710fd2f106cf7570a07aa47ee7395b,1
ce776bb92d4579d4ea61c2a009a2ab67,1
ce795d93828b601d26e3188a77eeaf0e,1
268feec11ba1349f37164ab1b833aae8,1
ce891a437cca2a74ce779a2b4c279881,1
2691bad4b1d8eb94ea5f2ccbbd582fca,1
ce9c3ceb822eff6638b2bf974da84b3b,1
cea1262b2dd1dd56c1b4f1f1c19b14d4,1
cea7edf64d9e93fbf6b89cc3ba537cd9,1
cea898bfbca0b5b0e7b36cecd350709e,1
ceb25e5f3be12c14a1c69bd9e9e0f67f,1
269e87010f6d5e57015a90b00983e334,1
26a2fb5942decfca6995cab323903413,1
ced65a7af145a0974ffb661e7b20b5ae,1
ceda8168fb181a91487d6e924f42334f,1
cedf309ce95b4a69d153dd219dd1cef8,1
cee13c9267bd4ee40fed850b5a4ecfa6,1
cee18ecddce7a005f805eaae4e1d160a,1
26a6aaf337b078349b5ec749be2e7a5e,1
ceea7d6ebaeb5a3620c2b43ff85dc13f,1
ceeb8b2d571b23399910f1b83980c973,1
cef16b173166d8d44b4fbf05b4b43bec,1
cef4f90ce027751d3acd18e554ca3e4c,1
cef67bcfe19066a932b7673e239eb23d,1
26a6bbf34441794b135d4d4642eeece9,1
cef9d587c2c31442c9b95eef617db1f4,1
cf0597239f82780f3f450347a36cdff1,1
26b2a480ced2900a62bb9431133e95aa,1
cf18e908cb8600dcd21a719db24c48d8,1
cf1d8e226162a1d0ad61f29b7ed72d82,1
cf2e64deaefaf68804258d3deef54639,1
26cb1187a1582777242a5907bdaae664,1
cf456bb1218805bf1c73525660a9f639,1
26d114f0b4f14f5e3b3db0e211019777,1
26db948671a4ad63637c2d2065477f00,1
cf54cbfe4e33bc8f7b34a65da576497c,1
cf5fb18f3ac3f373759295cc8ba3e2c3,1
26eed370f5b5e551ed3a9854d522a65d,1
cf67ebdec22e11186b2129b5852f981b,1
cf721ee27a3c0f918f7aa1fabe7c6815,1
26f76ddb0070c797bd15228e8e085023,1
2701fc4808fcb783d1347510b8b16698,1
270205bec6114bb05c09ed724555eac0,1
cf88e5bfdc37eafcb2130a618e815438,1
cf8c588a4b9b7599aa4807e78bbc65a9,1
cf96309600a89c51987b4786465f1be3,1
cf9c9be3acfd11d21417d468511f57b1,1
cfa14c9ef22bd6c41e20df06de9dfa76,1
cfa2843c6df5537243befd7c3553d65b,1
cfa2bd05555fbec9767d053b9e457d0d,1
27066995b777fb84dbcb25961fd6d007,1
2713c4903e61c6917363eb4a8533c16a,1
27148143d9c0ab0bb016d5c2775b572c,1
cfbd9afef85eecef5aecf32844d2bc07,1
cfbf1eb673c7eba9e2f58d9375e902b1,1
cfc4861ae14c9e9e7679355f863c18d4,1
27156b97658943acbc27073b5e3a3e9b,1
cfc8376b91d04c43d4431abcf28d51bc,1
2719b33ad5e693f64d333db5422585eb,1
271ce3fc018562e90257af8cd2af06bd,1
2722b86640ddc24e1374c2df1ac2a230,1
cfebc59cb2b67aa6a8c005c53c875616,1
cff0d5ff45d091f27fcc58876b8d271c,1
274669a78ffdf9398adbd9502e6c4915,1
cffb05bb50a95e92fc26bbb049cc8fe7,1
d000acae704b825c2cbf14a022afaf05,1
27672da99215b426dc0ced05731bccc6,1
2770305847be150f16eb0b25fa7c171b,1
d01361dc1752562049e33f0456109c7e,1
27761f21b03a32be1aad6ebaebddd747,1
277a12fc4d8cd5dae85d0071015bb745,1
d02f9550ee49a75b19c5e0d26f9756aa,1
277bf2ba07ff0451aa37701b45aad827,1
d03b85d1b98bbeb63b41182721312e17,1
d03e27d4f155991fbefbd25b974b543a,1
278b8ea38bf4c3a68bf163611d775a58,1
d04ae06ca1423cdc5bd50d87c0f7c372,1
27a8b41684f77dd86572fa185bc143ba,1
27b2556bcb57fc7c3dcc241bde88c5e3,1
27c0cea4dc76549f5bd124d9cad0ae3b,1
27cdfae8c8c8a703a13663e4c629ef39,1
d068b5273f2823a2b01f34b7175c5e50,1
d070415dddac66bcbc0a2e4f253c0f81,1
27d089865ecb267c190122ec1feddb8a,1
d0807c73a4a44baf809ff7bee3ea5c97,1
27dd6092aaf2627e39331ad9823b5ebf,1
d08be8dd645faa82eff8d59fb8c23ffe,1
27e3854e1414d1775e2cf19047da0c55,1
d0a8e8165e8cb2572836fd8c3fbe1bcf,1
d0b7819045279ab3714828e45975b0f2,1
d0b92134fa97a1ead038775a821847ea,1
d0c118c2509abde6fdad3d7bac3ebef5,1
d0d2f2b156caf4eecf8a6a9d25e52d36,1
27e90baf9d996277a5299e5d828be218,1
27ea0ddcb5e3a371b14a9ef16607676f,1
d0fe571ece70aecb0214567d9554486c,1
d103baa8d35783ff2772704ed17ddd45,1
27fdfad2c6a8f91606eb41ea396785c6,1
d10f7bc1a57ebe26d5994076f2bfa06b,1
d10fd5adeab7535975993cbc2ce64b56,1
d113b2e0de22329a327c5f133ec15914,1
d12429bcf1d0ffe5940f9df2a8761c79,1
2804f6c4f96a5c917461534b63faf357,1
d14c053e6b7bb2e2f819b1b4926f6159,1
d14fc36666bc80405693671778350124,1
d16a80644f464c2525a662b0567c281f,1
d178793446cf02a02ef715cd5ab14ddb,1
d17a8ef6d4228318ca645116dd6bea23,1
d1833b7b959fa2d25e6d970bda08f59e,1
282689e1e4c5d32efe135668c32b6722,1
2827ebfb043a328a13a06ca9165cad0a,1
282b126b2354516c5f400154398f616d,1
d19284bf0893e07e80c26fe4ad33458e,1
282d6e7d6d123206300fc97fb779d569,1
d19c5ff1a4d4e8b0558536d57cf43cf7,1
d19d6968c8fa843da04bf9c9d23c312f,1
d19e5d8dfe80f249d215c3e5f9a4b6d2,1
d1a7aa885550f1d6803bd8edff173851,1
d1b14769ad38ee9ef08409cc3ecbb778,1
d1b8f5983d9573c8e523b8c56a59497d,1
d1c2619dd30b8bc3c63f18ca9692660a,1
282dcadbd8c61f52f06a8ae802b54ee6,1
d1cf12507d5190de68d2269e8f935dd6,1
d1eae8696e58fd64c47a433ad605f2a4,1
284264387dc92cbf305e75ece3852958,1
d218a47759ef0d1db44044934909b88b,1
d21bf4652c855ccafcf94116891cc7ce,1
d220fdef3dfe133c5a725ee59ce99595,1
d2239567438e335a463191a43f2f02ff,1
d22751a68b1be27e8cc1e6e328ffbc39,1
2844b71c076b32af55fbbf2eb7e0bd9e,1
d23750d75ff07de540c45749fbd8de45,1
d239ed6ed6dabbcbfd8a3b776e1ca50c,1
285443086e6af2a43edcd6f0274585af,1
2858d6de97a772474d7ad96a894f7166,1
d24659126d5bbd0b1bacba3e8d17a978,1
d249623077b8906276b8d77ced95f8c4,1
28600a6299796e69bd5e7b4bbfc230d6,1
286095c794e49a9fe92fd5082c1360b1,1
28609f55cdcc0e20aa621696e53c7075,1
d26c068b20af66a9d7d3857bc25bae61,1
286ae430a4ebbf9a6048a42f362fa322,1
d274714b715480aa8ca7fca7d2524233,1
28763a4fd1b597a9c4f31a9579e7d1b4,1
d287e4755310f196c18e1e492064e2bf,1
d287f2c7cdde1081203fb2413e9f8005,1
d28afa86892b9020f79e6b0e01a7839b,1
d2922b1fb6b42799b0ce075cb0acc26b,1
d294bd539d8c70342149beb38b767afc,1
d2998d7ced12f83f9b832f33cf6507b6,1
d2a05d5e096038f24a2944fe6ddebd29,1
287aafe80d2beee0ac805deb436fdd89,1
d2b0f9cd5e31ed47dbf92b157c0cda96,1
d2b42ba1cc7c04d6f6e4ea54392b95fa,1
d2b942eacee4eac5f9f86c07ebe45760,1
d2bcc21c60051598876d7c58318682c0,1
d2bea3c01e172037caa99b2d138f39d0,1
d2c26c86faaf287263610735e07f1b3d,1
288dbc06591742c5d7fe90fbfb08943e,1
d2cd82700fc883c398ede93125dc1793,1
d2dd1fccea4ec5f81de1d28fe63e3909,1
289dfe89bc0d1eb6bea5a0a3bde85552,1
d2e8130fbec52f5dac0571ea1993f28a,1
d2f1cd931c7b76fefa93547cc1b4881b,1
d2f2c2b94c6ac44ece0bd0dd202c7939,1
28a0aebd7bf7ec9b31443c4cfd3e0f0c,1
d2f682fdb39628d58f64ca02d3cb580f,1
d2fc2696871ca6b94af5deb0a8d5590d,1
d2ff5f62363de6bace21676323900d0d,1
28a165dbe64110f22085544d7129480c,1
d3060c543b1b88a647cc284ed7a9dd4a,1
28a652ff04e43c1bc57937a9f8770f9b,1
28c8150eb44ec8106c8f061afd9c3e9f,1
d316be2b41acc6a122548a0d08570ca6,1
d31d37381e5760bb91654d898e9c1a73,1
d320834f42a07dcc3cf09805bc8c7001,1
d3257d83b50d04301c9d969a0e2ec4ee,1
d328fcf582df161878940a0edb77761a,1
28c95d7653177449fd4b6fc7adb63ce9,1
28d6d6a10ceb0636ae572e7efafef612,1
28d7da9ebe96bfda54aed060b68b23a1,1
d34761aaa1f96394cd795fd65e9b68e2,1
d349b106eb0af8ebe0b821baf7705208,1
d34b35c6ebdef211ce82df0f54bfa678,1
28dc766929435d5a8555ce85e2f82667,1
d34e5bf81263409f116d93ea7c9eda15,1
d34e60a899ba1091792aa4bbac4cc1df,1
d34ec3c23c142291062f958688a1b41c,1
d34ffc1c0b0efc09550c49be7eb7896e,1
d359ac1975cd09111b28c63352a88e18,1
d3648df999a7213c708253a32f095b53,1
d370e908175e2f3b39bb7fd33fd4c530,1
28dfc4b48aa78bae6d69b43b2742774d,1
d3796e73f7d260e45f5d5b9dc1c5a7a1,1
d389bacae4eb98af95b782dae3b7f03a,1
28e1646763656b0a621cf2b65c118da9,1
28f61ad35fb219e9debd750a73b63985,1
d394d30215872be4cda2c67c1ce5b981,1
d39aa436f0e832d11f2ea052ef6bc77a,1
d3a386ad58b99f0ddcc216ed9efb03c3,1
d3a746573dd35b279b6d0e3177496422,1
d3ab527ab0d134eb8a034cab8e52a589,1
28fe66c8a81afe9be7829f40a5fae9ee,1
d3b162a5b147714e8b99909d0f6132b7,1
d3beab88b06d8b7f89e83f6744861ee5,1
2918336685cacbe8df9a66e4cad34cf1,1
d3c4c77b75d9e3c3d4ee9b1e40591b04,1
d3d10495159bcc41173e3d26a273529a,1
d3dc47db6d5ab70560dcba1eee4d01ae,1
d3e1006ba3735c0d44160026b6e0ced3,1
d3f53b3b397407f469efd4820b1ce250,1
d40ab3a40d37ebabeaf061efefb4a40d,1
d412d78a36f204c033b6ec60d874bc75,1
291b39691d7d40a42f9e7d0920d9a21a,1
291c7fc5097e83062a4377ca30c6b834,1
293637be1a5ab3bd138fb6b758100e7c,1
d42869d5edf603eb87c4b4cb40d11ca1,1
d42c1eec0891869c034f031ec9b81ecc,1
d435c3fa55cfd37fa04032168ed59cf8,1
d43c65f300c5cfaae005f1f954fc0b15,1
d43e07c1d5416da3b79b74e7e8efc741,1
d43f4e32cbdc4fc0a825ed4020475c82,1
d44044e34c071272f708ec2e6fa3ddfe,1
d442547d29ffa7f96220b65fac2d8db3,1
d443be168a577afdf50d59932d3b78c7,1
d44b26fcb399a78808dc8643d991ec14,1
d452e9bafef21d2501e9bc3eb5e0bd47,1
d4548e7ab697993ec51d864766a8ea4f,1
29428180f6710d477f3c85fb06adb593,1
d4591f790b3b30ebc3cc132764e86741,1
2942938c3d7cfb0161ad93b80cd60b01,1
d47b66f4d980a10ae5c5aa2222928741,1
d487d19bd9ea9420465fc556ce17ef4e,1
d48bacc1dcd9c86bf1ed4ed2a303336c,1
d48c8d7a322bda722704d0ba7506e9a1,1
29446ebec998a09982353d9d7628ac58,1
d496f7647d2eceba04455a3e682c59a6,1
29608c81e9f1be14503667ecd1d35c63,1
d49f9f12cae797620ffae81f5cdf0f79,1
2983053977d2a69111a0a674fb7e5fab,1
2988acfdcc0351677a6a53f4f51b24cf,1
d4a9f03055ff0e12e1821a706f554322,1
298c21a512703083ec4bc4976ea99de8,1
d4b65aedaa1a847abd993dced5ed2e30,1
d4cec69b52f6c751bc505703037b1808,1
2990952a0c7c8dd6c64d1db4d183c1fb,1
d4eb057c3dd5e4c9513bb461e9bb8ae1,1
d4f91ac96799dc3d9221293e29892e30,1
d4fa4ad0e82fea0c12d7cf3f773a03b1,1
299f6d537aa695fad79a42bcf3fdd3a2,1
d5140e1d258c83a340419c6522c7da22,1
d51ac9dcce784a7cecedf34f4a983692,1
d51f8412df6df2f152d54d7bfbd07ae8,1
299f75185c7f6f9b711b15a5ddb77e56,1
d53fa4385b1c7af4bc099d079edd4b32,1
29bcbac6eec9fa5e51f01225e8004c93,1
d5766f73a7ac018222201ecba2b79018,1
d57df0660328af2e535fa009f227d575,1
29bedbfbe73ea473396306b4f0c010ec,1
29c02f0c592b76b958c77d85f4d5b954,1
29d405763934f77ce87d3cdad21b7805,1
d596ce99ed43dd6fd753b1f6c078417f,1
29d78eec0b549067b52a07635d049c8b,1
d5a19cc8a92434231693043e185b4c5b,1
d5abd3b28e2a7a0da8f0a4617f9188d6,1
d5ad2be418dec48e9d0c4745e431c384,1
29e4631be78811ab993ae12613053b53,1
d5bbfcd27daa6365834ed9d16195d64e,1
29e95a1298e19d0e48f89702c09c6ab5,1
d5c766013132edffbda7017835a9e2d1,1
d5ccbdb97bdcd82d309e35f10adea197,1
d5cf2d1224d6d3a279dc2593f5a824fa,1
d5d2996be7ea70ca1415d20e220436a4,1
d5d6b56db7971e5aeb2c676fa9821d65,1
d5d7ab11292e030edb97398b69235779,1
d5dbb4d9ecbbf2e312169e4c8f1b57f0,1
d5e382d902479580700a4694f5673dde,1
29ed7e120478b8a6ab3aeb253c6c7220,1
d5edb235c490c253cb971f0ca5a7af74,1
d5f006788a809ec51caf80f7d438649c,1
29ef8f163a85d31f5a88354c0007a6d1,1
d6062a139383f9f749121e67262ce7d3,1
d60ad4f168fafa0a30d6d5f03b6b7572,1
29f21b78dda7fd755d89ed7cb57ca813,1
d6183bc1d858bac539ee14cd72203b06,1
d61872cce665274656bb5ea30d2bd7b0,1
d62ed986672bfab13938e62e6badec55,1
29fffacd0907d0944b7af35086efdb43,1
2a0c7978182ff664a3bc452b7e5f0b6f,1
d6443622b97746fcd40fefeac38a9964,1
d64615580eb89e5d9a6ae0e37135a5fe,1
d64738c7b2e2d1778a51e835d8f02568,1
2a15783d3cb601f8d9a6a86806b037b3,1
d64e758afad411049a45e42c9a259241,1
d654b576d9c9844bd7f6468421a38f48,1
d655dc03de9b831ed22639631ab2958f,1
d65b6607952f9e0d705b1cbdc92ac027,1
d65fd7eff38689490b9831828dac8866,1
2a1e3c9dcf961bc044d917e9358041e4,1
2a256d1fd193c91de19036b7b9bde617,1
d66815037fba03ebe1e3bcb9967723aa,1
d6693a8a60b625f2c5eff7f475b5ed22,1
d66c729cd3b64c98515a18898c6b65c3,1
d66efed659bfd2df454da7f4c4dac4dd,1
d670c0f6be30a062ebd8f8612ea82d71,1
d67212d63e76d57ee86cec463681f842,1
d6771ada82143b0a04ba2cf7690bfcc7,1
2a3337404b573f113e7297f5c349db44,1
d67c3a409aba425d0b60555276bbefd5,1
d67dba1c3b73cd096ec52d02ba7f359a,1
d68b3ee8696e55f3c81a7d319bd1b44d,1
2a34e0af5f72ca6cdeb148377a247c86,1
2a49ec12c4a8acae6944c72a19359a5e,1
2a4cea102e8cd86bbff7d6c4f17a459a,1
d69f444e73428ff2177e524685c16d26,1
2a511952313989fa097fb038cd758dc5,1
2a53631fc50358be1034699a658237d1,1
d6b21712ba181dea6664f1b3e09d650e,1
d6b4d1a0d7b4224aa86e3ceff1d78217,1
2a66698f3c9f8708a0505b5ab2cb380d,1
2a71952901bd77a33530d79a65b13747,1
d6be8874a210252bd164fadd394d9e95,1
d6c2073fdc29a2931d1900fe474134ec,1
d6d5ec5325b35cac036b7d2ad2d8bc3b,1
2a74acb77e71d1cb27a9dd28cf95e561,1
d6dc2dcbb3ef25e47ef82f3c013ab820,1
d6e1705d3021546bd1e175f3f8dfe5b1,1
d6ed08469f23517f07ed6bb451361298,1
d6f3bd7b1fc04fb1a2effb51ae44ab17,1
2a7835ac39ba7753ece75242d290f044,1
d706b383dcd20613f06ed5af5412b4d7,1
d70c831282615555625658baeb52eaa6,1
2a7d1be78b464ce799d177a408e327c0,1
2a97ccde48b4f516a7a76352d03eff88,1
d718131dc0f308e7971d8ffb7c504e7d,1
2aa23c51528b71a1c9f2ce72f4fc9ad8,1
d720657d6b64788e2b9e29f9a07f5797,1
d7238572bdd6dc8facf58ab8f0e3cd29,1
2aa489c905e1d41d8c716a6d6912d8c2,1
d73068913476e74d4f35a6f2d5399ae9,1
d7324d4c913e7b424cb61675dafc8c10,1
2aba8662055d2c7e8d7a4ad797f27840,1
d73a7e3009d1b8f498a0ffd3e8ae6565,1
d761571f5524f788ce8a5797c4cd732f,1
d766964397625ab68a48b7267bf7b04e,1
d76b0c7f80641d892f4e650e74e4c120,1
2abe5f959812799488689885a0fa4cbd,1
d7718dae97c4e5cbbfbfc528873b43db,1
d7763817e6c04ac719414a48dd46928e,1
d78c524a16fe960ae8229034d4541469,1
d791e6e94247e3655aa849b1d4d7d2c3,1
d79c712e7afe8f0fd59b749ee1e4fc97,1
d7a389b75ee484bee049db1a54882b76,1
d7afbba2a75a596c3a917abe0efd5f5a,1
2abe986592541f0d9448fe0af86903ee,1
d7c65e924390c7178852ac0275e1022b,1
2ac0cca735ca6684053d28a17883b765,1
2ac6c3f94b62b0d60ac5b907bdb42cd4,1
2ac7c9339ff85fff3e1aee3eaf7bb315,1
2acce4db469045e8f9a863028abce19d,1
d7e446a8f36339b1a9d059d1237159c1,1
d7e7b1fc76e781313a0f5137d801951d,1
d7f8b7443f6ae5796dabe493521a1e79,1
d80fce9f775927c7d602c2de926759f1,1
d812b354e25b2bd51eccbb4c4e8f05f1,1
d8173f1b5264436afbac20af6b37402e,1
d81cbbaeb38bdc56879d408d7f607b0e,1
d8243785d7ff92726cf5c74caf11a6e4,1
d8342ac8b27a03e8d25280c296dfa830,1
d842f3ca1facabd1a2d292b593dc8517,1
d86936d170828ee19b4bac2befe8ab1e,1
d86db9a9e478ff057c0541537639a10e,1
d8707dd860f966067547d4cff53496f8,1
d87ee5661dc46c5bc7bc19780f6f8360,1
2ae40c35ef6620f730a55329d0cd3301,1
d88d701f11e14213198868c769856a38,1
d899300bb0834fde956e80ce7ca0c958,1
d8a314ed69c17df21051f28ca7af2e48,1
d8a77723111124b921fd73b3914e8cbb,1
d8aa9936fd75e2d1cac692da307ff48a,1
d8aead84c0ff5356cacb9ac841ec3a5f,1
d8c0c707d3724304033f593878cbf1e6,1
d8cabd83757ecf48a7d2628dee9135c1,1
d8cbd23e48a0683dba2f7a7b3e51110c,1
d8d04b94572126180be57d08fddb186a,1
2ae49b2b174231324f42d783f93d0edc,1
d8e94b73f80bea3c8c7d5cc257fbd4b1,1
d8f1b415091ab79b62ac80443d865ca6,1
2ae501b303a5a8e6f75c8c36f366b2d5,1
2ae94d219369eb83f204effd82cb9f31,1
d906996541fe72f17ffc4a1434994857,1
d90d7857e8369bf261bcbaeb9731b64e,1
2aef77073a11c1bb21ae9eabbc7a97e7,1
d91ee220c1b5370b26883cd0cee27b86,1
d9293c1e73be790ec4534dfe249611ab,1
d92cda0cc0ce2758750a52b1a1dad05d,1
2af11c7fa2cc165b8abc3a92127a2710,1
d934d5a5c12e50df26c0669f578e2621,1
2b0c892ab2b8e600a0b186db31f5947d,1
d93d759b483dd2545be204be0fcdfb82,1
d9471e8bbb843a2afe92def2edfb8638,1
2b104f2d1b2c3cc5a0cc98c1212e29c9,1
2b10e945dae5434075c8bb2be0d17325,1
2b18330ce86ae5c606250b75b499f370,1
d966b3fb4175fb014b8c120ac820a41d,1
d967e722339b5694c236717a78497634,1
d979289e78afc0a6bee40e1f9dabe520,1
2b1e141d70cf9e03eae19784eb427c24,1
d97e1fd728f059a776579e16c9e69e85,1
d9800a25632b4cca5f4207408c25fc3c,1
d980d3018343b03db51c3076eadd6f83,1
d9829478d893607ea2b8d26c7f546a3f,1
d983df6d3977955580e8585217b9ee42,1
d984b9203bd56960bbdda0bb7f05f781,1
d986e4bd747ca20b348abcd013cd1303,1
d9933dd922fa78131c80a6987a707f9a,1
d99526b1e4fa5f57b8bde34a7337b5ee,1
2b25ef4ad1788c0699dff628cdbbfbd0,1
2b404a26ab8bb829250810315a2af34f,1
2b4280ae2d10eefdff9b5e1b1a9ebf53,1
d9c32c8680c2426cade754f10d61e5d8,1
d9c379ab5377be590da568f41cd3c49d,1
2b5ae8fa7040dc2ecc8483150f36a667,1
d9e77a9aeffd10aa1a6f2d0ad00608ac,1
2b69866f22de8dad69c976771daba91c,1
2b6a4adfd7ce44db781519964309b7f1,1
da09111354db562f50dffb0476a96828,1
da0bb22eb8eb2bce31a3784570528efb,1
da0d0ec65596b1f14ff4c5d40bcdb452,1
da1c125a132133be2843076977091223,1
da1cfaaffa7720fe28f26f18d52f5ad9,1
da37b504ecf6099b4f8af452ebdab0cc,1
da5220901a7753c4ebfd78f339e051c9,1
2b6f9eb2e0273b74678d183b325c122b,1
da721f960c721a863e6bd3ccf8ebb4de,1
da7813106f94601e6022f50017299e2f,1
2b733cf37ff9af2258751a5a508d3e69,1
da7e1b2f8c91cbf61a22b55e8cd49bcd,1
da8faea5f69f03fce4dfc01ceee4f1dd,1
da9278e44c4ae00f02a965792a392ea3,1
da93a362382f7e8e659cfea14aa9b918,1
2b77f7be775706a00e4dc6e720c874a8,1
daa528ea6aa4a90c32c4a2ce98ee3a9e,1
daa634b8673533acf6639172bc4b2d99,1
daa7499d1e545811c843e8189cd30286,1
daafec509b3be08be40be8318dcd1b79,1
2b79d65ddb4051238ce31fbabc5763ce,1
dabbb10b2f36548cf2aff2993f4cf5e2,1
2b7fc5ab38be42d8f5498267d2ebe344,1
dac8681a7a366f747f42546e4922ad41,1
dad114e8bc5146e75d68b6f69867e356,1
dae7d137a7eb1a685e48c83f7952b388,1
daef10c972d7295283e377d5fd9985f1,1
daf84c8f6a77308759733b317cf20666,1
daf8adfbc53d524b875b71e3c16b653b,1
daf9301b3e3756d45250765852ed0dfd,1
2b7fd8137a4b6427e3547cd05d3aca49,1
db05ec86bc6eba7fe32b9c739d31b10d,1
db100173b0d57911a2ea913f605ca844,1
db1154ea7d1c50d8a5939a9f7fbc3b2a,1
db12039c7ff4e850d48e0312fa9b3473,1
db123b35396aafabb2d5b476557abed5,1
db1410474e61a057cffa687656918ddf,1
2b80699b25d49f30774b88420a36c55d,1
2b849e71ada03a262ef4338a7abd8b79,1
2b8db93524783231aa75136bb201e659,1
db34e1e6f14cc3755d9149fe8a1de9fd,1
db38d1338de679229f55fcf762f63d7c,1
db3976dc7cb7fe1be02a47a873ece9a9,1
2bb3e85f2a403543fdb64e266e70c792,1
db49506c4a19ed884c7df231e08c564f,1
db51982bc43b26164c29605b8ed140d6,1
2bba3a44641e194c111c2907c17ab7f5,1
2bceab103a1ed05128606476d59db128,1
db6065d633b0e40022ef1de6181bd1dc,1
2bee6706184be07ea6ee4221c1660e85,1
2beea058d80efa4403a56673a219352d,1
2beff60bb4c8a8f05065bce8148ed01e,1
db729c4310411c0be04a91785f063ea8,1
db7519522818a6db0f264d6b4a16c40e,1
db753afa921ad9943950ac46194a0031,1
db7c8db5c70ae474fb9caa8c54454854,1
db7e6804f1a8206a7e51c9a741a09d9e,1
2bf7ce28472c7ae94ee15e26991bc9b6,1
db9640150707535e9dcddb8a78c87104,1
db99498f1d7048253b27cbb54916ec1d,1
2bfb0bdbcea77da2879f0ef3be9a219e,1
2c0794594e639865fe2ff4085c935544,1
2c14830d33060649974768f49b7abd89,1
2c1a7a693a0c48d9e0327e9b6939bbf8,1
2c1cc48126c2bdca9e59a300ade4f1c8,1
2c24793fa7743021c907ec930fce14b9,1
dbda643f8da1758793ef0dab19c18688,1
dbdbf17a51049bf883b4d622a357b75b,1
dbe520fb381ad695a7e1f2807d20c765,1
dbe77c6f7f0935b442ef0c4df2ee3efe,1
dbf4588317c84ec9cde32b033de522e4,1
dbf47a585df3a9d8f0b5f4c125a2b8e8,1
dbf66e3a8f833012d2da362c443111af,1
2c24af25c0e5c677e7a345751b325bc7,1
dc0e42a3f768716a158834ab59694650,1
dc0fe1906bacc99199eb46fce442e1de,1
dc23131445c27852a44f8ad0d94b3d0f,1
2c28d5cc196e413502b3f8a4ed9aedc9,1
dc2bd3d07579e7f3b185c7118e33c33e,1
2c39101923cb753b75088d8b5d5e1c3f,1
dc363002c653f0cdc77f9d0be45fa103,1
2c3d5c816b573eb89b98ea7a7c1970a9,1
2c41d13dc2cf0e9c2e8db8952f0f3ff3,1
dc48030c42aec9ae7ec9757387ba4250,1
dc4a245b2972be4b4735dc079693d185,1
2c5ae18918caa7b9adf593b80afb9b42,1
dc4c70ae91ccd3ee8e376c073b377f64,1
2c71438371b35f7ce3c2511d6b0927e7,1
dc6217e7f9d8c15039ca95b702ce7e02,1
2c818013dbc95f5cd2d6a393a31813e0,1
dc68f155e986fb3c7550ae1c6800149a,1
dc6fe08afddfeb23ce334ce4cf5890eb,1
dc8128d60372ee4869b22114e3bc4957,1
dc84e20150e6742b653dfdd592c4bd42,1
dc879e9d6b20db101d5822d992f48415,1
2ca29ce3a9c64e55103356a459e97cf4,1
dc90d2a794a86578893c4ccdf6524d3d,1
2ca431a4c4a04c65e66c345e282d0a54,1
dc9f66a56b89e4278d921898a861a29a,1
2cb21a33326f4accdb9dcbaef4a46180,1
2cb575fc1035ae82e42117b10830f228,1
2cb90322408fbc8131f039ac650b87f9,1
dcae59c653ba99aebddbd821718e37fe,1
dcb7642f668e09b75d526454940124b9,1
dcbdf52239601eca861bf0d1aa598fab,1
2cbb8082b18fef3194e081fef415ce0f,1
dcd7a14115098925c83dd54daab99cbd,1
dce8ae5ccc379f3de517423fccda65cb,1
dcea59ebbc38fcdee1974bbe56dc3755,1
2ccb88cb2c4943230baf9a184b76b76d,1
2ccd049c8e7ea210e079a1aa8ad92477,1
dcf9390408cfcc20fbe35ae75f74d0c4,1
dcfe33bfae82bed3b1d9a7d15197f5be,1
dcfeedf441c38e5e7e58ffce194af2bb,1
dd0286e208604a3b60d3d0653981dbd7,1
dd0c5ce67727fde645d9a6c8cdc4970d,1
2cd21984c5d25eacc22b5b6d9e6396e3,1
dd1391f8da0f3ec40ba009eabfbffb7a,1
dd25073efbb30ed60eeff1b351b8e8cf,1
dd2a86c701f0442fa851c5391a5b81fe,1
2cdc0ae80267a6e170415f236fd1d243,1
dd3575a8c5e2139f680a9816a15c8f2a,1
dd3e280f0e4930c7234596e43aa4c6f3,1
2ce9e5390d425b70acd6b9b016c9ac13,1
dd60cac04e6bcbc919cb1c7dcc473211,1
dd61e943598eec72351633dd6a72d5dc,1
dd6a505f83dd3c6326aa9856519e0978,1
2ceff1056fe5bd4ee443433402962fa4,1
2cf9ec82c2ca858baedfb2c2e5c06b6f,1
dd7c7650c31d56afe11234bfd0a1e1ea,1
2cfd372900c7c65e4c4ed2ccf7a1cfd4,1
dd8af0fcb0e10a6618ebfeaf9a988a34,1
dd8c2302e75b8c69bfde7a67d2500a3a,1
dd8ca29b3cd0a856ebeef8ff057c1659,1
2cfec57b3d2ea171bceca7aef38d044a,1
dd99b3c94bf585d3a13a018e9eeed07f,1
dd9da9cbb4e0c6fddd01b0d8839f3e77,1
ddad89d4353753d93ac500b1caa5bf09,1
2d0090282bd77e1ae0f6336ba500facf,1
ddb6c5abf4328c9648eae0b4a41c38f4,1
2d191ba244bc61826d3c6c2464969b7d,1
ddbf57e4559f03c003fc3708d4860c5e,1
2d1a9ea0989c21fc3903ab08be09a4f0,1
ddcb7473fdc5368c019e3ef6fbde816b,1
2d1ff2e44c1df1b288d32c02737d6f34,1
dde07b9fedc0682cc6acbd81d92ffe22,1
dde21a870db774b452a7286b5e3035c5,1
2d345ff10108fba24af9fb50ba534bc0,1
dde7139085b54e2ea1771a2f9964d344,1
ddee1b747d9681ef016a78e77937e950,1
2d58f9383bf9170598663ad36c0859a2,1
de012eb8e2b6308aff160e7403019b6c,1
de12bf624c66b90ad178ac441cbfbad6,1
de13988b8f96fd17e7ec136da2638de8,1
de1573cfa183a3b9ef746bc24261a497,1
2d65aa8c163f7a8dca8c8f51d8f0e95c,1
de35b12d754d29dc6d48ae30cfe1c23f,1
2d6b812c811ee4ef384bf40877c73706,1
2d760d94cb67db3551e9a01ceb060161,1
de41aaf0880256b515a29b86285a45c7,1
2d771944d4a7dc7d95d974cfe4be96ff,1
de62b43aa8f2f2becaa227a4132b2aef,1
de6613726492b95ae1c23f0c2a0121e1,1
de72026142ffc78ea7a8d6ce739056b1,1
2d857ab2a090c784ad9de4c8dedac0e8,1
de75785dc5be712c4d4ed4ec5b422ce1,1
2d8f2be4f08788ee3bf5356af2b2ee6c,1
de7e97827841985dae27ef4c4769da95,1
de80c37c338574091896b7fdc81dc376,1
2d915801b31f1140810a5bfe56f40276,1
de845f191115e91fadc9624c144488c7,1
de89f330c497e12d2510c2cd2a48a29f,1
de916cab431520b8d1980c24bf4dd473,1
2da442c298a7943c6787953d7f42b911,1
de9305867467640bebc680708d43f27a,1
de984954e2e130136bcf8988bc973d90,1
de9c7592ce4a5f5ac77c2f360698d44e,1
dea0538113c6e4b96b4d34f5ad453075,1
dea3de7c4e7aa375d564fa2ddb7099b7,1
2da57168cd8fff36cb88b21369ce7e6d,1
2dbc494e29bf48dff938d3b939207504,1
deaa363c2aa7c56c84e888bb74cc7176,1
deb8261d5bf5744407141a9447fb7662,1
debefa981200019b8c4a45d0176125a6,1
dec0886d6479d5bdb56d856c501e01c2,1
decdbf117444f265f4400886439f5fd7,1
ded0fc03d15300415b27c4b3342fefe1,1
2dbe02c3377328c5fee48abed03d7b25,1
2dc0d95288983b8c91627bab326284ae,1
2de5c479fb0c490a0f2a2f3ab36e71b6,1
defb79b2269c0fa7bad01b2635aff113,1
defce8530200d29d2c50f4ca66400e06,1
deff29051b7f3eb939ef8bf8ca0e85a2,1
deff454ecdd9cb013e9e13a32b1b41e8,1
df0c26d7ddb998e2517658a55e46e48a,1
df1d7f15348e965b342ce28a7feba374,1
df33ce690c4eb43954b4d511302ed033,1
df3a82b424a1bb351c314547f6644066,1
2dfda1ff7f02fb76576e5961ddd85e38,1
df44d84f970884476b76a32ddf1ace55,1
df480c7d3f979093ac4c2d1109e78289,1
df4bcf4a328103951507064660c445e9,1
df581a0b9a4bf71da645a0a3d5d2b4fe,1
df6a5d0fac12bbc9f8655908abb5711f,1
2e0725613e75303bb162ff2f58f112e0,1
df7dd741f55a686edccf22700954e1d5,1
df942d2cddab43f5f5f2869bdf30d924,1
dfac3332b44b66ff743d656e76231b95,1
dfb1a850d59b126de9fa01dcde19b43d,1
dfb8e83d3ad8c5ce34db45b25f755b46,1
dfb92838905ead933a01256a80edc894,1
2e0d7a0a2e12fb5ff71b53c36e0ccb1a,1
2e1963427978dab49b4bcb0a07b109cc,1
2e1b5445dd65296e510e3e8c65ea7071,1
dfdd4a0d706e50d74a92d5d31bc16ed9,1
2e1f117f6901eb865cc19065c77543f7,1
dfeb944b00d6cf42f80ee3b42d831ab8,1
dfec64aac9b864b2807a7be33222b75f,1
2e281b1a8143fa9ed84694fe44d66b3d,1
e002889aa3b0026aa7dd040d8344a14b,1
e003753295c13f3c5e1cff06d3728fd4,1
e004a3b7f9524967fdb68bb70f850eb0,1
e01a5a164be7867f7684c14d2dc88865,1
e02758c6570548237ebc9fe75b4701fb,1
2e2b9bfa91068239d5fb2b39764b92a5,1
e049c7f13358a63cf7f6ceb45a067a81,1
e05fc6d940189fe74d87ba8091afbdb6,1
e068431664ce238cade1160a834a946e,1
2e5c0bb27fdd53873a033938b91ed656,1
2e64d11879c5bbda600381dbb5452a38,1
e070a61270050c4b1b704300f331cca6,1
e073574bfbfbdfbe59454d8474cad673,1
2e77d6fda1a0aabe317689c9f6c74266,1
2e830c73f28d3b8542af03cf2637dfc4,1
e090b9bd2ef7d60d3b0ee3399c79ee3d,1
e09134e776e503444db67bd5b239b56a,1
e09cef1f7f2bc3a9c9d996608944de19,1
e0a35b4c1be73785b8637ee21d5dcd02,1
e0a36dd15c245dbe1a52080fd6d048b2,1
2ea92fab7565c4fe9f91a5e4e1756258,1
2eb3c639a21ca3eeabf2ec13bf7bc46d,1
e0c47a145f4748e4d7a418502d65aa35,1
e0cd006cb0ccbbf5e501be0df7c1e5f4,1
e0ce26ae52c9ab0b8c8e42129d6c1996,1
2eb6e8f39feaf75fc5163f774d38f0f1,1
2eb9b2ef7c1da3c7b99702452ea4729f,1
e0e63d6026e52ac33331285c082de442,1
e0e83e0b538dc1d9a1c6568d3a94034a,1
e0f99475a79890b9adaa95ceac17c1cd,1
e101ca6287658a6104e804774d56b871,1
e106c818f2f2e0a830fa2bc5c09076d7,1
e10c5041c0752194622a7a7016d8c9b5,1
e11092e9722d1b6f8c18cd8947a1daff,1
e117ca2a90cfd40b93450b0b60f834e4,1
e12569a1ad365c9f77fb1ae6d5de26e8,1
e14736de1aa61cedecf657207bce5ffa,1
e15014500e7941bc3fae1757c3cd48ad,1
e15cee02291017f6f12b4115ffb417e6,1
e15f2eb4bd9c94996e56cc76c1394361,1
e169dcec1f41c7d588f6648886492792,1
2ec5162658b1b4db8fc79e9fc88a0b1f,1
e179287439bd1d5490f51fae398b3ba1,1
e18a4f01146e302c11c4ae7a99dd349e,1
2ed4ea5a5394cfcb0d052cdc587fc78f,1
2ed52188df2df50745b4f6a9b0fa1c06,1
2ee2275c98634bc4a8a6f86b4b08b549,1
e1a1aa3724c9cfbb07a6791663c2496c,1
e1a5774894b0dcbed9a61bb82b96b3fd,1
2eefd8ed7a9782380fe14a1efdec7418,1
e1a91fda8eae059cb6b8150856ef23fd,1
2ef0ffe318f7bc5fc4a5f25ca87200c5,1
e1bf73a530f7e6ea9df12e1238ab7600,1
e1c0a39b7f806727ea5121c60035ed3c,1
e1c3325750402ab195a7759f01efa494,1
e1d1d22e9f8122a4ec1533b032c12562,1
2efa6045e8d94172a5502d33e578656d,1
2efe79c475e4c22430aedf7eacc830ee,1
2efe8f5e5c3b7327473c75cf2f11bb02,1
e1ea2e133d4ca99d20c365d4e3173989,1
e1ecd7384e97b1ca3f7b1601c78728c9,1
e1f24e88490db8f0fd2d3c169b130d0e,1
e20b58fe57d487f33247e6cc1154eb9c,1
e213c5845d92a69640660dfc8e9a987c,1
e22a9f25f31fca1777a128c2655bbdda,1
2f02a124a827f65bfcc0baf443dad405,1
2f0487d88dafacc1e64b8ab65820f96b,1
2f0b48ed3b5553d989aed89a6fcd9487,1
e25503c7eef89bea2baa2f73beb8883b,1
e255f22bd6a8498835b009609ccdcea1,1
2f0f230a6d1c2189c346d0992df870fa,1
e25f22a38cdc5a14a51ade281eebd0e9,1
e26445edc4d665a7950a4b60461fc58d,1
e2652b87f51c488f334f7f4f0b2ca935,1
e27477bc051dcfafd523c6064551bd25,1
e27c4dd075a521097a085bced0631ce7,1
2f1507d615de7f4f0e73e3be811ee6bc,1
e27ee8db52a19bcbd0129dbbd2286d69,1
e280caebcad1b90e624d461e53c2e800,1
e282624d8c82e04983f125e167eb4521,1
e2883845d83ecea7f341705fafdfd19c,1
e28fdc5f658be194523b68dfbeb186cb,1
e2961afb6ec0f6dc9220d37ff20aaa82,1
e297db380aba505a729f00cd61b149d9,1
2f178dc91b792930e1ff40a77a123506,1
e2a874b1b8340b4038172b1925afd914,1
e2acf075e3634e6f0c26e4e88c1bf9d7,1
e2b8ce9f84328811476c63fc9a49762f,1
e2b9252181ddde232e0bfb68df262610,1
2f20a2013902657c0800ddf524514e4e,1
2f2242912bd9f5bde4a86e128e8905d7,1
2f26beac326b9a10741b8c59f00a59ab,1
e2c843e2762213223f21e0206e3b9d9d,1
e2cac69b319c0f8a21dbf04b925121bf,1
e2dd0cb9b99517a86cbc9441cbb55348,1
2f2eee65fc4cc4a5ee8362730719d290,1
2f48e99df2052ce8a7d14855ea40e838,1
e2f3f7ec8185e5931ae0faaa63175ae8,1
e2f714fbe2ae1f8ef2d9827295ddc972,1
e2fcaac49de7a3a90f0dc74d7b1e9f10,1
e306ca54c91b21392317d5b4632c9fe3,1
e30a6d4fa7a954f72a0392de4c613243,1
e30aaafe45e34ce07003ef0cfcb6e49d,1
2f494871e1d55c5161e63a5cc3f3e983,1
e335de70c68d7f9f46689babcec7f1d5,1
2f5a77b383b92f864e510f156de82337,1
e33c6721bcdf0d089860c6c1cf7ad5b6,1
e33df02e384487f2bcd3788619f89215,1
2f5e485bacfeb554bec55cd497c9bc51,1
e3425df9bd51be69917273c9dd92ed5e,1
e344e7fbb51b08fbb06076b02f457dd9,1
e34f7accdfa3f3f2ab0c16db77858f6d,1
e350532acfc2ee911b6dcf1029dcb48d,1
e36d6f9698990032f410888ab17c2d87,1
e3735b32b9df1055b996a9dc680bfe27,1
e389381479408ccdcdd406d8d3049e45,1
e38ae1121c1566bb56b728d8079b2d75,1
e3968a0d1e607b271be1b000ee1a2d8d,1
e3a23a99f074226ad690393a840c3244,1
2f785af0f4f132585052347521b90b29,1
e3b4b906fc11fd64318e4923a3d4594f,1
e3baa4e51fbac37d48e70a8544895c1a,1
e3c816666a7d2a1e7fbf02651e550b78,1
2fa0dd76935b81bb4fe9cc959138758d,1
e3de19106e36f3981c320553135a6610,1
e3e0c67c30ba9f25ab3a0f8e293737ed,1
2fa39fd27e11b59399565257abf255e7,1
e3e8e08714c40e0101bd225f06bf4fef,1
e3ef50d542d4e6477fbcf202a02ef040,1
2fb0efd1f61f186ffdda9e8ec70f27f2,1
e40c39c560a2473e52cebd2ccb0d7969,1
2fbd6c502ff27429087a4e30355f37ef,1
e40fa115d27ea4a80bf2136d5f0cfcd7,1
e411491f59e292ac3d3cf9d9d79b3313,1
2fc854e3ed45da2c8e6031bf79521203,1
2fe1e09df32992e9e5041a2671233e20,1
e41d4a95e33026918bd9946d3185b5bd,1
e41e130eb1fdd3eb4906ccf2ade8a86a,1
e424f69523d159f82480c01a1ebf9f7e,1
e430b2d0b990d419435ab2803b430fb3,1
2feaaa695779a79fee913868e992fe61,1
e4568ff2a2b3b7249d96a870f3563c8b,1
e475c947d2287b8ea1e6a90dbbae56bb,1
3014e35fd70fce29095ced5cdc89f4ce,1
302ff907f751a6ff40456ba47db233ae,1
e4985e03cd939f1a9f81c65e949f1688,1
30364952b2a2bd659cfdda1b5112358c,1
3047d2ab7a976a0149292daad0acba79,1
e4c0d69bafff0157f574aae9a147a8c1,1
304fad8dc4d2012dc4062839972f2d96,1
305307f44f730d8ddd6db6e2efedee64,1
30699bee01692428398004b3308133e4,1
306e6b5dda3397e4a9312f94d82565b5,1
306f08b921e16b00a795166ea8edcdee,1
e4d56c64196ecb182e719d9bacd0628a,1
e4d6002d3e034177ea1f31aa222cc722,1
e4d66ba222533f24e4d74a5d4c4846d3,1
e4da15679c5e9692e847a2912c5db154,1
e4dbc5980f1159e257a31c8eb4ecd78a,1
e4e5cbc0077aa2c7aacbe435166df909,1
3089d427128cebffda89d3c8fd04fb90,1
308a7360ee2e0ecfb6aa7708428692af,1
e4f7023069a24c2297617d935f783a5c,1
e4fad067efcea03c66a5fa661d391603,1
308e13b4417e92c76b823160001ad012,1
e503a0c255ccb611962015bac936f938,1
309dd69eb83cea38c51709d62befe1a4,1
e5130ccb07bdb4424ec93754a54c917f,1
30a47cc354b9607076272300c899dce9,1
30ad9d2c8a8e788a606a6c23e07260a9,1
e5196a46c6c0e0874d6e41ed149dcf20,1
e527af42fb2b8d253e47fdb6e7af7db9,1
e53588854973a383ff66d64f0fee88a9,1
30b426aecc4e322e14030c1f384b1763,1
30b6868bde148b4c71716da3f1cdd9e3,1
e54464e95c9fb80e4edefa0ba49133c1,1
e5658bcc41cb5f1d1a0b3bde488c2f98,1
e566f2bdd9521bfcb63047b4ac0cfa2c,1
e56f102e763165e7e32d0f9955f8ee4a,1
30c7af0662527b13c438094b5adeae88,1
30cd699c7958f8352c9f479572eb66ad,1
30cf0776f894ba06d8c30bc552330a90,1
e59aa08eee1bd7faa765a89aab2095cb,1
30d755143f7313a7c3d24f936273dc19,1
e59f9160ef2e37fd48efdb84a4c30126,1
30fdc68482fb0487e68aaf09260b22cf,1
e5bd04e8e3cb77f1a49404d588d3e528,1
e5bf6ab312403d6e8f45bbdb48fa2fd5,1
e5c50ee10712a01bfed9854a00502f8e,1
30fe9c818bb5746a839886f256329d5e,1
e5d6523f4cd63e1347ca8407deda4ba3,1
e5d860a0fff2e94bd1a406456cc6c4b3,1
310ae3c140ff94b03219ad0adc3c778f,1
e5e4c79bce72fc7476860916c1a9dd18,1
310b40ec41fbfc061e5309006482e68a,1
310b993294194cea025dcc9c23637b62,1
310d46301bad5f6b27b3638b81d9cc99,1
e60baffb5636b104f06ecd9aa28e139f,1
e60e632d39df1e129df5b7f0245716f7,1
3117effa9f933a3805a309706e949af3,1
3120b244fb6ccbf5e91a53148ea1bd88,1
e61f95fe83b531f0d8c152b6ad798eba,1
e64a9b6ec4c7f4081be3a5f7ce77d6fe,1
e64e3a0324fbd67bd7a686ffbd144c07,1
e65ab426efaf65e083b917d2e9eac80d,1
e65b39913251ab86cf511c314f8e70f8,1
e6609e94d7b022fd6abf6142401618f9,1
e6666bfb776cebb5e0e1cdf2410f7490,1
e672fbe634ad07cce9d85f412becb2c0,1
313b2b462b7ebd82e290eb54b10e8a69,1
e679677773e55e08f289ceeb0115f4f8,1
313f8ed3413f949a1c0eb1cd6495ae5d,1
e68953b4a25cddae1b8ead360800fffc,1
e68a066cb80e14f049aa01ede58bf0f6,1
e68a5a5626c4b1bfc5ca78202f898300,1
e68e475e0e1fa8744c2aef0f9864d679,1
e6a4a19d87a5ea827c2da90f28433450,1
e6a516eb66cb5fa9e8854ed738bea934,1
e6a8a1b25dccfe76d339f9cd19be7779,1
e6aa64e6ca59df52c7bd02829516f6e4,1
e6aecce54cceeb87adae7bf84dc0f468,1
3149cc41e8223dce87f99a27e7934730,1
e6b1fb4c720a25db36b934075d87b42a,1
3150c2690393e7ea7c2b3acf2479ec8c,1
315c6373ff469f7b7f60bbb36c319f7b,1
316f27506e0f2a39700f801e859576eb,1
e6cca1e56d395424edec4a6346b5d4d0,1
317a06884480d645d7f0bc82455ec277,1
e6dda41a730b1ce01b8c9add1d89317d,1
e6e3140cdd035e915d6d4a9eae2ccead,1
e6ebef1aa6feb022f534f7c73de98b01,1
e6f927322d3e315ea72b768b52126b9b,1
e6fd80a00ebb1a3e0d58a38555fbbf2c,1
e700f78051f21e58845305f537628255,1
e70b02b0b99965f2ff4341de50a35c5d,1
317ac060ed225d07050a819ca208d66e,1
e71945f8dffd478e4437a68c5d257763,1
e7261ba9b589b73ac45411a15058403e,1
317dba41947df9cb9fec77921ee2d22e,1
31945c8811d04df20bf86224210b4084,1
31b69c5458a15ce93c1f3b25276514d9,1
e74468fa3b2f543435a8b3258fbf5f28,1
e748f783e8fa7129d8541dc5ecc507be,1
e74d829aead9632c343d367969aec904,1
e751ef808163a46290ab3b4cbd70b6ad,1
e7593e3c84b3302e1531a715f1ded8b2,1
e766d04f4dd2f3b88523f2f67ab80e2d,1
e76828e87d341935c7d4e9f26420cda0,1
e76a885142c73e17342e450b79b46d40,1
e77303f7e13ee5a4ec287783bde94c70,1
e779bacfeb19183e094113948eae40e5,1
31c4950400b8768b84197f87c5ee62d5,1
e788814dbb6e72ac15d42d8651324b56,1
31c50827b6b5d0f51d61c8b2aa98f6e6,1
e791baa02d6adf9cbfc62e9b78fe91b9,1
e791e580a2421e4471aebb0629c705c1,1
31c954de261f07754040a8fa2529e95f,1
e7a6e03b3e02c37299f6ea8398a08629,1
e7af40def3d91115bb8006a1c7525ea0,1
e7bbc0d43d1f5cb09bab95b664236633,1
31d22f91c17551712034a105e70ab838,1
31fd02b02c33827cbde22902cf80338c,1
32155c6d462c8ed99e97be6be884475d,1
322c315bc0661c64fdcab7a70dbc0354,1
e7ffaa35a5caaca3366f5cc5705b5fb2,1
e806247d6aa5e86da4bbbd4a933e0b36,1
3262a0950995f2a891ec1fdfe6f5a133,1
3264eb8097906cea4af2f4a56e2447ed,1
e83371d8afd820fde9ada3e2ae12f4c4,1
e83aa5bdff2b1da49a8a8ebcabf3d66e,1
e83e5f5ff7ef69f7a09c848795df56a7,1
e83ffc00431d0012a217cd47b42c78f1,1
e840aad8112818661548fda5d12653f2,1
e8452a21116fc579999d65cb5279797a,1
e84997d75938765ef99930f908ceedf4,1
3279fec9ed308116c0546336bf7741f6,1
e855e71e84e8f333d5f82f54e22fda48,1
e857bc338b00787f1a6c91938412823b,1
327fdf75bf08afa5ea0959ed59dab2ab,1
328818bbb9f31efcf6a2b39ce8724ab6,1
e86ea175305909ddc0ba25650b2cc7be,1
e8726dba146280f6ac62eddbf22d71b0,1
328de56b9fe359835173118dee79a12a,1
e87b2200e1df21f624eea3e9bd087dc0,1
e87c931c62c20f4b62ea85af5e22538a,1
e87c9809c13acca4246dfb2fdcaebbe1,1
e891d4a9622cae3b9fc2ec558bda155b,1
e89672a9d3b43c622e5301b36eb87cda,1
329c661807f085964b1877bfeca6ff73,1
e8aa7bbd775831bc6bdc900a9bf5d75a,1
e8b0fa506cda44528a15318cef8a27a0,1
329ee774172a8dec4ae65b229f2c73fa,1
e8b61f78db501ea0ca45677d1ca27de2,1
e8bb3d53d12c06cae6287143be1ce7ec,1
32a34bd511db826f5e715e0d5870cbbe,1
e8c68ed99b73a85e2c22388f4a702bc0,1
32a6743a58d26480b6aa3850856286ac,1
32ad146ce66014dd98fdc2190bc995d6,1
e8d7b12572b213ba22acebb8983a4615,1
e8dca0ae20e339a356e9d598fefc3be5,1
e8de73291c6283e59972a8c25edf40be,1
e8f22df5fa5b454907286aa61d6216a8,1
e8f2a49b96a3da4142c6bb44902b1d78,1
32aeecc02aa5adcb7f75155a80a47836,1
e917a4c1765b98c448b7e4cadcbd0d36,1
e919bdbe0314f5cef7d86707f9d89c1e,1
e91f30f35875789d4b7d14610aa88c15,1
e91ff7c20ffce75705b28b2a7e7586f1,1
e932008cf0ea7c93a077dd8d7e5f49eb,1
e935787651bc6a165a8bfbba20333630,1
e940125d0a3c309f58f41cd21e39af06,1
e942040a23d73eb3598f59fccaba7df8,1
e94df75b2e9a8b056be0c144a731f55c,1
e951fa511351528e83ebde739f059348,1
e95d807bbe3bf3e2147a2ebe9168b7ec,1
32b2a45c7698faf599ad250c65f6f633,1
e96a50fc74fa04fd6f23b324d87a1a81,1
e96dedd143090ade72c86bf486be7d36,1
32b2c8b108d24d0729982597ff9aa62c,1
e97ee7673459375fac14fe9a01a64e6c,1
32e18e89237933ebdaaebd78a27e7fa1,1
e9ac2b2354311e87d669d5b722995010,1
e9b2560544c293e02f2b966041e10f24,1
e9b3cf27d68caa64832c4a7c460abcb9,1
32e390b4e48d09326cac6e93679160aa,1
e9c1abcc7126360336d8f56d49041a8c,1
e9cd877ece530798c06b7f8d31b631e3,1
32edb2bfa4cfffed1e335945b86bc872,1
32ff30bce9752963c889b69a33b0e84a,1
e9d5d95031539a8b32c057e158db4977,1
e9dd44f666af26b50ebdc7eefb56877a,1
330144665b875c2b4555f88d9f4ed7c1,1
e9e1e0a297e5a8f045e8c0395c4c745b,1
e9ece5b909d4feee55f77a610b262367,1
e9ed063dacf96b73a9567bf943e5f708,1
ea11e700a343582ad56e4c70e966cb36,1
ea13d597910697c345c5e41c59512986,1
3303c5bebf8d9dd9394a38501c4033f6,1
ea20f928ceaa7f146fe62a0cc8413ee5,1
ea2d6aa9595ad8927759e363f8210825,1
ea3214a6eab15e1e4c9c21932e74b607,1
330a8a8d810e84c45bf6fece44e082c8,1
331a9e69c95aad991177b0f1ef85a261,1
331e79a28ee5afbb321a3146653085f2,1
ea413ac4e120d19ac3473fb659db1c9a,1
3344f3ccc35b04b81d8cc2aefabcbcdd,1
ea4d2100b24a14263ce28be19889f035,1
3347f12bccb00487d0d9aec54dc1037d,1
334f9a7bc70ecefea3a1fc7dd1c7ec76,1
3362ea39c2b9a88dc82f2cd6f6838bcc,1
ea57ad56367f3fecf63fcfb46d33f3a7,1
ea6617ab48bb467d615214e7de71c864,1
ea67eaa58dd8d9cbed64f9ab00b224a6,1
ea70c7ac7beedf6663e1ddbde272384a,1
ea7372593696ba29709de6d6d3092f48,1
336b5407e252cac6f4e4270979cec8ad,1
ea768069ca084e95a752ee7d51a8ff70,1
ea7ab4d3d8f539561e8078feaca6ae07,1
ea7f23122fd317be5901ac4a467d3c6b,1
ea8b738ef7a9baaf574870d6041ebf52,1
ea922d4a264635e1c479157377deb623,1
ea99388f66ccc3a78b6c2d7725184b12,1
ea9c7e08863cdaf1e40261c8b6c005a4,1
eaa26a34984cbfedc19b1e45f09f3c9a,1
eaa3fffe22b0b5efe02db64ab9d3bf84,1
eaa57ef2c6f400e0ca6fabc628ea1cf0,1
338bf1554cc911be551275c6c6c396c7,1
eab1309765ca0c3ba5c2ae2b85b28b00,1
eab67bf937aaadc19f83383a331d2dd9,1
eac57d7040ec6879d14da7d9eb35e954,1
eac611ce220f095680e35c1c1124bcb3,1
eac691ff8062bb3ed4f465466245accd,1
33924b6ae648c8e31d519ffba03f161a,1
eacd30c806e0bade06019cf94b657d0d,1
339dea747edd309d3de1cc833cd28137,1
ead266a05b90f4ef77c8c3469bf89e3a,1
339dfa68c25548e53903cd44e090f28f,1
ead72457c58dcea14f94c2223c684716,1
eb005badd08b68a6361449b18b6e13bb,1
33b9801fec06f14bb7d33af01769bb3f,1
eb15361fe97df32845dd225073d56db3,1
eb2498f29ee056e0a742e299639fe2ea,1
eb2d12bc991561d4ca5deff0e60854e4,1
eb2d962076aa9c2485ef20775d7ca6b0,1
eb2ef5be3d5deff674149b9465d44738,1
33bd1a075f35400643129b5f3d936845,1
33e77eecc23c25a65d10f627e5053617,1
eb46bd8f6499638557d2daf6874d14db,1
33f6041c8435ede933165b29f240531c,1
eb53f94fdc60278efcef123bb275658a,1
eb551aa4ed7eb5e2839d5b7d2896bece,1
33fac76e7f17367dedaef7954bbb33b4,1
eb6913790ee61d3d4d8dffcbbedea827,1
eb6b82b5e0758b2710c52ef65ffad74d,1
33fb5f691f9219b5d60d856191aea6a4,1
eb7fae76f525c0a4af365291e609685b,1
340e3e28357bb29f7612c86c13d9729a,1
341c7cf0d9806592075c3090658f5c81,1
34239894e175b17d8c84edc6c73b4dad,1
eba7488e1c67729f045ab43fac426f2e,1
ebad2408485504e930678ed1af88790f,1
ebb12274522d82caa7dca657873b2ad7,1
ebb132e52ceaa1001756409f1dd0750a,1
ebb7ccdb2a728a4188759bfa3cbd1fc0,1
ebc714d9f070a89f4d411982ea9670fb,1
3439529926df110506c6752e8f16d358,1
ebd511983fe912346e316667a05c5cf9,1
ebd7c847c1e1cb69ec374ae0ebee1f4c,1
ebe145f96a8e34a7b947389a2d87192c,1
ebe4b53f756dfcecfc539faf8ec0df9f,1
ebe731afbcf530cfaa1e5260be512e9b,1
ebefb6072c2491dbd1d5ef8a76d245ec,1
ebf19d90623587fde1eff2a222d8b177,1
343ebd86f51d5d5dc72592030d0ef74e,1
34502b3a0c6af7c9b8bce8a8af0aa048,1
ec02a5d380128f7a188e9ce8f3ddd832,1
ec165cd31c50585786ffda6feff5d0a6,1
ec19f9bc37a920964abe324dfb169c68,1
ec22e13f6e6798a040b5e4db9d434e59,1
3458b4c1fcbe46e2eedb48e00960a60e,1
345ebf31824c3871cbb94c377190d6f9,1
ec2f95440d5e5376e3a25c8106f5ba76,1
ec529a51d3a0832578dc8ca51574d2bd,1
ec53d5cd09b1dd78aa48a7d076fc51b1,1
ec56aff88e030dcb3b2be22c96ace90a,1
3465048c898b00affaf9ec533dc95351,1
ec65faa314338306f45b04be616eed53,1
3467600ef392560b5ff4e484d3a5ed20,1
ec8514b52ebb78103c68fddbb2d9f0a8,1
346a9c7bdc6236d95d5efa3ddf0866ef,1
ec8cad139523a58066a27ef934466932,1
347218313fef22ddc3bde07fd578b804,1
3472b106bf41b1e7223330cdfb8a3673,1
ecab3fa721d1b06c225f23c30f02eb5e,1
ecac132b51e1c9c36430c6f9be9903a3,1
ecac1d187a5eb579329eb27d3e4d636f,1
ecb054d15ac79df23f143de21d0dea23,1
ecb4c7c604905689ed8075d75c012acc,1
ecb5b54535b9954dfabb3bd16f3c567d,1
ecbd40ab57460010c6e9454b586231a8,1
347492a8e06a539c0861eea7e527fdaf,1
34774dbfa36fdfe7225c6c68293b694c,1
ecc10d287641039c31deb3a2873215e4,1
ecc1323a42fb16f485902b43aef03a03,1
ecc7db31196f7b009d734aeb1e604ef7,1
ecc7e6fab3b3398b08af2baf86214af6,1
eccec1984cb1d214cc91f3168b113958,1
347b87eae9fc537319fceb5bf22d22fe,1
ecd5ed7617a3120fd8951a701c93f9bf,1
3488d2ce36e718097c1509444289ef7f,1
34aca073a68b7ae1d470940db997c295,1
34b61264ecf24043cc09e6f4dbf6c0f4,1
ed00c79b26683d1f8d4a6df605efe886,1
34b9bda637e469b293f081fc33d7a094,1
34beebdf2b189075548689f23441ad50,1
34ca28e1d0a2055f325d4275bad02073,1
34d25803f90d0109da75922858aa8aec,1
ed3d4d9d28256f0c6c2af63d199cd720,1
ed3f40dab41c0bd6f688e3e3f846b893,1
34d94359772f0bc123b585b23014e311,1
34d9466efb839455c18a915fb8b92b1b,1
ed46d1fbd7bf78ce79910c09fb892abb,1
ed506becc3430a3a6331df5b4c3eaed3,1
34dfc6386b7550503bd2e582ef45d041,1
ed5f0d58e27cf65a07283c251747936f,1
ed61f9d2b8837c3aeebb563b7305ef78,1
ed6e17c5f34a20c7569b6ac2597ee223,1
34eb0685663d60e57a9ca086c8e33423,1
34f7bddc98259b62a001644be7928e43,1
34fa176b8be0f1b6cdd8730dc3ce178f,1
ed811f9c4ce4994aa221a2b3875666db,1
ed836edc15625c202f6ba85dbbe95c3a,1
ed8ba7857b8c1dd66da5bf95ecd166a4,1
ed996a90597b8541c387ce93622ac44c,1
3505d914958a72baa40d2b1e0c56cd29,1
ed9d81a5043f74cbe0e3db315770af45,1
eda9ace7ea76f19d80475c07f44acfbe,1
edae5a83fa229c8a7ec2d4730120bbda,1
edb0a8739ce7457ff4767a85d6aa92e2,1
3509901ff64b893ac034805e4ebc7dd6,1
edc5fb7cd23cfd91367038801fd55ec9,1
edcda2e50aadade37544f55a8da52207,1
ede30543a08093f6211aae6c721fddc3,1
ede3a5776408c6c0b78be7f4d8dea50f,1
ede477387992b401ee287cea9d913e3b,1
edfad7f99606f1d6beb6de0cf0ce60fa,1
35099f8f045d9d26eca4cd4dfedf7320,1
edffab3eae08991a067c2c7664821661,1
ee0324bc19887939d7d0fcfca68ee955,1
ee08e2b1f2f38ce754c804780c6a048c,1
3513bbea7a2bd5526aa2be8f2f898a70,1
35382d3a4938866b6dd534f2d6c18763,1
ee188b2353254fc5117468bfab1e789f,1
ee2568e85817bc2c070154cec07135ac,1
ee2a647f1a4639468bc1f9fa3de2263e,1
ee2a93be95200d2260dff46097db56a2,1
354a74f657f4d957f2a0e5b9ee1eeb7f,1
ee37349d258101b9d573a256d1401ff7,1
ee3cfb33869693f2a7e8417c795d8cfc,1
354b4462c54cd203759f94de3b02b4aa,1
ee3e94e918d05a5da04a4cb547e91dcc,1
35537536ed2b4c561b4018bf3abf54e0,1
ee47f3323aacfeba9e122400e5200fe5,1
3554200c1d7f3b4b39a0ae68aa1c0a54,1
355e78eaf102f03855b48498d1b7e996,1
3560cb23f7a6760dc967498e22caa460,1
35675af4fd3065f5e56b6d609ae385f5,1
3589d24a1230be423827a1c139584dff,1
ee7b75ae9c945d4775460a67051036db,1
ee8138bcca833152a19543702228ee26,1
3594011e47b2648b3719447aa829a96d,1
ee8c064d6aa1ff4a130e616fab03e284,1
ee943329330e459c7ef1508e2d308412,1
35a64b909964e4f4ee51ef5899830ecd,1
eea1d0033f3735c72d0501fdc2be0437,1
eea25b95f84281753d8013ad279889d5,1
35b265fd684b08f6f780239bf05a390b,1
eeb2d1e155818957df60a76fc47e75a8,1
35c5886c8fb424305569a555df688541,1
eebcc3eb19bc7e1f39fbc982e864f919,1
35d41a97fd059a6bafe3f7c1fa00e718,1
35f00e354f3d048167beb8586eaf031b,1
eed58af018f022f0dbd193a8e81b9321,1
eed5cbd74fac3bd79b7c7ec95fa7507d,1
eedc7b3fb1b94864756336d71f04efd8,1
ef0045bdfc1b559c7695588c4bc324a3,1
35f9df7e049ca5ca029f70ec5392e51c,1
ef1c671d636510846d72e7aa3af1e0a5,1
ef1cd7db4d53e9ab7517ec9d4aecfa03,1
ef25f91f23e39577fa6ddf93103876b1,1
ef294607deabb11f3a073420257ab579,1
ef2eed3e42cdbeedcd515745b23d7ccf,1
361009da0572b0d1d961d347f10e09b1,1
362052fcdf7c9e3596a0a6c97536cdc3,1
ef4f75a1e1266944f1733179e963d4be,1
ef4f89f8ee26b84496a7f8e7dc76029d,1
ef60db8b2f868e7a61e59d80cdfebf6f,1
ef61eac41af4d480bf8e6c728136397d,1
3626035966a7aaee90d68108caebd386,1
362917ef32b7ab0660f1d2b1111396ac,1
ef7352a2d8b4adc975b83c8e8c23da5c,1
ef79ec374ba852bbced7662285946619,1
ef7de0bbb0e0b0110c270e9381719761,1
362e37b5c8826ef516a607cb5f99b8f1,1
ef8856db4e302ad33dc4d91e40f7593c,1
ef89d382c9cfdda69f4da6f5873c5eb1,1
ef92defde845ab8450f9d70c526ef70f,1
ef9ae4fb9a9005e8e463cc2616084276,1
ef9f0516d07f695fa0eae9a8169c8fdc,1
efa00ca4229c1a9fa813fd0a872cbb1e,1
efa490145b5cc82438b6a6de691535fa,1
364db9e9154fdb4355992287afa4f774,1
efaee69dc1718675b7e89a537cd0ad89,1
efaf96097dbe32a78254739ee35900cb,1
364e789259da982f5b7e43aaea7be615,1
efb23bb2d728864f9d7d3cdad802ca87,1
efbb1aa8004b5afbe175d7d6ce557342,1
36826c711e5778c8d88a7311cc29c446,1
368645a47a15770520ad12d9ea77c2f2,1
efd7af8312533d58ccb5ac26304dd3d5,1
efd9689d6ae4ee9111b9b9f8b0f87f12,1
368ab9ae54053acc2a79f2e9f5fb4cbf,1
3690ffac39b2896ed64f47bd701a9666,1
f01058850701fcb9d8f652660012b9ec,1
f0228b7d0afd1deb81112d8e39023bdf,1
f032eaa3a45e2f8093255251a93efa70,1
f0354861ab19941a53209c2acbb1b604,1
f03db1ea02e265f0f1a5ae2a5e0984a7,1
f043e249c55c1ab30bd9761c2294911f,1
f046f5847e49bd22fcb24ecc59572165,1
369440882015b4d57e6f077771c3411e,1
f06301dd6d54c3e4300920991f2af380,1
f06eacf8d7279dfb3018a75f7ce08840,1
36975c1f4448337cdf6e23093b943fb5,1
36c1e7a02219b5d1e56743473a92e895,1
f081174cf4cde1e4f75cd45b4518bbe6,1
f087c706a59c175468a1a05c5d2305e5,1
f087f4a84fd8713553be68ac8964a70e,1
f08b29913c73e394bc8477b1e69f7762,1
f08c59bc335a381d2b015c4efdc6dae3,1
f08e8a22fd29fbb0b2b09c220758575f,1
f09b7fd613031e630e7b5cf9911c0318,1
36c2fb4fa746273709c373f6d6ec6796,1
f0b543161e745b6c80a79c368db167a5,1
36d2ea35ee407975d70fcef78e16e3a8,1
36e76b21975cb010ce431815283898dc,1
f0c093c76173e238666bd40e2bf6217f,1
f0c1c1d5ec61ce4c4846abd4283631df,1
f0c39c49847d1eab4dae5245694acd3e,1
f0d1b9adbb40033054296d0ce2581aea,1
f0ea71b6e2ab4cb3bd8f5ba522a25a56,1
f0effb9347ed5787c680f4c756f0bbdb,1
f0f25035bed5ba1a75a678c0f9f09190,1
f0f34793b31e7353a0d77fed40bdb196,1
f0f3c686ec837b27ec9da08762d85317,1
36e89a9ec56f96288ea7fbb266132288,1
f0f719ace174d68fdc838d8d6c4ce26e,1
f0fe4af158ebc28426b794c0b54d3df1,1
f10163ef5dd01ee5f3622b750b64091c,1
f105318b219b352b992001c976c847b1,1
f10f55939660d23138e46c72acb7498b,1
f1101904aa253b3812582e5df6cc09ee,1
36ea81e90d1292dcdc3ad8abb09c20fe,1
f1261761d91b574288d60a6390a007b6,1
f128effc5b8e4d1f23069c06f855643a,1
f12a26f5ddd49ba9e1bf0ec9d0239326,1
f141d3e2ffc848525d220f5df39c5415,1
f142a5ca78eb112cafbcf29f9a43eca7,1
f14aa2ba817ef24ccf7f99c0ccfab59a,1
36eabbbffe429d2997d5bf9b40695335,1
f157fd58a4c0909428c6a06675bdde11,1
f158c89259d05ad3364be59f73e753c3,1
36eef04eb938af8bd108b4e2753b5a95,1
f15c46e2da924b1fc76fe638911262bc,1
f15d45335c602ddabad8579eb1d8e84f,1
f15dfa318985df28b020ca9fa88552aa,1
f16d9c6688f187efa6ce353d689d85fd,1
f177b434709ecb652dbee4f4b19aef2f,1
37165892660e2d231f643fbd2e88b556,1
37244e10d8b612acfba950f0ef0be093,1
f19d1f3b037970f5f9f1f3dad8e8287b,1
f1aa9d01a0ddad2937f722cb61abc03f,1
37246960437c4a40a03c40f0ea2e957c,1
f1bc55c22d7212dbec2c6d63e38f577e,1
f1c5eb59ca7aba7c4e5f0e3095473f8b,1
f1c63584865d7d4f292a49a10f238c9b,1
3731dd5544cd9646d73050e946641da8,1
3732271dbc064b3c2c372c5675c914ce,1
f1d4ce8c6dd66c47bbaa8c6781c2a923,1
3736d232d7b439822cdb4cfee973fba0,1
373a617610cfa1c7e1998fb1bfcdd51b,1
37470d84427730445b3b251bb796d528,1
f1f0860095cfa6521eb73bd997599888,1
374ec50a47f4522268202535a9b0e821,1
374fb6698c278b6af1c7b7c8fb95585e,1
37688aa1d7a6026150febae63af9f98a,1
378e13082055394b5a1607162398a207,1
3798521ff8982fd9b5a3e026676b7707,1
f20a0bbd61ffeff9d684961e2d9a5be0,1
3799649bfcc7821635d757a711ae7357,1
37b975d07892522e3022d5f87abb097c,1
f216457c32ee07732482741ca33128c6,1
f2317e7dd5b1b4dea36595ff6db6f14b,1
f236d6f238239abfba8268f427d07c33,1
f2399cabe080029634d12cec4f60dbf0,1
f25bbb88c1a219c21b1af6b99895b960,1
f25de2089ffdbd1c151d1e971b67a928,1
f25f304f0e7163a29c271960a6704b0f,1
37b99aa22bbac19b2a4afc4b2a958a53,1
37ba623c5ab34ea8b964009a10e87126,1
f27aff266ad97e75d4a24c893b2c311e,1
f282b8032570cf3ce692b8ea7e1b6c53,1
f285eba83f21f018d6cf58aceb1a8285,1
f286c2fe211df4102919d0bed084dddf,1
f28b94930035f99d65318418b424750c,1
f28fd17099749b33b6e5081515b2e797,1
f293394c72c9b5fafd7023301fc21fc2,1
f293514e0176006f3af40d473cf24a1e,1
f29675e9d91d8e0451ced31708497904,1
f29f1a6b117a13d500cedb9798790dd0,1
37c1807e0414c64365b34aac29e0d186,1
f2a286e75c6c6022c0e7242e12a39079,1
37c3932ee8a101cbabcfc597e92c26af,1
f2b67cf6ef88cbc9c2f3e482f558b318,1
f2bcc887769f563eb4f126389e64715a,1
f2bec64d5d795250be5e5ec2d38a19b6,1
f2c9d536b8a34c1b35f443f31290c2ce,1
f2d3be8d725ab19aae58ceb837f57897,1
37c4c3f162a9549087175b1391df2f02,1
f2d80346f1dd6986e9e6611db7b708aa,1
37c599910c4de68c0bf1af0c6428ab1c,1
f2e9bb932d99a4a695ebde162fcefc35,1
37ca4ae4320cdda8a0ef625049f4cb88,1
37cc742be07708b53a98702e77a21a02,1
f2f80444318155ff4846edcb98aa8697,1
37cdd2e6cf19b94999e23e10cc95cdde,1
f30de5fdde000c5debf03cc49d782249,1
f30f863c9a7488715d627cab44ffbd4e,1
f32415d23c358ef1e387a7d329d9ce9f,1
f324dfdc1e7097c078c8b2e3fb1dce0e,1
37dffde0476450e75dae423136954b0f,1
37e4c14527273be66b84b8836bba463b,1
f34152d311875e9da480bd51f495155d,1
37f05006248fc8b0d04270ef02d24406,1
f3466e14c29ba0ba18ff6362c94ecdfa,1
f34aa01a3fe4306c96dccc1256bfa358,1
381169576b9f3c083a1c3261da161a3b,1
f353779abb6114db5f8f79fbad12e375,1
381c84a4eb64a931d793f69112d5a34c,1
f35aa9afd2173519c54e97c6b28a52c7,1
38273c03eb0f88327f62c1d521260623,1
f37176efea4bfd72f257552d84235716,1
382d3a69f930988d7ad77f78f31c0944,1
f382fd2265b83e4c7689c1a6dbf74ac6,1
f38475d619e1481e8c2a3a863be6f49e,1
f38ce47371f868581f8c2df4ffa47fb6,1
f39288f58793ce5e6985b3f7832af88c,1
f3979f97b4913d696bbe9c7c425c5e4e,1
f3991b3a54d391003cc570bf3018505b,1
382db2ed3015c04d4b844d2a0712494c,1
f3a0e8de0d8bada90f638dd837416ad7,1
f3ae4b9a1e86b6295ee5b21dd0943692,1
f3b5bbdfd20be94cc96583501d2819ce,1
f3b8bfa5b86249e75e5c0632acc0e82e,1
383cefbb51f1c8bfaead6154724b06fb,1
f3c2d01a84c947b078e32bbef0718962,1
f3c39c81e52f6b07a486fb78d90dbfef,1
38462186c76afb66be5333598ba583cc,1
f3d1c2c26a2b8f3398af192dfdef56be,1
f3d2cb3d6e117a40abaf754e4d2fcf8a,1
f3d7339839e02f580fe8fca5755e0e25,1
f3dadec221142e379d7113915c1d0fa8,1
f3dbf072e817667fbde052aae313cce1,1
f3dd572f31692bb5b6ab21d2af0673b1,1
3865cc3c59d3375d97e65b938d9d25b3,1
f3f77f4a417da1f06a6e0eb648d20a87,1
f3fad6d734fb27bf8a548562e04f9a5e,1
38678a5e13a692f0688857023bc46db6,1
f40136f242faf929007cdb238c302208,1
3868f82bc773d8de017afc65aa1fd803,1
3869f6f786f62c6b885593406506aaab,1
f408131193fe9da16836115414229012,1
3879913e3a462abe3be99c14310898b5,1
f40db27e4f52937182f6294988231376,1
f40ef461e35cca158e568c17293fb5be,1
387e781bdd254dd8821e6194af0fa8d7,1
f42229541a6335f3ed5268439ea9f414,1
f422d0d9f8b5f7c27289382b14b61248,1
f42ce455e63158d56c2323bd054270e3,1
f43650d60d36b1668f6e5dd41e27f2f6,1
f436a5130457df6b73cdb2c12a90ea2b,1
f4507b5a3e43bf8841e3c0a0b3348fa0,1
f4562f701031e9ead90f426761bed162,1
f45cf520fba787f057d57c5c8138668f,1
387f1559343d513c4383bdb99672e431,1
f4621f8ad6f54a2e3c408884068be46d,1
3889a02f55ae9a5e5e321c4a4d2eee64,1
38947803f4effe2c45539bd71b509529,1
38969df72ffea063ee2905f51b08d428,1
f49e985b4cb2d0543890d6dd00077663,1
3898ab895c82d9286015bde372510180,1
f4b3b257580c1430e51d71dd731273c2,1
f4cd030cd445192809e17afbdec67f56,1
f4cd1164757f2f82e7f949e9ba129664,1
389c7d7f59a980be2afbe84d648cd80f,1
38add59349dc5b9c3effc6b93925cb97,1
38afdf723b95d455b418a0f57d623c6b,1
f4f63288f5e6ff5cb8262bdfb626c85a,1
38b5079a807bb9f22ddfa46f929accee,1
f4f8823fb84272f90fd1311532effb71,1
f4ff31c676834c31a24648df290aa349,1
f50df3b65ee30912ca3e462971e1334f,1
f5116e3193e18d1633b17ae5d58e35e7,1
38c7e0727a11964ebc52a23bead7d4f5,1
38e24e4d6dbde6523f2ffdfe01ea09ec,1
38e28b7814d36bc84b972a75dd7c5ce7,1
38ee4d10d9cc06446c5e830df039532e,1
f522a110bd19cb7c8b5778828768f342,1
f52a0f70e54976873a4a7402349c6105,1
f53c1d686fa4b8fe84636440f7a772da,1
f548f7c6223594379d2301a187f3a9e2,1
f5662ef809d3a6f3f5b0dc551aaa819a,1
38f21c6fb55695dbc9bed247687a20ad,1
f5878588566e438fc92fbe0cc38d4cac,1
38fa750a3a3b3204f169c86a3284d387,1
38faaf77a4cd4dfb50ea8512e66285b0,1
38fbdbd0a9be4733e29cd1afe360e23b,1
3907f392eb7a6ba1d75fb55b28f7a27e,1
f59b09413cef2d29c4399a4216bb92a9,1
f5b11b51f8a211b6f304a2e351325384,1
3918bb60ff48662029ca9f1e1f7b9842,1
3932e37f1f658768ac53fbe680f145bc,1
f5caa36f71f444c6508c84818cab5641,1
393564b0bcdda0d8c4ada9d780ebcebe,1
f5d8fde6bbeab928266d4cc80eecd701,1
39377e2d331b8af5a19bc565215e3a8c,1
f5f0b722d7662e8939727fb49e45d046,1
f5f0e64686adaf487590fbb8a75a1d2c,1
f5f5b024b9de6f4bef611bc8b1e370ec,1
f605c14485b0c4f34011ee7658887ef1,1
f6085e99db2df10f9829b6193314615e,1
f6129fe69e08f8a94a3ab1e72d9394b6,1
f614b080b510187124d5e964cb35584a,1
f61f6e53f9c6d150e5e48919a25272d1,1
3949e64107312670dd261c3d6edbfcea,1
f63729cf4441fe64282cd1b82281792d,1
394e7e390f3282732faa3a73a6033c3a,1
f6434e7eb6bcf886ebd61c123c5bf060,1
f64673cee0ed4c2b137d08a3dc4e855d,1
39731b928af43b0f49dd60d4706e403f,1
f649a2fc406930962c1cd7b147497a79,1
f65464750198350b78735037a9b35dd2,1
f6574524b07d5bb753bab6f35abe2d06,1
f65da4eafdfa856de29dc7392408dd0a,1
f66b96cde4302b883004de82e17734b0,1
398eb7af23a74b3470f90b1744a48697,1
f683f3a5d367251ac1a86404f15615b5,1
3997a6da5a88930a92998ccbf98adf32,1
f68980d7981fcc92059f42a4fd82fb38,1
f695f05f9b5b47de78cd7278d748487f,1
399b5ae65ca9680e1d5d1b314439e4d1,1
f6a00327e33d86dea4cd7175577dd8b9,1
f6a4cf51bd4911bee9e0308879e005fd,1
f6a84928571f68635beb0f5c9333c6f3,1
f6af9afab66b4968cf9c27dcdfc42047,1
f6bbece0c618d7313bbaf6fc919149b8,1
39a39074c35b5b8a466c85cf1d5b3387,1
39a7355be858c501ee022aaf6461bccd,1
f6e3aeb40c00aec24ade8333c2ac1b20,1
f6eb9d00c16e94859a66c68eb8b66bdc,1
39a9942865c056ed2006a5e8c11d9537,1
f6fe388c9bfc145a2790437f1e4888d9,1
f70745e4fa89a660ef5a526eca67aac1,1
f70a5d9b1b6d4fac3e2b7da556700b33,1
f71050e65776861c8c3ec7a2d2b0194c,1
f71156bb4025fc2944b25e8b6f0efec8,1
f7186d0740a850c2f73f4b67959336fa,1
39b146e69c32ffe0a469e95a71585843,1
39c077875cf3aa49a65aabe97ea0c0d8,1
f71f42e2381752836563b70beb542f80,1
f727147ccedba9da38dc2ab8b496a444,1
39c0f867b8567f91295186c270767552,1
f72c05c5dadc3a4e05bdc5a92520f66e,1
39c4b45f85d57630198b4da1688c13a0,1
f734cc43e615be8b85d014e3c5b52a3b,1
f73b281f7f5e628817097f46699dbe83,1
f744418ea0467967ce11d829d1f9419a,1
f75b94ae22e65bec6b67d9652ef8387c,1
39d59339955e2699fa814a6c6bfda024,1
f7684280fac20a1c9cb683d7ea7d9514,1
39e2a9a2f088b50daf806b7a7e1aea82,1
f76b8eae9da79861cd75f86a1020879e,1
f7740e5b4337a3cc4a8a204553101a85,1
39e3d246a3edd7b9ceba203155c1542c,1
f77e97047148a84a38320c4a7583a594,1
39eef1b4d9ab7a5a121d3436b03ce7d3,1
39fda099b9edc21f85a80d14021579b5,1
f7a5131ee6e422257630fe35c9b7875a,1
f7ac498363699addc5ff78eadee46977,1
f7b0ee6d481a76a7bed4f0a7d574a6e2,1
f7b99d8ce1193a2e5979b3c1584a5d08,1
f7bb503725fb4d7bb55301d5bceba728,1
3a0016b5206c460ba3c5987018fea822,1
f7d4df9b0dceb85f4a856cd61da67ecd,1
3a002b488f85e2b30838e413c9241f18,1
3a07f82957867a5eb477dc7f2f60c2aa,1
f7e2c966e1db5f57d218c530464c38da,1
3a09301261a624d18ce3c338fbe9d225,1
f80152c36d5600aabf3bf06bc8dddf8e,1
3a14e4f8d0d1c5be2acb3cd00d9c8047,1
3a190a87d4cb405372538cabe41788a6,1
f8151230cb18f55f6155136134adc842,1
3a1d765ba460f89749b9db2c1889140c,1
f81cb4720a94848a6c7627ae0473bcd3,1
f81d3acffbaeeafa6f2a1a2f6d4a41ff,1
f82d1ebd3649e6b83c2d0f611cb5c540,1
3a33c980b62eb1ef3b8ae61b6fc6fe55,1
f838e96e79703e5e94c13c86609530c5,1
3a4776f99a3e55bb2489252ab56253b9,1
3a48c5b0b294fbbc416b0939e69f6f09,1
f8488487964a266b12fb259884c862b5,1
f86ab7cb275f6f3343848966310160e3,1
f879fadd73c7b81f0b278dacc880cf08,1
3a56185b0baa8dc98beef8ebba000b96,1
f889fb87b505b73de10c18b93352469f,1
f89594c3583443e5e0d464e97284835d,1
f89caa3ea4fb5f7b6e7fb2bb4ba61881,1
3a621027279799b05b8b6492a92308ca,1
3a64d31450c3b7d6451627e5fad88d77,1
f8a8f05a35976a91aed5cccc3992c357,1
f8a9ed2d85e69c00f817d88ee3de7333,1
3a65f793b3e854ca1f31c6d7c636f117,1
f8c6a76085bd3b4341cccb774b554c82,1
3a6a0247ced9dcb444b46caafdcdd368,1
f8cc518b0812bb0ee889350296f284e4,1
f8ddde5f054858a4316860ee89414db1,1
3a7c9b0413d7b9cc7f4a18318fc5afb3,1
3a85491e291016cb452b9b8e78c30ddb,1
f8e7c2967bf9d85f668c88eea4f9f029,1
3a92aca3f76960cbae25ef2496c03e09,1
f8ec436ec93f73848b48b8e0e5fcd335,1
f8f5e2fc20dd79d9f322fe9522fcd77e,1
f8f6fd145cc00519283cf3100477b2b3,1
f8f93700c26007f74716eca57d217cfd,1
f906dbac60e535e0e5c313eaf7c5bfce,1
f9088946a1127f1713187e8d1e0921c2,1
3a95236711511b32855804d3a6287595,1
f9146f84a0ad9aa621d8c51735f5610d,1
f9182a0ca4e95b38186deff41198a333,1
3aa3fb2fdb16c7383879e48a574fc8ab,1
f921da19d229dad9bf3a94e86e7f7f32,1
f9259c9e7c0f12c70f7a81409680a5ff,1
f92ffd606b7b4417f1b714ed4b653e70,1
3aaf169c291f3a9e57cae0428e82e545,1
f944a3a652d3ee586c585e3f7dab8a41,1
f9624194634737145e6066d831213df8,1
f97194491a605b1d0e50d631e443cb5a,1
3ab181ea2f9cc4be74bad27ef8a03492,1
f97f7f15dc57882fed36ae1dc9de8090,1
3ac29f1f25166dcc60b97e65d9a5885c,1
f98f1e2ce655ba8f88a8593e80243cca,1
f99c1a9777ae7b608359a17bf3436d90,1
f99ce7013aa19ada4d59500e664e8a53,1
f9a26e326cd01165ff614a519473afbb,1
f9a508234fed38c95437c5a16b847774,1
3af48a958298d5d4663dd1f5237b7279,1
3af5874bd2429ed183a5445d1432fcde,1
f9b178c9fdc90bbcfbd6c6b49ed47d4c,1
3af9d305a8389f5badc664382683a532,1
f9bb291280bceedf7840b89e1e75b89c,1
f9bcf9d8e89d012d7dc24fe4de0abd80,1
3afa7dd2f0f5984b7949daa0860a6448,1
3b068029db5363533440150014d95d9b,1
f9c972fb058194f8e948a46e6c611ee1,1
3b17f6528c9e2a01b2f75f844a60ddae,1
3b3c3503539e7f917eb57a8d4bfa69f0,1
3b43f7794dc5da533ffd74ebfeccf539,1
f9d32dfeb09bfb527111ca6c7a06f2ee,1
3b49d2e893a8c98d11a3cb44dc7274a7,1
f9e5efb845b51d764b06f149eb99fc7f,1
f9eb0aeafb5aa02dd5889376063550b9,1
f9f260f8a0d16df18bcc7248495d779c,1
f9f899bf492ac59cf645a6c93eb91e05,1
3b4a72dd3f5ecc82d97d6a54725952ec,1
fa06cd5fd01faf457f064d3073ce893d,1
fa0f67a3f3863f19d435a00ecf0460d9,1
3b4ea3aae09e99353a54922da11954c3,1
3b714ee872338c6248d2f51934935f2c,1
3bab56924ec762e9340478909312d5c7,1
fa243e761ae871597627e917611eeb23,1
fa2de9e6a52f697fbd74ddbc2c15b16c,1
3bd016185be10ea4b4b2baa6e7dd9e9b,1
fa381a4a9af65ea5fc8f3829214045f9,1
fa38811cc82d393bddb9ad0b9ad96e2a,1
fa492e5afb3ff3509a164a53e0f69153,1
3bec03860f3782ef8993056e01b8229a,1
fa711a175203bd0dad2b1e39b4551a89,1
3bed6bc2893ec6b0858eb24e4ea9b371,1
3bf486d35e1a39e53cffdbb457ba4c50,1
fa814ebf85f1640b2acea3c4378d40f9,1
fa87bc5ccdd8ea6e54117916e485cb48,1
fa8b90b254398a181c77d51bae41eada,1
fa99f765b9d185e1726708bdaf27f8e7,1
faa268ecc8a8434cb4ebee091b3222d6,1
fabfaca40872eacb2fdd24bc37a01232,1
fac45b7ba2d8cbbf4d7ab67256745106,1
facd7264a689baabdce2373c4feb2dca,1
fad534edb8f35664713c4b766fa473d4,1
3bf56e26b61ad28e0d04d2278fcb7ba8,1
fadc89c2a60ff96b18827644074dfd70,1
3bf5c74c4cd6c31533bd6abf7c3d5a13,1
fafb498dd2f33cbb55cbd0f7d7706047,1
3c078c878d44c18bb8c02acc54ae25e5,1
3c0c25556095f68ed9d05df570c9c587,1
fb0467f650186a474da44003e623a3c4,1
fb09ab0eb676b60b254250a28fd46e10,1
fb09c649a144a9dfd4546612891e1f11,1
fb0f28746a21895329509c8b45f9382e,1
fb10e89a4e9198e408db587983f3eb9e,1
3c12235c1a1e288265d89f6ab0ac50cf,1
fb18a1cb28af3e0832439bde416a3407,1
3c139df1bbfd2c48c110bc9ca5d8c133,1
fb1f078a066428f00c1d71d6b9df3ff8,1
3c169334e3cd4e710ef729a014d38b2a,1
fb2f2ec90b4ee90ad257bbf89d01247e,1
fb31d5d2acd4bf37057330c1a96af712,1
fb3ac05315c8f4a1b54de74e098ef7e2,1
3c260c3a756ae318837fad7286073c77,1
3c261802e239d1f2dcda5ed49aa14220,1
3c28d10ea65fbafd9792027334cf4544,1
fb5652834b0fb807ee5c4767e303e4eb,1
fb64cad4aa627ef255b3461e5428c2a6,1
3c332c78cd1032a39727291af7ad2932,1
fb7707ed64cb62f7c280d9e384f03c07,1
3c3a35d265e632d286b29a51496858a7,1
fb78b116998a9911245664c7823e1a95,1
3c3d244942b424b931c33f1ddc122b80,1
fb7b0b000e62f37b2d53546b843201b8,1
fb8ec7f3124032e812713f60633e6167,1
3c44881c6f1115b3a16f8281bb2a83ff,1
3c5b21c421b047cc64c31c3a2517b1de,1
fba0d8ee4c9aa479a86833c83892e589,1
3c5b70965b3d63c66a18dd46881a58c9,1
fbb280a5758e5cb3b4f72e652794103d,1
3c61c2007c26ec50365d6c385e088ca1,1
3c62f48140fdc7650a63b182fe3b9e4d,1
fbbccb1d65066d96ce4cc9edef2f5a0a,1
3c7426b4df1386b6b355a5fa6bf85873,1
fbc4b7ed41d3f3152bbe55826d9fec73,1
3c85232d9c97c6784684288a275f48e0,1
fbd4031ddbc3d02b95834b62769d3ad0,1
fbd925d80d07790dc9f61463efb3c64c,1
fbe6d5795a52b760e25a4e9677a2e217,1
fbecfbe44e34c5291e5499870cd5db2e,1
3c949889a3c11ae9d33a721d9efa6e7d,1
3c95f0e78d88cdfb8af7f72dd586a4a0,1
fc2351bcf24c714e5d21b44ad41198b7,1
fc276546b539ea9ad62827c2a5e2ae42,1
3caecc43ae4ff35c714a4e9a92964402,1
fc2d2cbc50b7d69ce961df503cb25e6b,1
fc35f167625d74f06ad5e5e643172cb9,1
3cb0ece3f5f0b8121a53635c9f783aa5,1
fc3e972df7e263b301e2bee77ac2a6d3,1
3cb3bb626c59ddde2c270b33131b356e,1
3cc4b421c1f28dd22e86fc4aaafb600e,1
3cdff94d5455b793b415be775cace03c,1
fc6b299cf83fa76632dd1b0a2c611f33,1
fc6c38ee7759b0a92503910745aa9ef0,1
3cebb9158a3aa0b3f78ee0f934c9f032,1
fc83db05de6120d00e02ea0fe6f916af,1
fc84057c7ba16fe04a3c66cf104e02a6,1
3d103df80d5d22d709244fe27bc29a8d,1
fc93dd7f733b2e9ed94453e40e4fa677,1
fc9af7b3544da8645e6c3148a22026e2,1
fca2e81c23d935ea664ac286eb86ccf5,1
3d13b6c4a341d28974fbf776957250b0,1
fcaab5d7f656094e49fbe4ee3a506658,1
3d16ff6bb87ceb3db735862f069c3caf,1
3d22445510fe5a03299a8d2a5da7abf4,1
3d2c44374ee42b3003a470f3e937a2ea,1
3d3024d7a67ec33c1e3e6e4fcebf80f9,1
fcde1899043318107d8f0ae043f69bc3,1
fcdebbb6946ae0ff528fe189ad53de46,1
fcf19b6b1ff4a17bcd6ca9675b58aa6f,1
3d332427ec9de8802951c8fdd9b69029,1
fcf311603fa276d415c006188e7bd070,1
fcf39794919367e915d2656291f99564,1
fcf41b0fb1a95c8f66330d698d55a532,1
3d36f403ac27db5c5b8faa68836e3d1f,1
fcf50ee5ad1f1a48671052487d2b0bff,1
3d3c4219b64b1a968490e7bdfa43bf1f,1
fcffe8b68efdfe24c139e44753dc505e,1
3d3cecc4a794792dd7331c57580747a1,1
fd0f7402731790468090d7895cf61c0f,1
fd1976772549ed5b4aed965293122ac8,1
fd1abebad3478dd37080b399656dbb7d,1
fd220f6fd5a3f13ef9db07428f9c935d,1
fd37eb547d2c63b60bcefd68951ee54d,1
fd40f3ef9c7fb9c550619a88af47a5de,1
fd471a043ee8b8dd27f4086495e0724c,1
3d4609bbecb3db49babe621f46b1b8fb,1
fd9222f5293048868b832e5179fa3ec5,1
fda36cbf21cf89adaae228f08c1e4121,1
3d51bd82dd04d1e24d229bc4364dcbad,1
fdb0400657b935e026dc0521ba81c3d2,1
fdb30642264bf639de6968a1b8d72c63,1
3d59253b36345baaf95246491607ab6e,1
fdcd8c17805ad801a924cf11272a2834,1
fdd6cd13962a20732851bc7cefd37549,1
fdd7bd74464daed1af6c0b21d9c654d4,1
fdd84aefb08c8f8225e0b8c97429d53b,1
3d63afec955956d47d796237f6725cde,1
fde84a599b4b96ce7eef9109caece04b,1
3d696187f8d3543290f64ba2f7b5db9b,1
3d6ef61d81f0c2a0957ea6bb00ecfdb6,1
fe09eb5f7bfcb79d05df7c4e83ec204e,1
3d92b609f553af0ae89982e4fae15b1f,1
fe1cef1f560c521e9ed426383ed58ac2,1
fe34a95208c5b3b69d91552aecf1bd71,1
fe4afcfae208147e0189eaa4c3f5fb8d,1
fe4dece0c663ba4f1f9f2d04d3b93a97,1
3d97f0e9cc1e412e5d125b3d24af8707,1
3d9a059cad84dedd0c4cdec92570bf52,1
3da6f3c6c1ac8c36ff45b1a493a44e82,1
fe644da1135fedca6aa0bf794fab71be,1
3dac223b855944e271f439d6bc318bce,1
3daf57226c18abcc95e0172756fc82d8,1
fe705ffbaa3804c5562b8b1046157a6c,1
3db10af4436918fa150bb41ae578d812,1
fe849745fcdc6e1d6864539a2b13197f,1
3dba03040674bea93fb80023b8f72c95,1
3dc485b15eb3f5a61fab4f5ed17cc24d,1
3dcb77af8b9587985d046b195e105475,1
3dd519e4024a114cdf2825caa88c6091,1
3ddc568a05383c2f24b4d47d1b41f819,1
feb593f17c2f51af2932dbba3e99f1cb,1
fec2d939a171210847d8f2d102f0dba5,1
3e0bf199429e16f10824e5fc7dd33213,1
3e0da944edda889e1287894ad28d9ed0,1
fed5c40c27e1c88560a9e92d82ee0825,1
3e0ef3ff4fc511b36e717b18a3d080df,1
fee0732d760a52d0047533f53a110037,1
fef7934cc233ee5b1dc13094d98a1465,1
ff0303657c756073d669ed516070eb3e,1
ff0c8d7cbe636d47cf905e12dfee9927,1
ff26009ac6b838dc6cffa2d589cdbefb,1
ff285e6c96040323d3763dd184924018,1
3e2ab11261c392c92d33ea7f9fb8de3a,1
3e315c0ee386121f7723905ea2c2f76e,1
3e34352aa9c04170d941a9a8c6a895bb,1
3e37c91440010c93d96718a9e6a33b8d,1
ff415a8a6bfbaf8244f4ee0c7c30d905,1
ff4580bbb95dbae914ec0a9b76b0a5c4,1
ff4c1a248a5110d784de5c67a9106d67,1
ff55834c0b3272853dfe62340f2bb91b,1
ff5ecb2f7628793844e861076ab8e467,1
ff5f8606556b625613f069a5a9a48966,1
0009406fd7479715e4bef61dd91f2462,1
3e6c4215625c463bdeb0cba3ec9ceb01,1
00210e41887c2a8ef9f791ebc780cc36,1
3e78cdf699d65e94e6a716be72fb4472,1
00250175f79f584c14ab5cecd80553cd,1
002d4ea7c04739c130bb74d7e7cd1694,1
0043c62d00db47eff6a6bc4cf6bfaeda,1
0043d1a25ef08fb6f41b8fa6f91742ab,1
004636c889c7c3dad6631f136b7fa082,1
005030ef108f58b46b78116f754d8d38,1
0060b415594c5e1200324ef1a18493c4,1
00878d953636afec00d3e85d55a12e7f,1
008cff0e5792219fae03e570f980b330,1
00917855135d67fb060dcd81863166a4,1
009af1277432f1a05742df69cdf72d1e,1
00a985c524adbb97a4211e4ce17aabec,1
ff6154cee42bf2718cca4865f0620e04,1
ff62353dc0792586fbf5eefd8dc7d4f2,1
3e7ec3672e5549ba74cf635752bfc70b,1
3e80acb0c96aaa71dfc8a128d3ba1eff,1
3e878bb44e2c5b7fc755e304cc8236a4,1
3e8a0f0a4389aa563b110eab167d99d4,1
3e8f52cbce268fc54677be617e399ba2,1
3e9d1d635c7325575515ee564ea54556,1
ff817f0901191fbe02933928daa95e6e,1
3ea7e516d573a0445abc7cab48949be0,1
3ea9fe739cd6a9bd2be0ba05c290498a,1
3eb3d01a76a4cbaff641de8a47e4ebec,1
ff92322b0148cca0038e11e0d34f6f62,1
3eb48f70bd1ffaba382679c71ad7040f,1
ff9dfd2acec3dff6be51b4d28bed8768,1
ffa1ce7f2a287ca5e369673bd77d43de,1
